date,channel,hour,text,category
07/08/2023,novinach,20,"–í—ñ–¥ –ø–æ–≤—Ç–æ—Ä–Ω–æ–≥–æ —Ä–∞–∫–µ—Ç–Ω–æ–≥–æ —É–¥–∞—Ä—É —Ä–æ—Å—ñ—è–Ω –ø–æ –ü–æ–∫—Ä–æ–≤—Å—å–∫—É [–∑–∞–≥–∏–Ω—É–≤](https://t.me/V_Zelenskiy_official/7296) –∑–∞—Å—Ç—É–ø–Ω–∏–∫ –Ω–∞—á–∞–ª—å–Ω–∏–∫–∞ –ì–£ –î–°–ù–° —É –î–æ–Ω–µ—Ü—å–∫—ñ–π –æ–±–ª–∞—Å—Ç—ñ –ø–æ–ª–∫–æ–≤–Ω–∏–∫ –ê–Ω–¥—Ä—ñ–π –û–º–µ–ª—å—á–µ–Ω–∫–æ.

–ü—Ä–æ —Ü–µ –ø–æ–≤—ñ–¥–æ–º–∏–≤ –ó–µ–ª–µ–Ω—Å—å–∫–∏–π",Shelling
07/08/2023,novinach,20,"–í –û–¥–µ—Å—ñ [–≤—ñ–¥–∫—Ä–∏—é—Ç—å](https://t.me/odeskaODA/2285) –º–æ—Ä–µ –¥–æ –æ–∫—Å–∞–º–∏—Ç–æ–≤–æ–≥–æ —Å–µ–∑–æ–Ω—É.

–ì–æ–ª–æ–≤–∞ –û–¥–µ—Å—å–∫–æ—ó –û–í–ê —Ä–æ–∑–ø–æ—Ä—è–¥–∏–≤—Å—è –ø—ñ–¥–≥–æ—Ç—É–≤–∞—Ç–∏ –ø–ª—è–∂—ñ –¥–æ 10 —Å–µ—Ä–ø–Ω—è",Shelling
07/08/2023,novinach,19,"–ì–æ–ª–æ–≤–Ω–µ —Å—Ç–∞–Ω–æ–º –Ω–∞ –∑–∞—Ä–∞–∑: 

‚Ä¢ –ü—Ä–æ–∫—É—Ä–∞—Ç—É—Ä–∞ [–ø–µ—Ä–µ–≤—ñ—Ä—è—î](https://www.facebook.com/vppru/posts/pfbid09AjVrAZuLeVp6P3aa8WDjUTomYrX72g9nGUmWKjyFWAtRT363RHfscBVZh6Gf7Ssl) —Ñ–∞–∫—Ç –º–æ–±—ñ–ª—ñ–∑–∞—Ü—ñ—ó —á–æ–ª–æ–≤—ñ–∫–∞ –∑ –≤–∞–¥–∞–º–∏ –∑–¥–æ—Ä–æ–≤'—è, —è–∫–∏–π –ø–æ–º–µ—Ä –ø—ñ—Å–ª—è –ø—Ä–∏–±—É—Ç—Ç—è –¥–æ –≤—ñ–π—Å—å–∫–æ–≤–æ—ó —á–∞—Å—Ç–∏–Ω–∏ –Ω–∞ –ú–∏–∫–æ–ª–∞—ó–≤—â–∏–Ω—ñ;

‚Ä¢ –ú—ñ–∂–Ω–∞—Ä–æ–¥–Ω—ñ —Ä–µ–∑–µ—Ä–≤–∏ –£–∫—Ä–∞—ó–Ω–∏ [—Å—è–≥–Ω—É–ª–∏](https://bank.gov.ua/ua/news/all/mijnarodni-rezervi-perevischili-417-mlrd-dol-ssha-za-pidsumkami-lipnya-onovivshi-istorichniy-rekord-nezalejnoyi-ukrayini) —Ä–µ–∫–æ—Ä–¥–Ω–∏—Ö $41,7 –º—ñ–ª—å—è—Ä–¥–∞;

‚Ä¢ –í –û–ü [—Å–ø—Ä–æ—Å—Ç—É–≤–∞–ª–∏](https://www.ukrinform.ua/rubric-polytics/3745567-u-dziddi-ukraina-ne-dopuskala-kompromisu-sodo-vivedenna-rosijskih-vijsk-op.html) –ø–æ–≤—ñ–¥–æ–º–ª–µ–Ω–Ω—è –¥–µ—è–∫–∏—Ö –ó–ú–Ü –ø—Ä–æ –∫–æ–º–ø—Ä–æ–º—ñ—Å –Ω–∞ —Å–∞–º—ñ—Ç—ñ –≤ –î–∂–∏–¥–¥—ñ —â–æ–¥–æ –ø–µ—Ä–µ–±—É–≤–∞–Ω–Ω—è —Ä–æ—Å—ñ–π—Å—å–∫–∏—Ö –≤—ñ–π—Å—å–∫ –≤ –£–∫—Ä–∞—ó–Ω—ñ;

‚Ä¢ –ö–∞—Ç–∞—Ä —Ç–∞ –£–∫—Ä–∞—ó–Ω–∞ [—Å–ø—ñ–≤–ø—Ä–∞—Ü—é–≤–∞—Ç–∏–º—É—Ç—å](https://www.ukrinform.ua/rubric-society/3745535-katar-i-ukraina-spivpracuvatimut-v-galuzi-zahistu-prav-ludini.html) –≤ –≥–∞–ª—É–∑—ñ –∑–∞—Ö–∏—Å—Ç—É –ø—Ä–∞–≤ –ª—é–¥–∏–Ω–∏;

‚Ä¢ –£–∫—Ä–∞—ó–Ω–∞ [–≥–æ—Ç–æ–≤–∞](https://www.facebook.com/1090077030/posts/pfbid027s3sXjH2PVRQhWFnwenhrMiLCY1MiHEY186EJVmQ64wSoc1Va5djWEZKfXKLKSmtl/) –Ω–∞–¥–∞—Ç–∏ –°–ª–æ–≤–µ–Ω—ñ—ó –≥—É–º–∞–Ω—ñ—Ç–∞—Ä–Ω—É –¥–æ–ø–æ–º–æ–≥—É —ñ–∑ –≥–µ–ª—ñ–∫–æ–ø—Ç–µ—Ä–æ–º –¥–ª—è –ø–æ–¥–æ–ª–∞–Ω–Ω—è –Ω–∞—Å–ª—ñ–¥–∫—ñ–≤ –º–∞—Å—à—Ç–∞–±–Ω–∏—Ö –ø–æ–≤–µ–Ω–µ–π",Political
07/08/2023,novinach,18,–ö—ñ–ª—å–∫—ñ—Å—Ç—å –ø–æ—Ä–∞–Ω–µ–Ω–∏—Ö —É –ü–æ–∫—Ä–æ–≤—Å—å–∫—É [–∑—Ä–æ—Å–ª–∞](https://t.me/Klymenko_MVS/161) –¥–æ 31 –æ—Å–æ–±–∏ ‚Äî –ú–í–°,Political
07/08/2023,novinach,18,"–ö—ñ–ª—å–∫—ñ—Å—Ç—å –∑–∞–≥–∏–±–ª–∏—Ö —É –ü–æ–∫—Ä–æ–≤—Å—å–∫—É –∑—Ä–æ—Å–ª–∞ –¥–æ 5 –ª—é–¥–µ–π ‚Äî –û–ü.

–°—Ç–∞–Ω–æ–º –Ω–∞ –∑–∞—Ä–∞–∑ –≤—ñ–¥–æ–º–æ –ø—Ä–æ 18 –ø–æ—Ä–∞–Ω–µ–Ω–∏—Ö",Humanitarian
07/08/2023,novinach,18,"–°–®–ê [—Å—Ö–≤–∞–ª–∏–ª–∏](https://edition.cnn.com/europe/live-news/russia-ukraine-war-news-08-07-23/index.html) –≤—ñ–¥–ø—Ä–∞–≤–∫—É –ø–µ—Ä—à–æ—ó –ø–∞—Ä—Ç—ñ—ó —Ç–∞–Ω–∫—ñ–≤ Abrams –≤ –£–∫—Ä–∞—ó–Ω—É, –≤–æ–Ω–∏ –ø—Ä–∏–±—É–¥—É—Ç—å –Ω–∞ –ø–æ—á–∞—Ç–∫—É –æ—Å–µ–Ω—ñ.

""–í–æ–Ω–∏ –º–∞—é—Ç—å –ø–æ—Ç—Ä–∞–ø–∏—Ç–∏ –¥–æ –Ñ–≤—Ä–æ–ø–∏, –∞ –ø–æ—Ç—ñ–º –¥–æ –£–∫—Ä–∞—ó–Ω–∏, —Ä–∞–∑–æ–º –∑ —É—Å—ñ–º, —â–æ –¥–æ –Ω–∏—Ö –¥–æ–¥–∞—î—Ç—å—Å—è. –ë–æ—î–ø—Ä–∏–ø–∞—Å–∏, –∑–∞–ø—á–∞—Å—Ç–∏–Ω–∏, –ø–∞–ª–∏–≤–Ω–µ –æ–±–ª–∞–¥–Ω–∞–Ω–Ω—è, —Ä–µ–º–æ–Ω—Ç–Ω—ñ –∑–∞—Å–æ–±–∏"", ‚Äî  –∑–∞—è–≤–∏–≤ –Ω–∞—á–∞–ª—å–Ω–∏–∫ –≤—ñ–¥–¥—ñ–ª—É –∑–∞–∫—É–ø—ñ–≤–µ–ª—å –∞—Ä–º—ñ—ó –°–®–ê",Political
07/08/2023,novinach,17,—Ä—Ñ ‚Äî –∫—Ä–∞—ó–Ω–∞-–≥–Ω—ñ–π,Political
07/08/2023,novinach,17,"–°—Ç–∞–Ω–æ–º –Ω–∞ –∑–∞—Ä–∞–∑ –≤—ñ–¥–æ–º–æ –ø—Ä–æ –¥–≤–æ—Ö –∑–∞–≥–∏–±–ª–∏—Ö —É –ü–æ–∫—Ä–æ–≤—Å—å–∫—É, [–ø–æ–≤—ñ–¥–æ–º–ª—è—î](https://t.me/ermaka2022/3391) –û–ü.

–ü–æ—Ä–∞–Ω–µ–Ω–æ 7 –ª—é–¥–µ–π, —á–æ—Ç–∏—Ä—å–æ—Ö –∑–∞–±—Ä–∞–ª–∞ —à–≤–∏–¥–∫–∞",Humanitarian
07/08/2023,novinach,17,–ù–∞ –ó–∞–ø–æ—Ä—ñ–∂–∂—ñ –ø–æ–±–ª–∏–∑—É –†–æ–±–æ—Ç–∏–Ω–æ–≥–æ –±—ñ–π—Ü—ñ 47-—ó –º–µ—Ö–∞–Ω—ñ–∑–æ–≤–∞–Ω–æ—ó –±—Ä–∏–≥–∞–¥–∏ [–∑–Ω–∏—â–∏–ª–∏](https://t.me/otarnavskiy/190) –∑ –ü–ó–†–ö —Ä–æ—Å—ñ–π—Å—å–∫–∏–π –≥–≤–∏–Ω—Ç–æ–∫—Ä–∏–ª –ö–∞-52,Political
07/08/2023,novinach,17,"—Ä–æ—Å—ñ—è–Ω–∏ –Ω–∞–Ω–µ—Å–ª–∏ 2 —Ä–∞–∫–µ—Ç–Ω—ñ —É–¥–∞—Ä–∏ –ø–æ –ü–æ–∫—Ä–æ–≤—Å—å–∫—É (–î–æ–Ω–µ—Ü—å–∫–∞ –æ–±–ª–∞—Å—Ç—å), –≤–ª—É—á–∏–≤—à–∏ –ø–æ –∂–∏—Ç–ª–æ–≤–æ–º—É –±—É–¥–∏–Ω–∫—É.

–Ñ –∂–µ—Ä—Ç–≤–∏, –ø–æ–≤—ñ–¥–æ–º–ª—è—î –ó–µ–ª–µ–Ω—Å—å–∫–∏–π",Shelling
07/08/2023,novinach,16,"–ü—ñ–≤–Ω—ñ—á–Ω–æ–∫–æ—Ä–µ–π—Å—å–∫—ñ —Ö–∞–∫–µ—Ä–∏ [–∑–ª–∞–º—É–≤–∞–ª–∏](https://www.reuters.com/technology/north-korean-hackers-breached-top-russian-missile-maker-2023-08-07/) –∫–æ–º–ø'—é—Ç–µ—Ä–Ω—ñ –º–µ—Ä–µ–∂—ñ —Ä–æ—Å—ñ–π—Å—å–∫–æ–≥–æ —Ä–æ–∑—Ä–æ–±–Ω–∏–∫–∞ –±–∞–ª—ñ—Å—Ç–∏—á–Ω–∏—Ö —Ç–∞ –∫—Ä–∏–ª–∞—Ç–∏—Ö —Ä–∞–∫–µ—Ç ""–ù–í–û –º–∞—à–∏–Ω–æ–±—É–¥—É–≤–∞–Ω–Ω—è"" ‚Äî Reuters.

–ß–∏ –æ—Ç—Ä–∏–º–∞–ª–∏ –≤–æ–Ω–∏ —è–∫—ñ—Å—å –¥–∞–Ω—ñ –ø—ñ–¥ —á–∞—Å –≤—Ç–æ—Ä–≥–Ω–µ–Ω–Ω—è ‚Äî –Ω–µ–≤—ñ–¥–æ–º–æ, –∞–ª–µ –ø—ñ—Å–ª—è —Ü—å–æ–≥–æ –ü—Ö–µ–Ω—å—è–Ω –æ–≥–æ–ª–æ—à—É–≤–∞–≤ –ø—Ä–æ –∫—ñ–ª—å–∫–∞ —Ä–æ–∑—Ä–æ–±–æ–∫ —É —Å–≤–æ—ó–π –ø—Ä–æ–≥—Ä–∞–º—ñ –±–∞–ª—ñ—Å—Ç–∏—á–Ω–∏—Ö —Ä–∞–∫–µ—Ç",Political
07/08/2023,novinach,15,–ù–∞ –í—ñ–Ω–Ω–∏—á—á–∏–Ω—ñ –º–∏—Ç—Ä–æ–ø–æ–ª–∏—Ç–∞ –£–ü–¶ (–ú–ü) [–∑–∞—Å—É–¥–∏–ª–∏](https://suspilne.media/545895-vinnickij-miskij-sud-vinis-virok-mitropolitu-tulcinskomu-ta-braclavskomu-upc-mp-ionafanu/) –Ω–∞ 5 —Ä–æ–∫—ñ–≤ –∑ –∫–æ–Ω—Ñ—ñ—Å–∫–∞—Ü—ñ—î—é –º–∞–π–Ω–∞ –∑–∞ –≤–∏–ø—Ä–∞–≤–¥–æ–≤—É–≤–∞–Ω–Ω—è —Ä–æ—Å—ñ–π—Å—å–∫–æ—ó –∞–≥—Ä–µ—Å—ñ—ó,Political
07/08/2023,novinach,14,–ê –≤–∏ –Ω–µ –≤—ñ—Ä–∏–ª–∏?,Political
07/08/2023,novinach,14,"–ø–∞—à—É –º–µ—Ä—Å–µ–¥–µ—Å–∞ –∑–≤—ñ–ª—å–Ω–∏–ª–∏ –∑-–ø—ñ–¥ –≤–∞—Ä—Ç–∏ ‚Äî –ó–ú–Ü.

–ó–∞ –Ω—å–æ–≥–æ –≤–Ω–µ—Å–ª–∏ 33 –º—ñ–ª—å–π–æ–Ω–∏ –≥—Ä–∏–≤–µ–Ω—å –∑–∞—Å—Ç–∞–≤–∏",Political
07/08/2023,novinach,14,"UPD. –ü—Ä–∏—á–∏–Ω–æ—é –≤–∏–±—É—Ö—É [–º–æ–≥–ª–æ —Å—Ç–∞—Ç–∏](https://twitter.com/trthabercanli/status/1688532979281178624?s=46&t=l-3oXRPqO9H5lbXu3rKUYw) ""—Å—Ç–∏—Å–Ω–µ–Ω–Ω—è (–∞–±–æ —Å–∫—É–ø—á–µ–Ω–Ω—è) –ø—à–µ–Ω–∏—á–Ω–æ–≥–æ –ø–æ—Ä–æ—à–∫—É (–ø–∏–ª—É)"".

–ô–º–æ–≤—ñ—Ä–Ω–æ, –º–∏–Ω—É–ª–∞ —ñ–Ω—Ñ–æ—Ä–º–∞—Ü—ñ—è ‚Äî –Ω–µ–ø—Ä–∞–≤–∏–ª—å–Ω–∏–π –ø–µ—Ä–µ–∫–ª–∞–¥",Political
07/08/2023,novinach,13,"–í–∏–±—É—Ö —É —Ç—É—Ä–µ—Ü—å–∫–æ–º—É –ø–æ—Ä—Ç—É [–ø—Ä–æ–ª—É–Ω–∞–≤](https://suspilne.media/545795-na-elevatori-u-tureckomu-portu-progrimiv-potuznij-vibuh/) —á–µ—Ä–µ–∑ –¥–µ—Ç–æ–Ω–∞—Ü—ñ—é ""—â—ñ–ª—å–Ω–æ—ó –ø–∏–ª–æ–≤–æ—ó —Ö–º–∞—Ä–∏"" –ø—ñ–¥ —á–∞—Å —Ä–æ–∑–≤–∞–Ω—Ç–∞–∂–µ–Ω–Ω—è –∑–µ—Ä–Ω–∞ ‚Äî CNN Turk",Shelling
07/08/2023,novinach,13,"–ì–æ–ª–æ–≤–Ω–µ —Å—Ç–∞–Ω–æ–º –Ω–∞ –∑–∞—Ä–∞–∑: 

‚Ä¢ –ó–ú–Ü: –ù—ñ–º–µ—á—á–∏–Ω–∞ [–≤—ñ–¥–º–æ–≤–ª—è—î—Ç—å—Å—è](https://www.eurointegration.com.ua/news/2023/08/7/7167126/) –ø–µ—Ä–µ–¥–∞–≤–∞—Ç–∏ –£–∫—Ä–∞—ó–Ω—ñ –¥–∞–ª–µ–∫–æ–±—ñ–π–Ω—ñ —Ä–∞–∫–µ—Ç–∏ Taurus —á–µ—Ä–µ–∑ –ø–æ–±–æ—é–≤–∞–Ω–Ω—è —É–¥–∞—Ä—ñ–≤ –ø–æ —Ä—Ñ; 

‚Ä¢ –û–∫—É–ø–∞–Ω—Ç–∏ [–æ–±—Å—Ç—Ä—ñ–ª—è–ª–∏](https://t.me/ermaka2022/3381) –±—É–¥–∏–Ω–æ–∫ —É —Å–µ–ª—ñ –ö—É—á–µ—Ä—ñ–≤–∫–∞ –Ω–∞ –•–∞—Ä–∫—ñ–≤—â–∏–Ω—ñ, –Ω–∞—Ä–∞–∑—ñ –≤—ñ–¥–æ–º–æ –ø—Ä–æ –¥–≤–æ—Ö –∑–∞–≥–∏–±–ª–∏—Ö —Ç–∞ —Ç—Ä—å–æ—Ö –ø–æ—Ä–∞–Ω–µ–Ω–∏—Ö; 

‚Ä¢ –í—ñ–¥ –ø–æ—á–∞—Ç–∫—É –ø–æ–≤–Ω–æ–º–∞—Å—à—Ç–±–∞–Ω–æ–≥–æ –≤—Ç–æ—Ä–≥–Ω–µ–Ω–Ω—è –£–∫—Ä–∞—ó–Ω–∞ [–≤–∏–∑–≤–æ–ª–∏–ª–∞](https://t.me/dmytro_lubinetzs/3278) –∑ –ø–æ–ª–æ–Ω—É 2 598 –±—ñ–π—Ü—ñ–≤; 

‚Ä¢ –ó–∞ —á–∞—Å –ø–æ–≤–Ω–æ–º–∞—Å—à—Ç–∞–±–Ω–æ—ó –≤—ñ–π–Ω–∏ –°–®–ê [–≤–∏–¥—ñ–ª–∏–ª–∏](https://www.radiosvoboda.org/a/news-ssha-dopomoha-ukrajini-ponad-66-mlrd-dol/32537422.html) –£–∫—Ä–∞—ó–Ω—ñ –ø–æ–Ω–∞–¥ $66 –º–ª—Ä–¥ –∑–∞–≥–∞–ª—å–Ω–æ—ó –¥–æ–ø–æ–º–æ–≥–∏

‚Ä¢ –ú–∞—Ä–∫ –¶—É–∫–µ—Ä–±–µ—Ä–≥ [–∑–∞–ø—Ä–æ–ø–æ–Ω—É–≤–∞–≤](https://www.theverge.com/2023/8/6/23822230/mark-zuckerberg-elon-musk-cage-match-august-26-meta-twitter-x) –Ü–ª–æ–Ω—É –ú–∞—Å–∫—É –±–∏—Ç–∏—Å—è –≤ –∫–ª—ñ—Ç—Ü—ñ 26 —Å–µ—Ä–ø–Ω—è",Political
07/08/2023,novinach,13,–î–æ –∫—ñ–Ω—Ü—è —Ä–æ–∫—É –£–∫—Ä–∞—ó–Ω–∞ –ø–æ—á–Ω–µ –≤–∏—Ä–æ–±–ª—è—Ç–∏ 155-–º–º –±–æ—î–ø—Ä–∏–ø–∞—Å–∏ —Å—Ç–∞–Ω–¥–∞—Ä—Ç—É –ù–ê–¢–û ‚Äî [–ø–æ–≤—ñ–¥–æ–º–∏–≤](https://babel.ua/news/97082-ukrajina-viroblyatime-155-mm-boyepripasi-standartu-nato) –ö–∞–º–∏—à—ñ–Ω,Political
07/08/2023,novinach,12,–£ –¢—É—Ä–µ—á—á–∏–Ω—ñ –≤–Ω–∞—Å–ª—ñ–¥–æ–∫ –≤–∏–±—É—Ö—É –≤ –ø–æ—Ä—Ç—É –î–µ—Ä—ñ–Ω–¥–∂–µ —â–æ–Ω–∞–π–º–µ–Ω—à–µ 10 –ø–æ—Å—Ç—Ä–∞–∂–¥–∞–ª–∏—Ö. –ü—Ä–∏—á–∏–Ω–∞ –≤–∏–±—É—Ö—É –ø–æ–∫–∏ –Ω–µ–≤—ñ–¥–æ–º–∞,Political
07/08/2023,novinach,12,–£ —Ç—É—Ä–µ—Ü—å–∫–æ–º—É –ø–æ—Ä—Ç—É [–ø—Ä–æ–ª—É–Ω–∞–≤](https://www.cnnturk.com/video/turkiye/son-dakika-kocaelinin-derince-ilcesinde-patlama) –ø–æ—Ç—É–∂–Ω–∏–π –≤–∏–±—É—Ö –ø—ñ–¥ —á–∞—Å –∑–∞–≤–∞–Ω—Ç–∞–∂–µ–Ω–Ω—è –∑–µ—Ä–Ω–∞ ‚Äî CNN Turk,Shelling
07/08/2023,novinach,12,–¢—É–¥–∞ —ñ—Ö,Political
07/08/2023,novinach,11,"–ó–∞–∫–∞—Ä–ø–∞—Ç—Å—å–∫–æ–≥–æ –≤—ñ–π—Å—å–∫–∫–æ–º–∞, —è–∫–∏–π [–∑–º—É—à—É–≤–∞–≤](https://suspilne.media/545499-arest-ta-pravo-vnesenna-zastavi-u-805-tisac-vijskkomu-z-zakarpatta-obrali-zapobiznij-zahid/) —Å–æ–ª–¥–∞—Ç –±—É–¥—É–≤–∞—Ç–∏ –º–∞—î—Ç–æ–∫, –≤–∑—è–ª–∏ –ø—ñ–¥ –≤–∞—Ä—Ç—É —ñ–∑ –º–æ–∂–ª–∏–≤—ñ—Å—Ç—é –∑–∞—Å—Ç–∞–≤–∏ 805 000 –≥—Ä–Ω",Political
07/08/2023,novinach,11,–•—Ç–æ —Ç–∞–∫–∏–π —Å–º–º–Ω–∏–∫ –Ñ—Ä–º–∞–∫–∞? üò≤,Political
07/08/2023,novinach,11,"–£ –õ–∞—Ç–≤—ñ—ó [–∑–∞—è–≤–∏–ª–∏](https://www.rs.gov.lv/lv/jaunums/karteja-provokacija-uz-latvijas-baltkrievijas-valsts-robezas), —â–æ –±—ñ–ª–æ—Ä—É—Å—å–∫—ñ –ø—Ä–∏–∫–æ—Ä–¥–æ–Ω–Ω–∏–∫–∏ —Ä–æ–±–ª—è—Ç—å –¥—ñ—Ä–∫–∏ –≤ –ø–∞—Ä–∫–∞–Ω—ñ, —â–æ–± –¥–æ–ø–æ–º–∞–≥–∞—Ç–∏ –Ω–µ–ª–µ–≥–∞–ª—å–Ω–∏–º –º—ñ–≥—Ä–∞–Ω—Ç–∞–º –ø–æ—Ç—Ä–∞–ø–ª—è—Ç–∏ –Ω–∞ –ª–∞—Ç–≤—ñ–π—Å—å–∫—É —Ç–µ—Ä–∏—Ç–æ—Ä—ñ—é",Political
07/08/2023,novinach,10,"–§—ñ–ª—å–º ""–ë–∞—Ä–±—ñ"" [–∑—ñ–±—Ä–∞–≤](https://variety.com/2023/film/news/barbie-billion-dollar-box-office-1235683570/) –ø–æ–Ω–∞–¥ –º—ñ–ª—å—è—Ä–¥ –¥–æ–ª–∞—Ä—ñ–≤ –∑–∞ 17 –¥–Ω—ñ–≤ –ø—Ä–æ–∫–∞—Ç—É ‚Äî –Ω–∞–π—à–≤–∏–¥—à–µ —Å–µ—Ä–µ–¥ —É—Å—ñ—Ö –ø—Ä–æ—î–∫—Ç—ñ–≤ Warner Bros. 

–†–∞–Ω—ñ—à–µ —Ä–µ–∫–æ—Ä–¥ –Ω–∞–ª–µ–∂–∞–≤ –æ—Å—Ç–∞–Ω–Ω—ñ–π —á–∞—Å—Ç–∏–Ω—ñ –ì–∞—Ä—Ä—ñ –ü–æ—Ç—Ç–µ—Ä–∞",Political
07/08/2023,novinach,10,–•—Ä—é-—Ö—Ä—é,Political
07/08/2023,novinach,8,–í—ñ–¥–±—É–≤—Å—è —á–µ—Ä–≥–æ–≤–∏–π –æ–±–º—ñ–Ω –ø–æ–ª–æ–Ω–µ–Ω–∏–º–∏ ‚Äî –£–∫—Ä–∞—ó–Ω–∞ –ø–æ–≤–µ—Ä–Ω—É–ª–∞ –¥–æ–¥–æ–º—É 22 –±—ñ–π—Ü—ñ–≤,Political
07/08/2023,novinach,7,"–°–ë–£ [–∑–∞—Ç—Ä–∏–º–∞–ª–∞](https://t.me/SBUkr/9194?single) –∫–æ—Ä–µ–≥—É–≤–∞–ª—å–Ω–∏—Ü—é, —è–∫–∞ –∑–±–∏—Ä–∞–ª–∞ —Ä–æ–∑–≤—ñ–¥–¥–∞–Ω—ñ –ø—Ä–æ –≤—ñ–∑–∏—Ç –ó–µ–ª–µ–Ω—Å—å–∫–æ–≥–æ –Ω–∞ –ú–∏–∫–æ–ª–∞—ó–≤—â–∏–Ω—É. 

–Ü–Ω—Ñ–æ—Ä–º–∞—Ü—ñ—é –º–∞–ª–∏ –≤–∏–∫–æ—Ä–∏—Å—Ç–∞—Ç–∏ –¥–ª—è –∑–¥—ñ–π—Å–Ω–µ–Ω–Ω—è –ø–æ–≤—ñ—Ç—Ä—è–Ω–æ–≥–æ —É–¥–∞—Ä—É",Shelling
07/08/2023,novinach,7,"–ì–£–† [–ø–æ–≤—ñ–¥–æ–º–ª—è—î](https://t.me/DIUkraine/2659) –ø—Ä–æ —É—Å–ø—ñ—à–Ω—ñ –æ–ø–µ—Ä–∞—Ü—ñ—ó –Ω–∞ –ª—ñ–≤–æ–±–µ—Ä–µ–∂–∂—ñ –•–µ—Ä—Å–æ–Ω—â–∏–Ω–∏ —Ç–∞ –ø—Ä–æ—Å—É–≤–∞–Ω–Ω—è –≤–≥–ª–∏–± –æ–∫—É–ø–æ–≤–∞–Ω–∏—Ö —Ç–µ—Ä–∏—Ç–æ—Ä—ñ–π. 

–°–ø–µ—Ü–ø—Ä–∏–∑–Ω–∞—á–µ–Ω—Ü—ñ –±–∞—Ç–∞–ª—å–π–æ–Ω—É ""–®–∞–º–∞–Ω"" –∑–Ω–∏—â–∏–ª–∏ –æ–¥–∏–Ω –∑ –ø—ñ–¥—Ä–æ–∑–¥—ñ–ª—ñ–≤ —Ä–∞–∫–µ—Ç–Ω–∏—Ö –≤—ñ–π—Å—å–∫ —Ä—Ñ",Political
07/08/2023,novinach,5,250 —Ç–∏—Å—è—á –æ–∫—É–ø–∞–Ω—Ç—ñ–≤ –æ—Ç—Ä–∏–º–∞–ª–∏ 250 —Ç–æ–Ω —Ç—Ä–æ—Ç–∏–ª—É,Political
07/08/2023,novinach,5,"–£–Ω–æ—á—ñ —Ä–æ—Å—ñ—è –æ–±—Å—Ç—Ä—ñ–ª—è–ª–∞ –∂–∏—Ç–ª–æ–≤–∏–π –±—É–¥–∏–Ω–æ–∫ —É —Ü–µ–Ω—Ç—Ä—ñ –•–µ—Ä—Å–æ–Ω–∞. 

–ó–∞–≥–∏–Ω—É–ª–∞ –∂—ñ–Ω–∫–∞ —ñ —â–µ 12 –æ—Å—ñ–± –¥—ñ—Å—Ç–∞–ª–∏ –ø–æ—Ä–∞–Ω–µ–Ω–Ω–Ω—è",Shelling
07/08/2023,novinach,4,"–í–Ω–æ—á—ñ —Ä–æ—Å—ñ—è –≤–¥–∞—Ä–∏–ª–∞ —Ä–∞–∫–µ—Ç–æ—é –ø–æ –°–∏–Ω–µ–ª—å–Ω–∏–∫—ñ–≤—Å—å–∫–æ–º—É —Ä–∞–π–æ–Ω—ñ –Ω–∞ –î–Ω—ñ–ø—Ä–æ–ø–µ—Ç—Ä–æ–≤—â–∏–Ω—ñ ‚Äî –ø–∏—à–µ –û–í–ê. 

–ù–∞ –º—ñ—Å—Ü—ñ –≤–∏–Ω–∏–∫–ª–∞ –ø–æ–∂–µ–∂–∞, —è–∫—É –≤–∂–µ –ª—ñ–∫–≤—ñ–¥—É–≤–∞–ª–∏. –û–±—ñ–π—à–ª–æ—Å—è –±–µ–∑ –ø–æ—Å—Ç—Ä–∞–∂–¥–∞–ª–∏—Ö",Shelling
06/08/2023,novinach,20,"–ú—ñ–Ω—ñ—Å—Ç–µ—Ä—Å—Ç–≤–æ –∑–≤'—è–∑–∫—É –Ü—Ä–∞–∫—É [–∑–∞—è–≤–∏–ª–æ](https://www.reuters.com/technology/iraq-blocks-telegram-app-cites-personal-data-violations-2023-08-06/), —â–æ –∑–∞–±–ª–æ–∫—É–≤–∞–ª–æ Telegram.

–ö–∞–∂–µ, —â–æ –∑—Ä–æ–±–∏–ª–æ —Ü–µ –∑ –º—ñ—Ä–∫—É–≤–∞–Ω—å –Ω–∞—Ü—ñ–æ–Ω–∞–ª—å–Ω–æ—ó –±–µ–∑–ø–µ–∫–∏ —Ç–∞ –∑ –º–µ—Ç–æ—é –∑–±–µ—Ä–µ–∂–µ–Ω–Ω—è —Ü—ñ–ª—ñ—Å–Ω–æ—Å—Ç—ñ –ø–µ—Ä—Å–æ–Ω–∞–ª—å–Ω–∏—Ö –¥–∞–Ω–∏—Ö –∫–æ—Ä–∏—Å—Ç—É–≤–∞—á—ñ–≤",Political
06/08/2023,novinach,19,"–í –ü–æ–ª—å—â—ñ –≤ –Ω–∞—Ñ—Ç–æ–ø—Ä–æ–≤–æ–¥—ñ ""–î—Ä—É–∂–±–∞"", —è–∫–∏–π —Ç—Ä–∞–Ω—Å–ø–æ—Ä—Ç—É—î –Ω–∞—Ñ—Ç—É –∑ —Ä–æ—Å—ñ—ó –¥–æ –Ñ–≤—Ä–æ–ø–∏, [–∑–Ω–∞–π—à–ª–∏](https://www.reuters.com/business/energy/polish-pipeline-operator-pern-says-leak-detected-druzhba-oil-pipeline-2023-08-06/) –≤–∏—Ç—ñ–∫.

–ù–∞—Ä–∞–∑—ñ —Ç—Ä–∏–≤–∞—é—Ç—å —Ä–µ–º–æ–Ω—Ç–Ω—ñ —Ä–æ–±–æ—Ç–∏. –û—á—ñ–∫—É–≤–∞–Ω–∏–π —á–∞—Å –≤—ñ–¥–Ω–æ–≤–ª–µ–Ω–Ω—è –ø–µ—Ä–µ–∫–∞—á—É–≤–∞–Ω–Ω—è ‚Äî —Ä–∞–Ω–æ–∫ –≤—ñ–≤—Ç–æ—Ä–∫–∞",Political
06/08/2023,novinach,18,"[Forbes:](https://forbes.ua/lifestyle/barbi-proti-oppengeymera-golovni-khiti-lita-priveli-u-kinoteatri-ukraini-ponad-500-000-glyadachiv-shcho-divilis-bilshe-i-skilki-zarobili-kinoteatri-05082023-15233) ""–ë–∞—Ä–±—ñ"" —Ç–∞ ""–û–ø–ø–µ–Ω–≥–µ–π–º–µ—Ä"" –∑—ñ–±—Ä–∞–ª–∏ –º–∞–π–∂–µ –ø—ñ–≤–º—ñ–ª—å–π–æ–Ω–∞ —É–∫—Ä–∞—ó–Ω—Å—å–∫–∏—Ö –≥–ª—è–¥–∞—á—ñ–≤, –∑–∞—Ä–æ–±–∏–≤—à–∏ 76 —Ç–∞ 59 –º—ñ–ª—å–π–æ–Ω—ñ–≤ –≥—Ä–∏–≤–µ–Ω—å –≤—ñ–¥–ø–æ–≤—ñ–¥–Ω–æ (—Å—Ç–∞–Ω–æ–º –Ω–∞ –∑–∞—Ä–∞–∑)",Political
06/08/2023,novinach,16,"–°—Ç—Ä–∞—Ç–∫–æ–º –ó–°–£ [–ø—ñ–¥—Ç–≤–µ—Ä–¥–∏–≤](https://t.me/AFUStratCom/19335) —É—Ä–∞–∂–µ–Ω–Ω—è –ß–æ–Ω–≥–∞—Ä—Å—å–∫–æ–≥–æ —Ç–∞ –ì–µ–Ω–∏—á–µ—Å—å–∫–æ–≥–æ –∞–≤—Ç–æ–º–æ–±—ñ–ª—å–Ω–∏—Ö –º–æ—Å—Ç—ñ–≤.

–©–µ —Ä–∞–∑ —É—Å—ñ—Ö –∑ –î–Ω–µ–º –ü–æ–≤—ñ—Ç—Ä—è–Ω–∏—Ö —Å–∏–ª –ó–±—Ä–æ–π–Ω–∏—Ö –°–∏–ª –£–∫—Ä–∞—ó–Ω–∏!",Shelling
06/08/2023,novinach,16,"–Ü–ª–æ–Ω –ú–∞—Å–∫ [–Ω–∞–ø–∏—Å–∞–≤,](https://twitter.com/elonmusk/status/1688091377823895552) —â–æ –π–æ–≥–æ –±—ñ–π –∑ –ú–∞—Ä–∫–æ–º –¶—É–∫–µ—Ä–±–µ—Ä–≥–æ–º —Ç—Ä–∞–Ω—Å–ª—é–≤–∞—Ç–∏–º–µ—Ç—å—Å—è —É ~~–¢–≤—ñ—Ç—Ç–µ—Ä—ñ~~ –•.

–í–∏–ª—É—á–µ–Ω—ñ –∫–æ—à—Ç–∏ –ø—ñ–¥—É—Ç—å –Ω–∞ –±–ª–∞–≥–æ–¥—ñ–π–Ω—ñ—Å—Ç—å –¥–ª—è –≤–µ—Ç–µ—Ä–∞–Ω—ñ–≤ (—è–∫–∏—Ö ‚Äî –Ω–µ–≤—ñ–¥–æ–º–æ)",Political
06/08/2023,novinach,15,–í—ñ—Ä—Ç—É–∞–ª—å–Ω–∞ —Ä–µ–∞–ª—å–Ω—ñ—Å—Ç—å –≤—Ä–∞–∂–∞—î,Political
06/08/2023,novinach,14,"–ó–ú–Ü –ø—É–±–ª—ñ–∫—É—é—Ç—å —â–µ –ø–æ—Ä—Ü—ñ—é —Ñ–æ—Ç–æ –º–æ—Å—Ç—ñ–≤, —è–∫—ñ –∑'—î–¥–Ω—É—é—Ç—å –•–µ—Ä—Å–æ–Ω—â–∏–Ω—É –∑ –ö—Ä–∏–º–æ–º",Political
06/08/2023,novinach,14,–ü—ñ–¥–ø–∏—Å–∞–≤ –≤–∏—Ä–æ–∫ –º–æ—Å—Ç—É üò∫,Humanitarian
06/08/2023,novinach,13,"–ù–∞ –º–µ–∂—ñ –°—É–º—Å—å–∫–æ—ó —Ç–∞ –ë—î–ª–≥–æ—Ä–æ–¥—Å—å–∫–æ—ó (—Ä—Ñ) –æ–±–ª–∞—Å—Ç–µ–π [–≤—ñ–¥–Ω–æ–≤–∏–≤ —Ä–æ–±–æ—Ç—É](https://t.me/minre_ua/3909) –≥—É–º–∞–Ω—ñ—Ç–∞—Ä–Ω–∏–π –ø—É–Ω–∫—Ç –ø—Ä–æ–ø—É—Å–∫—É –ö–æ–ª–æ—Ç–∏–ª—ñ–≤–∫–∞ ‚Äî –ü–æ–∫—Ä–æ–≤–∫–∞.

–í—ñ–Ω –ø—Ä–∏–∑–Ω–∞—á–µ–Ω–∏–π –¥–ª—è —É–∫—Ä–∞—ó–Ω—Ü—ñ–≤, —è–∫—ñ –µ–≤–∞–∫—É–π–æ–≤—É—é—Ç—å—Å—è –∑ –æ–∫—É–ø–æ–≤–∞–Ω–∏—Ö —Ç–µ—Ä–∏—Ç–æ—Ä—ñ–π. –î–∞–ª—ñ –º–æ–∂–Ω–∞ –µ–≤–∞–∫—É—é–≤–∞—Ç–∏—Å—è –∑ –°—É–º –¥–æ –ö–∏—î–≤–∞ –Ω–∞ —Å–ø–µ—Ü—ñ–∞–ª—å–Ω–æ–º—É –µ–≤–∞–∫—É–∞—Ü—ñ–π–Ω–∏–º—É –ø–æ—Ç—è–∑—ñ",Shelling
06/08/2023,novinach,13,"—Ä–æ—Å—ñ–π—Å—å–∫–µ –¥–µ—Ä–∂–ó–ú–Ü –≤–∏–∫–ª–∞–ª–æ —Ü–µ —Ñ–æ—Ç–æ, –∞ –ø–æ—Ç—ñ–º –≤–∏–¥–∞–ª–∏–ª–æ))",Political
06/08/2023,novinach,13,"–¢–µ–ª–µ–≥—Ä–∞–º-–∫–∞–Ω–∞–ª–∏ –ø—É–±–ª—ñ–∫—É—é—Ç—å —Ñ–æ—Ç–æ, –π–º–æ–≤—ñ—Ä–Ω–æ, –Ω–æ–≤–∏—Ö –ø–æ—à–∫–æ–¥–∂–µ–Ω—å –ß–æ–Ω–≥–∞—Ä—Å—å–∫–æ–≥–æ –º–æ—Å—Ç—É",Political
06/08/2023,novinach,12,—Ä–æ—Å—ñ–π—Å—å–∫—ñ –∫–æ–ª–∞–±–æ—Ä–∞–Ω—Ç–∏ –ø–æ–≤—ñ–¥–æ–º–ª—è—é—Ç—å –ø—Ä–æ —Ä–∞–∫–µ—Ç–Ω—ñ —É–¥–∞—Ä–∏ –ø–æ –ß–æ–Ω–≥–∞—Ä—Å—å–∫–æ–º—É –º–æ—Å—Ç—É,Humanitarian
06/08/2023,novinach,11,–ü–∞–Ω –ø—Ä–µ–∑–∏–¥–µ–Ω—Ç –ø—ñ—Å–ª—è —Ç—Ä–µ–Ω—É–≤–∞–Ω—å –Ω–∞ —Å–∏–º—É–ª—è—Ç–æ—Ä—ñ –ø–æ–ª–µ—Ç—ñ–≤ –±–æ–º–±–∏—Ç–∏ –î–æ–Ω–µ—Ü—å–∫,Political
06/08/2023,novinach,11,"–ù–∞ –•–º–µ–ª—å–Ω–∏—á—á–∏–Ω—ñ [–≤–ø—ñ–π–º–∞–ª–∏](https://hromadske.ua/posts/na-hmelnichchini-vpijmali-mavpu-vtikachku-yaka-tizhden-bigala-selom-ta-pokusala-ditinu) –º–∞–≤–ø—É-–≤—Ç—ñ–∫–∞—á–∫—É, —è–∫–∞ –ø–æ–∫—É—Å–∞–ª–∞ –¥–∏—Ç–∏–Ω—É",Political
06/08/2023,novinach,9,"–ú–µ—Ä –º–æ—Å–∫–≤–∏ —Å–æ–±—è–Ω—ñ–Ω –∑–∞—è–≤–∏–≤ –ø—Ä–æ —Å–ø—Ä–æ–±—É ""–ø—Ä–æ—Ä–∏–≤–∞"" –ë–ø–õ–ê –Ω–∞ —Å—Ç–æ–ª–∏—Ü—é —Ä—Ñ.

–ö–∞–∂–µ, —â–æ —Ü—ñ–ª—å –∑–±–∏–ª–∏. –†–∞–∑–æ–º —ñ–∑ —Ç–∏–º, —É –º–æ—Å–∫–≤—ñ –æ–≥–æ–ª–æ—à—É–≤–∞–ª–∏ –ø–ª–∞–Ω ""–∫–æ–≤—å–æ—Ä"" —Ç–∞ –ø—Ä–∏–∑—É–ø–∏–Ω—è–ª–∏ –∞–≤—ñ–∞–ø–µ—Ä–µ–ª—å–æ—Ç–∏",Political
06/08/2023,novinach,8,–£–∫—Ä–∞—ó–Ω—Å—å–∫–∞ –∞–≤—ñ–∞—Ü—ñ—è [–∑–¥—ñ–π—Å–Ω–∏–ª–∞](https://t.me/V_Zelenskiy_official/7259) –ø–æ–Ω–∞–¥ 14 —Ç–∏—Å—è—á –±–æ–π–æ–≤–∏—Ö –≤–∏–ª—å–æ—Ç—ñ–≤ –∑ –ø–æ—á–∞—Ç–∫—É –ø–æ–≤–Ω–æ–º–∞—Å—à—Ç–∞–±–Ω–æ–≥–æ –≤—Ç–æ—Ä–≥–Ω–µ–Ω–Ω—è ‚Äî –ó–µ–ª–µ–Ω—Å—å–∫–∏–π,Political
06/08/2023,novinach,7,"–°—å–æ–≥–æ–¥–Ω—ñ –≤—ñ–¥–∑–Ω–∞—á–∞—î—Ç—å—Å—è –î–µ–Ω—å –ü–æ–≤—ñ—Ç—Ä—è–Ω–∏—Ö –°–∏–ª –ó–±—Ä–æ–π–Ω–∏—Ö –°–∏–ª –£–∫—Ä–∞—ó–Ω–∏.

–î—è–∫—É—î–º–æ —É—Å—ñ–º, —Ö—Ç–æ –±–æ—Ä–æ–Ω–∏—Ç—å –Ω–∞—Å –∑ –Ω–µ–±–∞",Shelling
06/08/2023,novinach,6,–î–µ–∑—ñ–Ω—Å–µ–∫—Ç–æ—Ä–∏ –∑–Ω–∏—â–∏–ª–∏ 590 —Ç–∞—Ä–≥–∞–Ω—ñ–≤,Political
06/08/2023,novinach,6,"–£ –•–∞—Ä–∫–æ–≤—ñ [–ø—Ä–æ–ª—É–Ω–∞–ª–∏](https://t.me/suspilnenews/23136) –¥–µ–∫—ñ–ª—å–∫–∞ –≤–∏–±—É—Ö—ñ–≤ ‚Äî –°—É—Å–ø—ñ–ª—å–Ω–µ.

–ú–µ—Ä –º—ñ—Å—Ç–∞ –ø–æ–≤—ñ–¥–æ–º–∏–≤ –ø—Ä–æ –æ–±—Å—Ç—Ä—ñ–ª",Political
06/08/2023,novinach,6,–£ —Å. –ö—Ä—É–≥–ª—è–∫—ñ–≤–∫–∞ –Ω–∞ –•–∞—Ä–∫—ñ–≤—â–∏–Ω—ñ –¥–≤–æ—î –∑–∞–≥–∏–±–ª–∏—Ö —ñ —á–µ—Ç–≤–µ—Ä–æ –ø–æ—Ä–∞–Ω–µ–Ω–∏—Ö –≤—ñ–¥ —É–¥–∞—Ä—É –∫–µ—Ä–æ–≤–∞–Ω–æ—é –∞–≤—ñ–∞–±–æ–º–±–æ—é –ø–æ —Ü–µ–Ω—Ç—Ä—É –ø–µ—Ä–µ–ª–∏–≤–∞–Ω–Ω—è –∫—Ä–æ–≤—ñ ‚Äî [–û–í–ê](https://t.me/synegubov/6782),Shelling
06/08/2023,novinach,5,"–ó –≤—á–æ—Ä–∞—à–Ω—å–æ–≥–æ –≤–µ—á–æ—Ä–∞ —Å–∏–ª–∏ –ü–ü–û [–∑–Ω–∏—â–∏–ª–∏](https://t.me/kpszsu/4005) 30 –≤–æ—Ä–æ–∂–∏—Ö –∫—Ä–∏–ª–∞—Ç–∏—Ö —Ä–∞–∫–µ—Ç –∑—ñ 40 –∑–∞–ø—É—â–µ–Ω–∏—Ö —Ç–∞ —É—Å—ñ 27 ""—à–∞—Ö–µ–¥—ñ–≤"".

–Ü–Ω—Ñ–æ—Ä–º–∞—Ü—ñ—é —â–æ–¥–æ ""–∫–∏–Ω–¥–∂–∞–ª—ñ–≤"" –ü–° –Ω–µ –æ–ø—Ä–∏–ª—é–¥–Ω—é—é—Ç—å",Shelling
06/08/2023,novinach,5,"–ù–∞ ""–ë–∞—Ç—å–∫—ñ–≤—â–∏–Ω—É-–ú–∞—Ç–∏"" –≤—Å—Ç–∞–Ω–æ–≤–ª–µ–Ω–æ —Ç—Ä–∏–∑—É–±",Political
05/08/2023,novinach,23,–ö—Ä–∏–ª–∞—Ç—ñ —Ä–∞–∫–µ—Ç–∏ –Ω–∞–±–ª–∏–∂–∞—é—Ç—å—Å—è –¥–æ –•–∞—Ä–∫—ñ–≤—â–∏–Ω–∏ —Ç–∞ –°—É–º—â–∏–Ω–∏,Political
05/08/2023,novinach,23,—Ä–æ—Å—ñ—è –π–º–æ–≤—ñ—Ä–Ω–æ –∑–¥—ñ–π—Å–Ω–∏–ª–∞ –ø—É—Å–∫–∏ —ñ–∑ —Å—Ç—Ä–∞—Ç–µ–≥—ñ—á–Ω–∏—Ö –±–æ–º–±–∞—Ä–¥—É–≤–∞–ª—å–Ω–∏–∫—ñ–≤ –¢—É-95–º—Å –∑ —Ä–∞–π–æ–Ω—É –ö–∞—Å–ø—ñ–π—Å—å–∫–æ–≥–æ –º–æ—Ä—è ‚Äî –ü–æ–≤—ñ—Ç—Ä—è–Ω—ñ –°–∏–ª–∏,Shelling
05/08/2023,novinach,22,–ö–∏—ó–≤—â–∏–Ω–∞ ‚Äî —Ä–∞–∫–µ—Ç–Ω–∞ –Ω–µ–±–µ–∑–ø–µ–∫–∞,Shelling
05/08/2023,novinach,22,–£ –•–º–µ–ª—å–Ω–∏—Ü—å–∫–æ–º—É —á—É—Ç–Ω–æ –≤–∏–±—É—Ö–∏ ‚Äî –ø–∏—à–µ –°—É—Å–ø—ñ–ª—å–Ω–µ,Political
05/08/2023,novinach,21,"–ù–∞ –ñ–∏—Ç–æ–º–∏—Ä—â–∏–Ω—ñ –∑–∞–≥—Ä–æ–∑–∞ ""—à–∞—Ö–µ–¥—ñ–≤"", –∞ –Ω–∞ –ö—ñ—Ä–æ–≤–æ–≥—Ä–∞–¥—â–∏–Ω—ñ —Ä–∞–∫–µ—Ç ‚Äî –ü–æ–≤—ñ—Ç—Ä—è–Ω—ñ –°–∏–ª–∏",Shelling
05/08/2023,novinach,21,–í –û–¥–µ—Å—å–∫—ñ–π –æ–±–ª–∞—Å—Ç—ñ —Ä–∞–∫–µ—Ç–Ω–∞ –Ω–µ–±–µ–∑–ø–µ–∫–∞,Shelling
05/08/2023,novinach,20,–ü–°: –®–∞—Ö–µ–¥ ‚Äî –º—ñ–∂ –ö—Ä–æ–ø–∏–≤–Ω–∏—Ü—å–∫–∏–º —ñ –ö—Ä–µ–º–µ–Ω—á—É–∫–æ–º,Political
05/08/2023,novinach,20,"–ó–∞—Ñ—ñ–∫—Å–æ–≤–∞–Ω–æ –ø—É—Å–∫ —â–µ –æ–¥–Ω—ñ—î—ó –≥—Ä—É–ø–∏ ""—à–∞—Ö–µ–¥—ñ–≤"", –ø–æ–≤—ñ–¥–æ–º–ª—è—é—Ç—å –ü–°",Shelling
05/08/2023,novinach,19,–î—Ä–æ–Ω–∏ –Ω–∞–¥ –ú–∏–∫–æ–ª–∞—ó–≤—â–∏–Ω–æ—é —Ä—É—Ö–∞—é—Ç—å—Å—è —É –ø—ñ–≤–Ω—ñ—á–Ω–æ-–∑–∞—Ö—ñ–¥–Ω–æ–º—É –Ω–∞–ø—Ä—è–º–∫—É ‚Äî –ü–°,Political
05/08/2023,novinach,19,"–ü–° [–ø–æ–≤—ñ–¥–æ–º–ª—è—é—Ç—å](https://t.me/kpszsu/3964) –ø—Ä–æ –∑–∞–≥—Ä–æ–∑—É –∑–∞—Å—Ç–æ—Å—É–≤–∞–Ω–Ω—è ""—à–∞—Ö–µ–¥—ñ–≤"" –Ω–∞ –ú–∏–∫–æ–ª–∞—ó–≤—â–∏–Ω—ñ. –ì–æ–ª–æ–≤–∞ –û–í–ê –ö—ñ–º –ø–∏—à–µ –ø—Ä–æ –¥–µ–≤'—è—Ç—å –æ–¥–∏–Ω–∏—Ü—å",Shelling
05/08/2023,novinach,19,"—Ä–æ—Å—ñ—è–Ω–∏ —Å–∫–∏–Ω—É–ª–∏ –∫–µ—Ä–æ–≤–∞–Ω—É –∞–≤—ñ–∞—Ü—ñ–π–Ω—É –±–æ–º–±—É –Ω–∞ —Ü–µ–Ω—Ç—Ä –ø–µ—Ä–µ–ª–∏–≤–∞–Ω–Ω—è –∫—Ä–æ–≤—ñ —É –ö—É–ø º—è–Ω—Å—å–∫—ñ–π –≥—Ä–æ–º–∞–¥—ñ –•–∞—Ä–∫—ñ–≤—â–∏–Ω–∏.

–Ñ –∑–∞–≥–∏–±–ª—ñ —Ç–∞ –ø–æ—Ä–∞–Ω–µ–Ω—ñ, [–ø–æ–≤—ñ–¥–æ–º–ª—è—î](https://t.me/V_Zelenskiy_official/7258) –ó–µ–ª–µ–Ω—Å—å–∫–∏–π",Political
05/08/2023,novinach,19,"–£ –õ–æ–Ω–¥–æ–Ω—ñ –≤—ñ–¥–±—É–≤—Å—è –±–ª–∞–≥–æ–¥—ñ–π–Ω–∏–π –º–∞—Ç—á –Ω–∞ –ø—ñ–¥—Ç—Ä–∏–º–∫—É –£–∫—Ä–∞—ó–Ω–∏ –º—ñ–∂ –∫–æ–º–∞–Ω–¥–∞–º–∏ –®–µ–≤—á–µ–Ω–∫–∞ —Ç–∞ –ó—ñ–Ω—á–µ–Ω–∫–∞.

–ù–∞ –°—Ç–µ–º—Ñ–æ—Ä–¥ –ë—Ä—ñ–¥–∂ –≥—Ä–∞–ª–∞ —Ü—ñ–ª–∞ –Ω–∏–∑–∫–∞ –ª–µ–≥–µ–Ω–¥–∞—Ä–Ω–∏—Ö —Ñ—É—Ç–±–æ–ª—ñ—Å—Ç—ñ–≤ –≤—ñ–¥ –ú–µ—Ä—Ç–µ–∑–∞–∫–µ—Ä–∞ –¥–æ –õ–µ–º–∞–Ω–∞ —Ç–∞ –≤—ñ–¥ –ü—ñ–∫–µ –¥–æ –ó–µ–π–¥–æ—Ä—Ñ–∞. 

–¢–∞–∫–æ–∂ —É –º–∞—Ç—á—ñ –≤–∑—è–ª–∏ —É—á–∞—Å—Ç—å –∑—ñ—Ä–∫–∏ —Ç–µ–ª–µ–±–∞—á–µ–Ω–Ω—è, –º—É–∑–∏–∫–∏ —ñ –∫—ñ–Ω–æ, –∞ —É –ø–µ—Ä–µ—Ä–≤—ñ –≤–∏—Å—Ç—É–ø–∞–≤ –ë—É–º–±–æ–∫—Å. –ú–∞—Ç—á –∑–∞–≤–µ—Ä—à–∏–≤—Å—è –±–æ–π–æ–≤–æ—é –Ω—ñ—á–∏—î—é 2:2. 

–£—Å—ñ –∑—ñ–±—Ä–∞–Ω—ñ –∫–æ—à—Ç–∏ –≤—ñ–¥ –ø–æ–¥—ñ—ó –ø—ñ–¥—É—Ç—å –Ω–∞ –≤—ñ–¥–Ω–æ–≤–ª–µ–Ω–Ω—è –ú–∏—Ö–∞–π–ª–æ-–ö–æ—Ü—é–±–∏–Ω—Å—å–∫–æ–≥–æ –ª—ñ—Ü–µ—é –Ω–∞ –ß–µ—Ä–Ω—ñ–≥—ñ–≤—â–∏–Ω—ñ",Humanitarian
05/08/2023,novinach,18,"[FT](https://www.ft.com/content/fbd3c163-6e7b-40ab-a693-dba500c82d9e): –£–∫—Ä–∞—ó–Ω–∞ –≤–ø–µ—Ä—à–µ –ø–æ—Å—Ç–∞–≤–∏–ª–∞ –ø—ñ–¥ –∑–∞–≥—Ä–æ–∑—É —ñ–Ω—Ñ—Ä–∞—Å—Ç—Ä—É–∫—Ç—É—Ä—É –µ–∫—Å–ø–æ—Ä—Ç—É —Ä–æ—Å—ñ–π—Å—å–∫–æ—ó –Ω–∞—Ñ—Ç–∏, –≤–¥–∞—Ä–∏–≤—à–∏ –ø–æ –∫–æ—Ä–∞–±–ª—é –±—ñ–ª—è –ù–æ–≤–æ—Ä–æ—Å—ñ–π—Å—å–∫–∞ ‚Äî –≤–µ–ª–∏–∫–æ–≥–æ –Ω–∞—Ñ—Ç–æ–µ–∫—Å–ø–æ—Ä—Ç–Ω–æ–≥–æ –ø–æ—Ä—Ç—É.

–ï–∫—Å–ø–æ—Ä—Ç –Ω–∞—Ñ—Ç–∏ –¥–æ–ø–æ–º–∞–≥–∞—î —Ñ—ñ–Ω–∞–Ω—Å—É–≤–∞—Ç–∏ —Ä–æ—Å—ñ–π—Å—å–∫–µ –≤—Ç–æ—Ä–≥–Ω–µ–Ω–Ω—è, –∑–∞–∑–Ω–∞—á–∞—î –≤–∏–¥–∞–Ω–Ω—è",Shelling
05/08/2023,novinach,18,"–ü—Ä–æ–ø–æ–Ω—É—î–º–æ –ø—Ä–∞–≤–æ–æ—Ö–æ—Ä–æ–Ω—Ü—è–º –Ω–∞ —á–µ—Å—Ç—å —Ü—å–æ–≥–æ —Å—å–æ–≥–æ–¥–Ω—ñ –±–∏—Ç–∏ –ø–æ –ë–æ–≥—É—Å–ª–∞—î–≤—É. 

–Ø–∫—â–æ –ø—ñ–¥—Ç—Ä–∏–º—É—î—Ç–µ —ñ–¥–µ—é ‚Äî —Å—Ç–∞–≤—Ç–µ üå≠",Shelling
05/08/2023,novinach,17,"–ü—ñ–¥ —á–∞—Å —Å—å–æ–≥–æ–¥–Ω—ñ—à–Ω—å–æ–≥–æ —Ä–∞–∫–µ—Ç–Ω–æ–≥–æ –Ω–∞–ª—å–æ—Ç—É —Ä–æ—Å—ñ—è–Ω–∏ –±–∏–ª–∏ –ø–æ ""–ú–æ—Ç–æ—Ä –°—ñ—á—ñ"" —Ç–∞ –•–º–µ–ª—å–Ω–∏—á—á–∏–Ω—ñ, [–ø–æ–≤—ñ–¥–æ–º–∏–≤](https://t.me/V_Zelenskiy_official/7256) –ó–µ–ª–µ–Ω—Å—å–∫–∏–π.

–ß–∞—Å—Ç–∏–Ω—É —Ä–∞–∫–µ—Ç –∑–±–∏—Ç–æ",Shelling
05/08/2023,novinach,17,"–ù–∞ –º–æ–Ω—É–º–µ–Ω—Ç ""–ë–∞—Ç—å–∫—ñ–≤—â–∏–Ω–∞-–º–∞—Ç–∏"" –ø—ñ–¥–Ω—ñ–º–∞—é—Ç—å –≥–µ—Ä–± –£–∫—Ä–∞—ó–Ω–∏.

–í—ñ–¥–µ–æ: –†–∞–¥—ñ–æ –°–≤–æ–±–æ–¥–∞",Political
05/08/2023,novinach,17,–í —è–∫—É –≥—Ä—É –º–æ–∂–Ω–∞ –≥—Ä–∞—Ç–∏ –≤–¥–≤–æ—Ö? –ù–∞–ø–∏—à—ñ—Ç—å –≤ –∫–æ–º–µ–Ω—Ç–∞—Ä—è—Ö,Political
05/08/2023,novinach,16,"—Ä—É—Å–Ω—è –∑–∞–≤–¥–∞–ª–∞ —É–¥–∞—Ä—É –ø–æ –æ–∫–æ–ª–∏—Ü—è—Ö –ó–∞–ø–æ—Ä—ñ–∂–∂—è.

–í–Ω–∞—Å–ª—ñ–¥–æ–∫ –≤–∏–±—É—Ö—É –ª—é–¥–∏ –Ω–µ –ø–æ—Å—Ç—Ä–∞–∂–¥–∞–ª–∏, –ø–æ–≤—ñ–¥–æ–º–∏–≤ –∫–µ—Ä—ñ–≤–Ω–∏–∫ –û–í–ê",Shelling
05/08/2023,novinach,16,–Ø–¥–µ—Ä–Ω–∞ –¥–µ—Ä–∂–∞–≤–∞ –Ω–∞–∫—Ä—É—á—É—î —Ä–µ–∞–∫—Ü—ñ—ó —É –∫–∞–Ω–∞–ª—ñ –∑ –º–µ–º–∞–º–∏. –ù—É –≤—î–ª—ñ–∫—ñ–π...,Political
05/08/2023,novinach,16,–í—ñ–¥–±—ñ–π —Ç—Ä–∏–≤–æ–≥–∏. –î—è–∫—É—î–º–æ —Å–∏–ª–∞–º –ü–ü–û ü´°,Shelling
05/08/2023,novinach,16,–î–æ–≤—ñ—Ä—è–π—Ç–µ —ñ–Ω—Ñ–æ—Ä–º–∞—Ü—ñ—ó –∑ –æ—Ñ—ñ—Ü—ñ–π–Ω–∏—Ö –¥–∂–µ—Ä–µ–ª,Political
05/08/2023,novinach,16,–ó–Ω–æ–≤—É —á—É—Ç–Ω–æ –≤–∏–±—É—Ö–∏ –≤ –•–º–µ–ª—å–Ω–∏—Ü—å–∫—ñ–π –æ–±–ª–∞—Å—Ç—ñ ‚Äî –û–í–ê,Shelling
05/08/2023,novinach,16,"–ü—ñ–¥ –∑–∞–≥—Ä–æ–∑–æ—é –í—ñ–Ω–Ω–∏—Ü—è, –ø–æ–≤—ñ–¥–æ–º–ª—è—é—Ç—å –ü–°",Political
05/08/2023,novinach,16,–ü–°: —à–≤–∏–¥–∫—ñ—Å–Ω–∞ —Ä–∞–∫–µ—Ç–∞ ‚Äî –ö–∏—ó–≤—â–∏–Ω–∞,Shelling
05/08/2023,novinach,16,"–ü–°: —î —â–µ –∫–∏–Ω–∂–∞–ª–∏. –í—ñ–Ω–Ω–∏—Ü—å–∫–∞, –•–º–µ–ª—å–Ω–∏—Ü—å–∫–∞, –ñ–∏—Ç–æ–º–∏—Ä—Å—å–∫–∞ –æ–±–ª–∞—Å—Ç—ñ",Political
05/08/2023,novinach,16,–ü–°: –†–∞–∫–µ—Ç–∏ —ñ–∑ –±—ñ–ª–æ—Ä—É—Å—ñ,Political
05/08/2023,novinach,16,–ù–∞ –•–º–µ–ª—å–Ω–∏—á—á–∏–Ω—ñ —á—É—Ç–Ω–æ –∑–≤—É–∫ –≤–∏–±—É—Ö—É ‚Äî –°—É—Å–ø—ñ–ª—å–Ω–µ,Shelling
05/08/2023,novinach,16,"–£ –Ω–∞–ø—Ä—è–º–∫—É –í—ñ–Ω–Ω–∏—á–∏–Ω–∏ ‚Äî ""–ö–∏–Ω–∂–∞–ª"", –ø–∏—à—É—Ç—å –ü–°",Political
05/08/2023,novinach,16,"–ü–°: —â–µ –ö–∏–Ω–∂–∞–ª –≤—Ö–æ–¥–∏—Ç—å –≤ –ø–æ–≤—ñ—Ç—Ä—è–Ω–∏–π –ø—Ä–æ—Å—Ç—ñ—Ä –£–∫—Ä–∞—ó–Ω–∏! –£—Å—ñ - –≤ –Ω–∞–ø—Ä—è–º–∫—É –°—Ç–∞—Ä–æ–∫–æ—Å—Ç—è–Ω—Ç–∏–Ω–æ–≤–∞!

–ó–∞—Ñ—ñ–∫—Å–æ–≤–∞–Ω–æ –≤ –ü–æ–ª—Ç–∞–≤—Å—å–∫—ñ–π –æ–±–ª–∞—Å—Ç—ñ",Political
05/08/2023,novinach,16,"–ü–æ–≤—Ç–æ—Ä–Ω–∏–π –ø—É—Å–∫ ""–ö–∏–Ω–∂–∞–ª—ñ–≤"" ‚Äî –ü–°

–ö–∏–Ω–∂–∞–ª ‚Äî —É –Ω–∞–ø—Ä—è–º–∫—É –ñ–∏—Ç–æ–º–∏—Ä–∞",Shelling
05/08/2023,novinach,15,"–ó–∞—Ñ—ñ–∫—Å–æ–≤–∞–Ω–æ –ø—É—Å–∫ ""–ö–∏–Ω–∂–∞–ª—ñ–≤"" ‚Äî –ü–°",Shelling
05/08/2023,novinach,15,"–†–∞–∫–µ—Ç–∏ –Ω–∞ —Ç–µ—Ä–∏—Ç–æ—Ä—ñ—ó –•–º–µ–ª—å–Ω–∏—Ü—å–∫–æ—ó –æ–±–ª–∞—Å—Ç—ñ, –ø–∏—à—É—Ç—å –ü–æ–≤—ñ—Ç—Ä—è–Ω—ñ –°–∏–ª–∏",Political
05/08/2023,novinach,15,–ü–°: –†–∞–∫–µ—Ç–∏ ‚Äî –Ω–∞ –í—ñ–Ω–Ω–∏—á–∏–Ω—ñ,Political
05/08/2023,novinach,15,"–ö—Ä–∏–ª–∞—Ç—ñ —Ä–∞–∫–µ—Ç–∏ –≤—Ö–æ–¥—è—Ç—å –Ω–∞ —Ç–µ—Ä–∏—Ç–æ—Ä—ñ—é –ö–∏—ó–≤—â–∏–Ω–∏, –ø–æ–≤—ñ–¥–æ–º–ª—è—é—Ç—å –ü–æ–≤—ñ—Ç—Ä—è–Ω—ñ –°–∏–ª–∏",Political
05/08/2023,novinach,15,"–†–∞–∫–µ—Ç–∏ –ª–µ—Ç—è—Ç—å —É –Ω–∞–ø—Ä—è–º–∫—É –ß–µ—Ä–∫–∞—â–∏–Ω–∏ ‚Äî –ü–°.

–¢—Ä–∞—î–∫—Ç–æ—Ä—ñ—è —Ä—É—Ö—É –º–æ–∂–µ –∑–º—ñ–Ω—é–≤–∞—Ç–∏—Å—å",Political
05/08/2023,novinach,15,–¢—Ä–∏–≤–æ–≥–∞ –ø–æ—à–∏—Ä–∏–ª–∞—Å—å –Ω–∞ –∑–∞—Ö—ñ–¥–Ω—ñ –æ–±–ª–∞—Å—Ç—ñ,Political
05/08/2023,novinach,15,–£ –ó–∞–ø–æ—Ä—ñ–∂–∂—ñ —á—É—Ç–Ω–æ –∑–≤—É–∫–∏ –≤–∏–±—É—Ö—ñ–≤ ‚Äî –°—É—Å–ø—ñ–ª—å–Ω–µ,Shelling
05/08/2023,novinach,15,–ì—Ä—É–ø–∞ –∫—Ä–∏–ª–∞—Ç–∏—Ö —Ä–∞–∫–µ—Ç —Ä—É—Ö–∞—é—Ç—å—Å—è —É –Ω–∞–ø—Ä—è–º–∫—É –ö—ñ—Ä–æ–≤–æ–≥—Ä–∞–¥—Å—å–∫–æ—ó –æ–±–ª–∞—Å—Ç—ñ ‚Äî –ü–°,Shelling
05/08/2023,novinach,15,"–ü–æ–≤—ñ—Ç—Ä—è–Ω—ñ –°–∏–ª–∏ –ø–æ–≤—ñ–¥–æ–º–ª—è—é—Ç—å –ø—Ä–æ —Ä–∞–∫–µ—Ç–Ω—É –Ω–µ–±–µ–∑–ø–µ–∫—É –≤ –æ–±–ª–∞—Å—Ç—è—Ö, –¥–µ –æ–≥–æ–ª–æ—à–µ–Ω–æ –ø–æ–≤—ñ—Ç—Ä—è–Ω—É —Ç—Ä–∏–≤–æ–≥—É",Shelling
05/08/2023,novinach,13,"–ó–ú–Ü: —É –°–∞—É–¥—ñ–≤—Å—å–∫—ñ–π –ê—Ä–∞–≤—ñ—ó [—Ä–æ–∑–ø–æ—á–∞–ª–∏—Å—å](https://www.aljazeera.com/news/2023/8/5/saudi-arabia-kicks-off-ukraine-talks-that-exclude-russia) –∫–æ–Ω—Å—É–ª—å—Ç–∞—Ü—ñ—ó —â–æ–¥–æ –º–∏—Ä–Ω–æ–≥–æ –ø–ª–∞–Ω—É –£–∫—Ä–∞—ó–Ω–∏.

–£ –º—ñ—Å—Ç—ñ –î–∂–µ–¥–¥–∞ –∑—É—Å—Ç—Ä—ñ–Ω—É—Ç—å—Å—è –≤–∏—Å–æ–∫–æ–ø–æ—Å–∞–¥–æ–≤—Ü—ñ –ø–æ–Ω–∞–¥ 30 –∫—Ä–∞—ó–Ω, –æ–∫—Ä—ñ–º —Ä–æ—Å—ñ—óüòÅ",Political
05/08/2023,novinach,11,"–ß–µ—Ä–µ–∑ –∑—Å—É–≤ “ë—Ä—É–Ω—Ç—É –≤ –≥—Ä—É–∑–∏–Ω—Å—å–∫–æ–º—É —Å–µ–ª–∏—â—ñ –®–æ–≤—ñ, –∑–∞–≥–∏–Ω—É–ª–∞ —É–∫—Ä–∞—ó–Ω–∫–∞, [–ø–æ–≤—ñ–¥–æ–º–∏–ª–∞](https://hromadske.ua/posts/u-gruziyi-vnaslidok-zsuvu-gruntu-zaginula-ukrayinka-pravoohoronci-shukayut-yiyi-ditinu) –ø—Ä–µ—Å—Å–ª—É–∂–±–∞ –ú–ó–°.

–ó–∞—Ä–∞–∑ –Ω–∞ –º—ñ—Å—Ü—ñ —Ç—Ä–∞–≥–µ–¥—ñ—ó —à—É–∫–∞—é—Ç—å –¥–∏—Ç–∏–Ω—É –∑–∞–≥–∏–±–ª–æ—ó –∂—ñ–Ω–∫–∏.

–ù–∞—Ä–∞–∑—ñ –≤—ñ–¥–æ–º–æ –ø—Ä–æ 11 –∂–µ—Ä—Ç–≤ —Å—Ç–∏—Ö—ñ–π–Ω–æ–≥–æ –ª–∏—Ö–∞. –ü–æ—à–∫–æ–¥–∂–µ–Ω—ñ –ª—ñ–Ω—ñ—ó –µ–ª–µ–∫—Ç—Ä–æ–ø–µ—Ä–µ–¥–∞—á, –∑—Ä—É–π–Ω–æ–≤–∞–Ω—ñ –¥–æ—Ä–æ–≥–∏ —Ç–∞ –º–æ—Å—Ç–∏",Political
05/08/2023,novinach,11,"–£–∫—Ä–∞—ó–Ω–∞ [–æ–≥–æ–ª–æ—Å–∏–ª–∞](https://www.epravda.com.ua/news/2023/08/5/702936/) –∞–∫–≤–∞—Ç–æ—Ä—ñ—ó —à–µ—Å—Ç–∏ —á–æ—Ä–Ω–æ–º–æ—Ä—Å—å–∫–∏—Ö –ø–æ—Ä—Ç—ñ–≤ —Ä–æ—Å—ñ—ó ""–∑–æ–Ω–æ—é –≤–æ—î–Ω–Ω–æ—ó –∑–∞–≥—Ä–æ–∑–∏"".

–ú–æ–≤–∞ –π–¥–µ –ø—Ä–æ –ø–æ—Ä—Ç–∏ –ê–Ω–∞–ø–∞, –ù–æ–≤–æ—Ä–æ—Å—ñ–π—Å—å–∫, –ì–µ–ª–µ–Ω–¥–∂–∏–∫, –¢—É–∞–ø—Å–µ, –°–æ—á—ñ —Ç–∞ –¢–∞–º–∞–Ω—å",Political
05/08/2023,novinach,9,"–ì–æ–ª–æ–≤–∏ –æ–±–æ—Ä–æ–Ω–Ω–∏—Ö –≤—ñ–¥–æ–º—Å—Ç–≤ –∫—Ä–∞—ó–Ω –ó–∞—Ö—ñ–¥–Ω–æ—ó –ê—Ñ—Ä–∏–∫–∏ [—Å–∫–ª–∞–ª–∏](https://www.reuters.com/world/africa/west-african-bloc-seeks-solution-niger-coup-deadline-nears-2023-08-04/) –ø–ª–∞–Ω –≤–≤–µ–¥–µ–Ω–Ω—è –≤—ñ–π—Å—å–∫ —É –ù—ñ–≥–µ—Ä, —è–∫—â–æ —Ö—É–Ω—Ç–∞ –Ω–µ –≤—ñ–¥–Ω–æ–≤–∏—Ç—å –∫–æ–Ω—Å—Ç–∏—Ç—É—Ü—ñ–π–Ω–∏–π –ª–∞–¥ –¥–æ –Ω–µ–¥—ñ–ª—ñ ‚Äî Reuters.

–ï–∫–æ–Ω–æ–º—ñ—á–Ω–∞ —Å–ø—ñ–ª—å–Ω–æ—Ç–∞ –∑–∞—Ö—ñ–¥–Ω–æ–∞—Ñ—Ä–∏–∫–∞–Ω—Å—å–∫–∏—Ö –¥–µ—Ä–∂–∞–≤ –≤–∏–º–∞–≥–∞—î –≤—ñ–¥ –ø–æ–≤—Å—Ç–∞–Ω—Ü—ñ–≤ –∑–≤—ñ–ª—å–Ω–∏—Ç–∏ –ª–µ–≥—ñ—Ç–∏–º–Ω–æ–≥–æ –ø—Ä–µ–∑–∏–¥–µ–Ω—Ç–∞ –ú–æ—Ö–∞–º–µ–¥–∞ –ë–∞—É–∑–º–∞",Political
05/08/2023,novinach,8,–¢—Ä–∏–≤–æ–≥–∞ —à–∏—Ä–∏—Ç—å—Å—è –∫—Ä–∞—ó–Ω–æ—é. –ó–∞—Ñ—ñ–∫—Å–æ–≤–∞–Ω–æ –∑–ª—ñ—Ç –ú—ñ–ì-31–ö—Ä–∏–Ω–∂,Political
05/08/2023,novinach,7,"–õ–∏—Ç–≤–∞ [–Ω–∞–¥–∞—Å—Ç—å](https://www.pravda.com.ua/news/2023/08/5/7414301/) –£–∫—Ä–∞—ó–Ω—ñ –ø–∞–∫–µ—Ç –≤—ñ–π—Å—å–∫–æ–≤–æ—ó –¥–æ–ø–æ–º–æ–≥–∏, —â–æ –≤–∫–ª—é—á–∞—î –ø—É—Å–∫–æ–≤—ñ —É—Å—Ç–∞–Ω–æ–≤–∫–∏ NASAMS —Ç–∞ –ø—Ä–æ—Ç–∏–¥—Ä–æ–Ω–æ–≤—ñ —Å–∏—Å—Ç–µ–º–∏",Political
05/08/2023,novinach,6,–°–ë–£ [–ø—Ä–æ–∫–æ–º–µ–Ω—Ç—É–≤–∞–ª–∞](https://t.me/SBUkr/9185) —É—Ä–∞–∂–µ–Ω–Ω—è —Ç–∞–Ω–∫–µ—Ä—É –≤ –ö–µ—Ä—á–µ–Ω—Å—å–∫—ñ–π –ø—Ä–æ—Ç–æ—Ü—ñ,Political
05/08/2023,novinach,6,–¢—Ä–∏–≤–æ–≥–∞ —à–∏—Ä–∏—Ç—å—Å—è –∫—Ä–∞—ó–Ω–æ—é. –ó–∞—Ñ—ñ–∫—Å–æ–≤–∞–Ω–æ –∑–ª—ñ—Ç –ú—ñ–ì-31–ö–æ–∫,Political
05/08/2023,novinach,5,620 —Ä–æ—Å—ñ—è–Ω –ø—î—Ä—î–≤–æ—Å—Ö—ñ—Ç—ñ–ª—ñ—Å—å –≤—ñ–¥–æ—Å–∞–º–∏ –∑ –ö—Ä–∏–º—É,Political
05/08/2023,novinach,5,–£ –Ω–æ–≤–æ–º—É —Ä–æ–∑–¥—ñ–ª—ñ –Ω–∞ Pornhub –ø–æ–ø–æ–≤–Ω–µ–Ω–Ω—è,Political
05/08/2023,novinach,0,–£ —Ä–æ—Å–ó–ú–Ü –∑'—è–≤–∏–ª–∏—Å—è —Ñ–æ—Ç–æ –∑ —É—Ä–∞–∂–µ–Ω–æ–≥–æ —Ç–∞–Ω–∫–µ—Ä—É,Political
04/08/2023,novinach,23,"–§–µ–¥–µ—Ä–∞–ª—å–Ω—ñ –ó–ú–Ü —Ä–æ—Å—ñ—ó –ø—ñ–¥—Ç–≤–µ—Ä–¥–∂—É—é—Ç—å —É—Ä–∞–∂–µ–Ω–Ω—è —Ç–∞–Ω–∫–µ—Ä—É –≤ —Ä–∞–π–æ–Ω—ñ –ö–µ—Ä—á–µ–Ω—Å—å–∫–æ—ó –ø—Ä–æ—Ç–æ–∫–∏. –ü–∏—à—É—Ç—å, —â–æ –Ω–∞ –º—ñ—Å—Ü–µ –≤–∏—Ä—É—à–∏–ª–∏ —Ä—è—Ç—É–≤–∞–ª—å–Ω–∏–∫–∏",Political
04/08/2023,novinach,22,"–ó–ú–Ü: –æ–¥–∏–Ω –∑ –¥—Ä–æ–Ω—ñ–≤ —É—Ä–∞–∑–∏–≤ —Ä–æ—Å—ñ–π—Å—å–∫–∏–π –ø—ñ–¥—Å–∞–Ω–∫—Ü—ñ–π–Ω–∏–π —Ç–∞–Ω–∫–µ—Ä ""Sig"". 

–£ –º–µ—Ä–µ–∂—ñ —à–∏—Ä–∏—Ç—å—Å—è –Ω—ñ–±–∏—Ç–æ –∑–∞–ø–∏—Å –ø–µ—Ä–µ–º–æ–≤–∏–Ω–∏ –µ–∫—ñ–ø–∞–∂—É, –Ω–∞ —è–∫–æ–º—É –≥–æ–≤–æ—Ä—è—Ç—å, —â–æ —Ç–∞–Ω–∫–µ—Ä –Ω–µ –º–æ–∂–µ —Å–∞–º–æ—Å—Ç—ñ–π–Ω–æ —Ä—É—Ö–∞—Ç–∏—Å—å —ñ –∑–∞—Ç–æ–ø–ª–µ–Ω–æ –º–∞—à–∏–Ω—É –∑–∞–ª—É.

–ù—ñ —É–∫—Ä–∞—ó–Ω—Å—å–∫–∞, –Ω—ñ —Ä–æ—Å—ñ–π—Å—å–∫–∞ —Å—Ç–æ—Ä–æ–Ω–∏ —â–µ –Ω—ñ—á–æ–≥–æ –Ω–µ –∫–æ–º–µ–Ω—Ç—É–≤–∞–ª–∏",Political
04/08/2023,novinach,21,"—Ä–æ—Å–ó–ú–Ü —ñ–∑ –ø–æ—Å–∏–ª–∞–Ω–Ω—è–º –Ω–∞ –æ–¥–Ω–æ–≥–æ –∑ —Ç–∏–º—á–∞—Å–æ–≤–æ –∂–∏–≤–∏—Ö –≤–∞—Ç–∞–∂–∫—ñ–≤ –ø–∏—à—É—Ç—å, —â–æ —É –ö–µ—Ä—á–µ–Ω—Å—å–∫–æ–º—É –ø—Ä–æ–ª–∏–≤—ñ –∑–Ω–∏—â–µ–Ω–æ —Ç—Ä–∏ –Ω–∞–¥–≤–æ–¥–Ω—ñ –¥—Ä–æ–Ω–∏.

–í–æ–¥–Ω–æ—á–∞—Å –∑–∞—è–≤–ª—è—é—Ç—å, —â–æ –∞—Ç–∞–∫–∞ —Ç—Ä–∏–≤–∞—î —ñ –∑–Ω–∏—â–µ–Ω–Ω—è –±–µ–∑–ø—ñ–ª–æ—Ç–Ω–∏–∫—ñ–≤ ""–ø—Ä–æ—Ö–æ–¥–∏—Ç—å —É—Å–ø—ñ—à–Ω–æ""",Political
04/08/2023,novinach,21,–•—Ç–æ –∑–∞—Ä–∞–∑ –±—ñ–ª—è –ö—Ä–∏–º—Å—å–∫–æ–≥–æ –º–æ—Å—Ç—É. –©–æ —Ç–∞–º –≤—ñ–¥–±—É–≤–∞—î—Ç—å—Å—è?,Humanitarian
04/08/2023,novinach,21,‚ùóÔ∏è–ö—Ä–∏–º—Å—å–∫–∏–π –º—ñ—Å—Ç ‚Äî [–ó–ú–Ü](https://t.me/war_monitor/9307),Political
04/08/2023,novinach,19,"–ì–æ–ª–æ–≤–Ω–µ —Å—Ç–∞–Ω–æ–º –Ω–∞ –∑–∞—Ä–∞–∑:

‚Ä¢ –ì–∞–Ω–Ω–∞ –ú–∞–ª—è—Ä [–ø–æ–≤—ñ–¥–æ–º–∏–ª–∞,](https://www.pravda.com.ua/news/2023/08/4/7414271/) —â–æ –ó–°–£ –Ω–∞ –ø—ñ–≤–¥–Ω—ñ –ø–æ–¥–µ–∫—É–¥–∏ –ø—Ä–æ—Ä–≤–∞–ª–∏ –ø–µ—Ä—à—É –ª—ñ–Ω—ñ—é –æ–±–æ—Ä–æ–Ω–∏ —Ä–æ—Å—ñ—è–Ω;

‚Ä¢ –í –£–∫—Ä–∞—ó–Ω—ñ –ø–æ–≤—Ç–æ—Ä–Ω–æ [–ø–µ—Ä–µ–≤—ñ—Ä—è—Ç—å](https://www.facebook.com/dshmyhal/videos/1068779971209253) –≤—Å—ñ —É–∫—Ä–∏—Ç—Ç—è ‚Äî –®–º–∏–≥–∞–ª—å;

‚Ä¢ –£—Ä—è–¥ –ë–æ–ª–≥–∞—Ä—ñ—ó [—Å—Ö–≤–∞–ª–∏–≤](https://www.pravda.com.ua/news/2023/08/4/7414224/) –Ω–∞–¥–∞–Ω–Ω—è –£–∫—Ä–∞—ó–Ω—ñ 100 –ë–¢–†—ñ–≤;

‚Ä¢ –ü–æ—Å–∞–¥–æ–≤—Ü—è –≤—ñ–π—Å—å–∫–∫–æ–º–∞—Ç—É –Ω–∞ –¢–µ—Ä–Ω–æ–ø—ñ–ª—å—â–∏–Ω—ñ, —è–∫–∏–π –ø–µ—Ä–µ–ø—Ä–∞–≤–ª—è–≤ —á–æ–ª–æ–≤—ñ–∫—ñ–≤ –∑–∞ –∫–æ—Ä–¥–æ–Ω, [–≤—ñ–¥–ø—Ä–∞–≤–∏–ª–∏](https://hromadske.ua/posts/posadovcya-vijskkomatu-na-ternopilshini-yakij-perepravlyav-cholovikiv-za-kordon-vidislali-na-front) –Ω–∞ —Ñ—Ä–æ–Ω—Ç;

‚Ä¢ –ù–∞ –•–º–µ–ª—å–Ω–∏—á—á–∏–Ω—ñ –ø–æ–ª—ñ—Ü—ñ—è [—à—É–∫–∞—î](https://hromadske.ua/posts/na-hmelnichchini-nevidomi-pidstrelili-gnizdo-lelek-policiya-vidkrila-provadzhennya) –∑–ª–æ—á–∏–Ω—Ü—ñ–≤, —â–æ –ø—ñ–¥—Å—Ç—Ä–µ–ª–∏–ª–∏ –≥–Ω—ñ–∑–¥–æ –ª–µ–ª–µ–∫",Shelling
04/08/2023,novinach,19,"–í –æ–∫—É–ø–æ–≤–∞–Ω–æ–º—É –ú–µ–ª—ñ—Ç–æ–ø–æ–ª—ñ —Ü—ñ–ª–æ–¥–æ–±–æ–≤–æ –ø—Ä–∞—Ü—é—î –º–æ–±—ñ–ª—å–Ω–∏–π –∫—Ä–µ–º–∞—Ç–æ—Ä—ñ–π, –¥–æ —è–∫–æ–≥–æ –≤–∞–Ω—Ç–∞–∂—ñ–≤–∫–∞–º–∏ –ø—Ä–∏–≤–æ–∑—è—Ç—å —Ç—ñ–ª–∞ –ø–æ–¥–æ—Ö–ª–∏—Ö –æ–∫—É–ø–∞–Ω—Ç—ñ–≤ ‚Äî [–∑–≤–µ–¥–µ–Ω–Ω—è](https://www.facebook.com/GeneralStaff.ua/posts/pfbid025bzizMPy9LNq8isCuk5EGAF92wkcU7uUpo7sEhbM8xrjjTZ6BWu7ftgZbkbRSRn8l) –ì–µ–Ω—à—Ç–∞–±—É.

–ú—ñ—Å—Ü–µ–≤—ñ —Å–∫–∞—Ä–∂–∞—Ç—å—Å—è –Ω–∞ –ø–æ—Å—Ç—ñ–π–Ω–∏–π —Ç—Ä—É–ø–Ω–∏–π —Å–º–æ—Ä—ñ–¥ –≤ –º—ñ—Å—Ç—ñ, –æ—Å–æ–±–ª–∏–≤–æ –≤–Ω–æ—á—ñ",Political
04/08/2023,novinach,18,"–î–µ—è–∫–µ –º–∏—Å—Ç–µ—Ü—Ç–≤–æ –∑–∞–ª–∏—à–∞—î—Ç—å—Å—è –±–µ–∑ —É–≤–∞–≥–∏ —Å—É—á–∞—Å–Ω–∏–∫—ñ–≤ —ñ –ø—Ä–∏—Ä–µ—á–µ–Ω–µ —à—É–∫–∞—Ç–∏ –≤–∏–∑–Ω–∞–Ω–Ω—è –≤ –º–∞–π–±—É—Ç–Ω—å–æ–º—É.

–¶–µ —Ç–æ–π –≤–∏–ø–∞–¥–æ–∫, –ø–∏—Ç–∞—î—Ç–µ –≤–∏? –í—ñ–¥–ø–æ–≤—ñ–¥—å —à—É–∫–∞–π—Ç–µ —Å–∞–º—ñ:

https://www.youtube.com/watch?v=1Be0WHwNmUE",Political
04/08/2023,novinach,17,"–í –æ–¥–Ω–æ–º—É —Ä–µ—Å—Ç–æ—Ä–∞–Ω—ñ–≤ –ß–µ—Ö—ñ—ó –æ—Ñ—ñ—Ü—ñ–∞–Ω—Ç —É–≤—ñ–º–∫–Ω—É–≤ –≥—ñ–º–Ω —Ä–æ—Å—ñ—ó —Ç–∞ –∑–≤—É–∫ –ø–æ–≤—ñ—Ç—Ä—è–Ω–æ—ó —Ç—Ä–∏–≤–æ–≥–∏, –∫–æ–ª–∏ –¥—ñ–∑–Ω–∞–≤—Å—è, —â–æ —Å–µ—Ä–µ–¥ –≤—ñ–¥–≤—ñ–¥—É–≤–∞—á—ñ–≤ —î –±—ñ–∂–µ–Ω–∫–∏ –∑ –£–∫—Ä–∞—ó–Ω–∏.

–ó–∞ —Å–ª–æ–≤–∞–º–∏ —É–∫—Ä–∞—ó–Ω–∫–∏, –≤–æ–Ω–∞ [–ø–æ–ø—Ä–æ—Å–∏–ª–∞](https://hromadske.ua/posts/u-chehiyi-oficiant-uvimknuv-gimn-rosiyi-ta-sirenu-shob-poznushatisya-z-ukrayinok) –≤ –æ—Ñ—ñ—Ü—ñ–∞–Ω—Ç–∞ –ø–∞—Ä–æ–ª—å –≤—ñ–¥ Wi-Fi, –∞–ª–µ –≤—ñ–Ω, –ø–æ—á—É–≤—à–∏ –∞–∫—Ü–µ–Ω—Ç, –ø–æ—á–∞–≤ –≥–ª—É–∑—É–≤–∞—Ç–∏ —ñ —É–≤—ñ–º–∫–Ω—É–≤ —Ä–æ—Å—ñ–π—Å—å–∫–∏–π –≥—ñ–º–Ω.

–ö–µ—Ä—ñ–≤–Ω–∏—Ü—Ç–≤–æ –∑–∞–∫–ª–∞–¥—É –≤–∏–±–∞—á–∏–ª–æ—Å—å –∑–∞ —ñ–Ω—Ü–∏–¥–µ–Ω—Ç —Ç–∞ –∑–≤—ñ–ª—å–Ω–∏–ª–æ –ø–æ–∫–∏–¥—å–∫–∞",Shelling
04/08/2023,novinach,17,"–£ –≤—ñ—Ü—ñ 83 —Ä–æ–∫—ñ–≤ –ø–æ–º–µ—Ä –∞–º–µ—Ä–∏–∫–∞–Ω—Å—å–∫–∏–π –∞–∫—Ç–æ—Ä –ú–∞—Ä–∫ –ú–∞—Ä–≥–æ–ª—ñ—Å, –≤—ñ–¥–æ–º–∏–π –ø–æ —Ä–æ–ª—ñ –ì–µ–∫—Ç–æ—Ä–∞ –°–∞–ª–∞–º–∞–Ω–∫–∏ –∑—ñ –∫—ñ–Ω–æ–≤—Å–µ—Å–≤—ñ—Ç—É ""Breaking Bad""",Political
04/08/2023,novinach,16,"–î–ª—è –±–æ—Ä–æ—Ç—å–±–∏ –∑ –Ω–µ–∑–∞–∫–æ–Ω–Ω–∏–º –≥—Ä–∞–ª—å–Ω–∏–º —Ç—Ä–∞—Ñ—ñ–∫–æ–º –ú–æ–Ω–æ–±–∞–Ω–∫ [–∑–∞–±–æ—Ä–æ–Ω–∏–≤](https://t.me/OGoMono/1277) –æ–Ω–ª–∞–π–Ω —Ç—Ä–∞–Ω–∑–∞–∫—Ü—ñ—ó –ø–æ –≤—Å—ñ–π –ê—Ñ—Ä–∏—Ü—ñ, –∑–∞ –≤–∏–Ω—è—Ç–∫–æ–º –ü–ê–†, –Ñ–≥–∏–ø—Ç—É —Ç–∞ –ú–∞—Ä–æ–∫–∫–æ",Political
04/08/2023,novinach,16,"–ú—ñ–Ω—Ü–∏—Ñ—Ä–∏ –∑–∞–ø–µ—Ä–µ—á—É—é—Ç—å —ñ–Ω—Ñ–æ—Ä–º–∞—Ü—ñ—é, —â–æ –æ–¥–Ω–∞ —ñ–∑ —Å–ø—ñ–≤—Ä–æ–±—ñ—Ç–Ω–∏—Ü—å ""–î—ñ—è.–¶–µ–Ω—Ç—Ä—É"" –≤–∏–∫–æ—Ä–∏—Å—Ç–∞–ª–∞ –¥–æ—Å—Ç—É–ø –¥–æ –¥–∞–Ω–∏—Ö –¥–ª—è –≤–ª–∞—Å–Ω–∏—Ö –ø–æ—Ç—Ä–µ–±.

**–ü–æ—è—Å–Ω—é—î–º–æ, —â–æ —Å—Ç–∞–ª–æ—Å—è:

**‚Ä¢ –í—á–æ—Ä–∞ —É Twitter —Ä–æ–∑–≥–æ—Ä—ñ–≤—Å—è —Å–∫–∞–Ω–¥–∞–ª, —â–æ –æ–¥–Ω–∞ —ñ–∑ —Å–ø—ñ–≤—Ä–æ–±—ñ—Ç–Ω–∏—Ü—å ""–î—ñ—è –¶–µ–Ω—Ç—Ä—É"" –Ω—ñ–±–∏—Ç–æ –∫–æ—Ä–∏—Å—Ç—É–≤–∞–ª–∞—Å—å —Å–ª—É–∂–±–æ–≤–∏–º —Å—Ç–∞–Ω–æ–≤–∏—â–µ–º —Ç–∞ –¥–æ—Å—Ç—É–ø–æ–º –¥–æ –ø–µ—Ä—Å–æ–Ω–∞–ª—å–Ω–∏—Ö –¥–∞–Ω–∏—Ö, —â–æ–± –ø–æ–≥—Ä–æ–∂—É–≤–∞—Ç–∏ –ª—é–¥—è–º; 

‚Ä¢ –Ø–∫ —Å—Ç–≤–µ—Ä–¥–∂—É—î—Ç—å—Å—è, —Ü–µ –≤—Å–µ –≤—ñ–¥–±—É–≤–∞–ª–æ—Å—è —É –¢–µ–ª–µ–≥—Ä–∞–º-—á–∞—Ç—ñ ""–ü–µ—Ä—à–µ –∫—Ä–∏—Å—è—á–µ –∫–æ–¥–ª–æ"", —É—á–∞—Å–Ω–∏—Ü–µ—é —è–∫–æ–≥–æ –±—É–ª–∞ —Ü—è –∂—ñ–Ω–∫–∞. –£ —á–∞—Ç—ñ —Å—Ç–∞–≤—Å—è –∫–æ–Ω—Ñ–ª—ñ–∫—Ç;  

‚Ä¢ –í –æ–¥–∏–Ω –∑ –º–æ–º–µ–Ω—Ç—ñ–≤ –≤–æ–Ω–∞ –ø–æ—á–∞–ª–∞ –ø–æ–≥—Ä–æ–∂—É–≤–∞–ª–∞ —ñ–Ω—à–∏–º —É—á–∞—Å–Ω–∏–∫–∞–º —â–æ–¥–æ –º–æ–±—ñ–ª—ñ–∑–∞—Ü—ñ—ó, –ø–µ—Ä–µ–¥–∞—á—ñ –æ—Å–æ–±–∏—Å—Ç–∏—Ö –¥–∞–Ω–∏—Ö –¥–æ –¢–¶–ö —ñ –¥–∑–≤—ñ–Ω–∫—ñ–≤ —Ä—ñ–¥–Ω–∏–º; 

‚Ä¢ –ù–∞ —Å–∫—Ä—ñ–Ω–∞—Ö –∑ —á–∞—Ç—É –≤–∏–¥–Ω–æ, —â–æ –∂—ñ–Ω–∫–∞ –Ω–∞–ø–∏—Å–∞–ª–∞ –Ω—ñ–±–∏—Ç–æ –Ω–æ–º–µ—Ä –±–∞—Ç—å–∫–∞ –æ–¥–Ω–æ–≥–æ –∑ —É—á–∞—Å–Ω–∏–∫—ñ–≤ —ñ–∑ –ø–æ–≥—Ä–æ–∑–æ—é ""–ø–µ—Ä–µ–¥–∞—Ç–∏ –ø—Ä–∏–≤—ñ—Ç""; 

‚Ä¢ –£ [—Ç—Ä–µ–¥—ñ](https://twitter.com/poltava_x/status/1687082367381282818?ref_src=twsrc%5Etfw%7Ctwcamp%5Etweetembed%7Ctwterm%5E1687082367381282818%7Ctwgr%5E85fa18bc83bbc7e3f7ec1382fdced17a2cf4e0a6%7Ctwcon%5Es1_&ref_url=https%3A%2F%2Fain.ua%2F2023%2F08%2F04%2Fniyakyh-pryvatnyh-danyh%2F), —è–∫–∏–π —Å—Ç–∞–≤ –ø—Ä–∏—á–∏–Ω–æ—é —Å–∫–∞–Ω–¥–∞–ª—É, —Å—Ç–≤–µ—Ä–¥–∂—É–≤–∞–ª–æ—Å—è, —â–æ –∂—ñ–Ω–∫–∞ —î –ø—Ä–∞—Ü—ñ–≤–Ω–∏—Ü–µ—é ""–î—ñ—è.–¶–µ–Ω—Ç—Ä—É""; 

**–©–æ —Å–∫–∞–∑–∞–ª–∏ —É ""–ú—ñ–Ω—Ü–∏—Ñ—Ä—ñ"": 

**‚Ä¢ –£ ""–î—ñ—ó"" –ø—ñ–¥—Ç–≤–µ—Ä–¥–∏–ª–∏, —â–æ —Ü—è –∂—ñ–Ω–∫–∞ —î —Å–ø—ñ–≤—Ä–æ–±—ñ—Ç–Ω–∏—Ü–µ—é ""–î—ñ—è.–¶–µ–Ω—Ç—Ä—É"" –Ω–∞ –ø–æ—Å–∞–¥—ñ –æ–ø–µ—Ä–∞—Ç–æ—Ä–∞ —Å–ª—É–∂–±–∏ –ø—ñ–¥—Ç—Ä–∏–º–∫–∏; 

‚Ä¢ –ó–∞ —ó—Ö–Ω—ñ–º–∏ —Å–ª–æ–≤–∞–º–∏, –ø—Ä–∞—Ü—ñ–≤–Ω–∏–∫–∏ –Ω–µ –º–æ–∂—É—Ç—å –º–∞—Ç–∏ –¥–æ—Å—Ç—É–ø –¥–æ –ø–µ—Ä—Å–æ–Ω–∞–ª—å–Ω–∏—Ö –¥–∞–Ω–∏—Ö, –±–æ —Ç–∞–∫—ñ –¥–∞–Ω—ñ –Ω–µ –Ω–∞–∫–æ–ø–∏—á—É—é—Ç—å—Å—è; 

‚Ä¢ –ö–∞–∂—É—Ç—å, —â–æ ""–î—ñ—è"" –Ω–µ –∑–±–µ—Ä—ñ–≥–∞—î –ø–µ—Ä—Å–æ–Ω–∞–ª—å–Ω—ñ –¥–∞–Ω—ñ, –∞ –ø—ñ–¥—Ç—è–≥—É—î —ó—Ö –æ–¥—Ä–∞–∑—É –∫–æ—Ä–∏—Å—Ç—É–≤–∞—á—É –∑ –≤—ñ–¥–ø–æ–≤—ñ–¥–Ω–æ–≥–æ —Ä–µ—î—Å—Ç—Ä—É; 

‚Ä¢ –Ü–Ω—Ñ–æ—Ä–º–∞—Ü—ñ—é, —â–æ –ø–æ—à–∏—Ä—é—î—Ç—å—Å—è —É —Å–æ—Ü–º–µ—Ä–µ–∂–∞—Ö —É –ú—ñ–Ω—Ü–∏—Ñ—Ä—ñ –Ω–∞–∑–≤–∞–ª–∏ —Ñ–µ–π–∫–æ–º; 

‚Ä¢ ""–û–ø–µ—Ä–∞—Ç–æ—Ä–∏ –º–∞—é—Ç—å –¥–æ—Å—Ç—É–ø —Ç—ñ–ª—å–∫–∏ –¥–æ –ø–µ—Ä–µ–≥–ª—è–¥—É –¥—ñ–∞–ª–æ–≥—É –∑ –∫–æ—Ä–∏—Å—Ç—É–≤–∞—á–µ–º. –ê–Ω—ñ –º–µ–Ω–µ–¥–∂–µ—Ä–∏ –ø—ñ–¥—Ç—Ä–∏–º–∫–∏, –∞–Ω—ñ —Ä–æ–∑—Ä–æ–±–Ω–∏–∫–∏ ‚Äî –Ω—ñ—Ö—Ç–æ –∑ –ø—Ä–∞—Ü—ñ–≤–Ω–∏–∫—ñ–≤ ¬´–î—ñ—ó¬ª –Ω–µ –º–∞—î –¥–æ—Å—Ç—É–ø—É –¥–æ –ø–µ—Ä—Å–æ–Ω–∞–ª—å–Ω–∏—Ö –¥–∞–Ω–∏—Ö —É–∫—Ä–∞—ó–Ω—Ü—ñ–≤"", ‚Äî [—Å–∫–∞–∑–∞–ª–∏](https://ain.ua/2023/08/04/niyakyh-pryvatnyh-danyh/) —É –ú—ñ–Ω—Ü–∏—Ñ—Ä—ñ.
 
**–ê –∑–≤—ñ–¥–∫–∏ –∂ —Ç–æ–¥—ñ –¥–∞–Ω—ñ? 

**‚Ä¢ –£ –ú—ñ–Ω—Ü–∏—Ñ—Ä—ñ –∑–∞—è–≤–∏–ª–∏, —â–æ —É—á–∞—Å–Ω–∏–∫–∏ —Å–∏—Ç—É–∞—Ü—ñ—ó –±—É–ª–∏ –∑–Ω–∞–π–æ–º—ñ –æ—Å–æ–±–∏—Å—Ç–æ –∑–∞–¥–æ–≤–≥–æ –¥–æ –∫–æ–Ω—Ñ–ª—ñ–∫—Ç—É; 

‚Ä¢ –ù–æ–º–µ—Ä–∏ –±—É–ª–∏ –≤ –Ω–µ—ó, –æ—Ç—Ä–∏–º–∞–Ω—ñ –ø—ñ–¥ —á–∞—Å –æ—Å–æ–±–∏—Å—Ç–æ–≥–æ —Å–ø—ñ–ª–∫—É–≤–∞–Ω–Ω—è —Ç–∞ —ñ–∑ —Å–æ—Ü—ñ–∞–ª—å–Ω–∏—Ö –º–µ—Ä–µ–∂. –ö–∞–∂—É—Ç—å, —â–æ —Ü–µ –Ω–µ —Å—Ç–æ—Å—É—î—Ç—å—Å—è –ø–æ—Å–ª—É–≥ —á–∏ –¥–æ–∫—É–º–µ–Ω—Ç—ñ–≤ –≤ ""–î—ñ—ó"".

‚Ä¢ –°–∞–º–∞ ""–î—ñ—è"" [–ø–∏—à–µ](https://twitter.com/diiagovua/status/1687408437209202688), —â–æ –º–æ–≥–ª–æ –≤–∏–Ω–∏–∫–Ω—É—Ç–∏ –≤—Ä–∞–∂–µ–Ω–Ω—è, —â–æ —Å–ø—ñ–≤—Ä–æ–±—ñ—Ç–Ω–∏—Ü—è –º–∞–ª–∞ –¥–æ—Å—Ç—É–ø –¥–æ –ø–µ—Ä—Å–æ–Ω–∞–ª—å–Ω–∏—Ö –¥–∞–Ω–∏—Ö, –∞–ª–µ, –∑–∞ —ó—Ö–Ω—ñ–º–∏ —Å–ª–æ–≤–∞–º–∏, —Ü–µ –Ω–µ –≤—ñ–¥–ø–æ–≤—ñ–¥–∞—î –¥—ñ–π—Å–Ω–æ—Å—Ç—ñ.

–í–æ–¥–Ω–æ—á–∞—Å –∂—ñ–Ω–∫—É –≤—ñ–¥—Å—Ç–æ—Ä–æ–Ω–∏–ª–∏ –≤—ñ–¥ —Ä–æ–±–æ—Ç–∏ –¥–æ –∑ º—è—Å—É–≤–∞–Ω–Ω—è –≤—Å—ñ—Ö –¥–µ—Ç–∞–ª–µ–π",Humanitarian
04/08/2023,novinach,16,–î—è–∫—É—î–º–æ –í–∞—Å–∏–ª—é –ú–∞–ª—é–∫—É,Political
04/08/2023,novinach,15,"–ü—Ä–µ–¥—Å—Ç–∞–≤–Ω–∏–∫ –ö–∏—Ç–∞—é –õ—ñ –•—É–µ–π [–≤—ñ–∑—å–º–µ](https://babel.ua/news/97007-kitay-vizme-uchast-u-zasidanni-shchodo-mirnogo-planu-dlya-ukrajini-yake-proyde-v-saudivskiy-araviji) —É—á–∞—Å—Ç—å —É –∑–∞—Å—ñ–¥–∞–Ω–Ω—ñ —â–æ–¥–æ –º–∏—Ä–Ω–æ–≥–æ –ø–ª–∞–Ω—É –¥–ª—è –£–∫—Ä–∞—ó–Ω–∏, —è–∫–µ –ø—Ä–æ–π–¥–µ –≤ –°–∞—É–¥—ñ–≤—Å—å–∫—ñ–π –ê—Ä–∞–≤—ñ—ó",Political
04/08/2023,novinach,14,"–¢–∞–∫, –∑–∞–≤–∂–¥–∏ –º–æ–∂–Ω–∞ –∫—Ä–∞—â–µ —ñ –±—ñ–ª—å—à–µ, –∞–ª–µ —ñ —Ç–∞–∫ –Ω–æ—Ä–º",Political
04/08/2023,novinach,13,–ù–∞–ø–ª–∞–≤–∞–≤—Å—è —ñ —Å–ø–∏—Ç—å,Political
04/08/2023,novinach,13,"–£ –≤–µ—Ä–µ—Å–Ω—ñ –±–ª–∏–∑—å–∫–æ 6 000 —Ä–æ—Å—ñ—è–Ω, —è–∫—ñ –ø—Ä–æ–∂–∏–≤–∞—é—Ç—å –≤ –õ–∞—Ç–≤—ñ—ó, [–æ—Ç—Ä–∏–º–∞—é—Ç—å](https://babel.ua/news/97000-voseni-tisyachi-rosiyan-u-latviji-otrimayut-listi-z-prohannyam-vijihati-z-krajini) –ª–∏—Å—Ç–∞ –∑ –ø—Ä–æ—Ö–∞–Ω–Ω—è–º –ø–æ–∫–∏–Ω—É—Ç–∏ –∫—Ä–∞—ó–Ω—É.

""–¶–µ –ª—é–¥–∏, —è–∫—ñ –Ω–µ –≤–∏—è–≤–∏–ª–∏ –∂–æ–¥–Ω–æ–≥–æ –±–∞–∂–∞–Ω–Ω—è ‚Äî –Ω—ñ —Å–∫–ª–∞–¥–∞—Ç–∏ —ñ—Å–ø–∏—Ç, –Ω—ñ –æ—Ç—Ä–∏–º–∞—Ç–∏ —Ç–∏–º—á–∞—Å–æ–≤—É –ø–æ—Å–≤—ñ–¥–∫—É –Ω–∞ –ø—Ä–æ–∂–∏–≤–∞–Ω–Ω—è. –¢–æ–±—Ç–æ —Ç—ñ, —è–∫—ñ –º–æ–≤—á–∞—Ç—å"", ‚Äî –∑–∞—è–≤–∏–≤ –≥–æ–ª–æ–≤–∞ –ø–∞—Ä–ª–∞–º–µ–Ω—Ç—Å—å–∫–æ—ó –∫–æ–º—ñ—Å—ñ—ó, —è–∫–∞ –∑–∞–π–º–∞—î—Ç—å—Å—è –ø–∏—Ç–∞–Ω–Ω—è–º–∏ –º—ñ–≥—Ä–∞—Ü—ñ—ó.

—Ä–æ—Å—ñ—è–Ω–∞–º –¥–∞–¥—É—Ç—å 3 –º—ñ—Å—è—Ü—ñ, —â–æ–± –∑—ñ–±—Ä–∞—Ç–∏ –º–∞–Ω–∞—Ç–∫–∏. –Ø–∫—â–æ –≤–æ–Ω–∏ –≤—ñ–¥–º–æ–≤–ª—è—Ç—å—Å—è ‚Äî —ó–º –∑–∞–≥—Ä–æ–∂—É—î —à—Ç—Ä–∞—Ñ üòµ",Political
04/08/2023,novinach,12,"–ì–æ–ª–æ–≤–Ω–µ —Å—Ç–∞–Ω–æ–º –Ω–∞ –∑–∞—Ä–∞–∑:

‚Ä¢ –ß–æ—Ç–∏—Ä—å–æ–º –ø–æ—Å–∞–¥–æ–≤—Ü—è–º –î–°–ù–° [–ø—Ä–∏–∑–Ω–∞—á–∏–ª–∏](https://suspilne.media/543869-aviatrosa-u-brovarah-sud-priznaciv-dva-misaci-pid-vartou-posadovcu-dsns/) –¥–≤–∞ –º—ñ—Å—è—Ü—ñ —Ç—Ä–∏–º–∞–Ω–Ω—è –ø—ñ–¥ –≤–∞—Ä—Ç–æ—é –±–µ–∑ –ø—Ä–∞–≤–∞ –∑–∞—Å—Ç–∞–≤–∏ –≤ —Ä–∞–º–∫–∞—Ö —Å–ø—Ä–∞–≤–∏ –ø—Ä–æ –ø–∞–¥—ñ–Ω–Ω—è –≥–µ–ª—ñ–∫–æ–ø—Ç–µ—Ä–∞ —É –ë—Ä–æ–≤–∞—Ä–∞—Ö;

‚Ä¢ –°–ë–£ [–∑–∞—Ç—Ä–∏–º–∞–ª–∞](https://t.me/SBUkr/9177) –∫–µ—Ä—ñ–≤–Ω–∏–∫–∞ –≤—ñ–π—Å—å–∫–∫–æ–º–∞—Ç—É –Ω–∞ –ü–æ–ª—Ç–∞–≤—â–∏–Ω—ñ –Ω–∞ —Ö–∞–±–∞—Ä—ñ;

‚Ä¢ –ù–∞ –ó–∞–∫–∞—Ä–ø–∞—Ç—Ç—ñ —É —Å–µ–ª—ñ –ö–≤–∞—Å–∏ —á–∞—Å—Ç–∫–æ–≤–æ [–æ–±–≤–∞–ª–∏–ª–æ—Å—è](https://t.me/dsns_telegram/19736) –¥–µ—Ä–µ–≤'—è–Ω–µ –ø–æ–∫—Ä–∏—Ç—Ç—è –º–æ—Å—Ç—É. –¢—Ä–æ—î –ª—é–¥–µ–π –≤–ø–∞–ª–∏ –∑ –≤–∏—Å–æ—Ç–∏ 20 –º–µ—Ç—Ä—ñ–≤ —É —Ä—ñ—á–∫—É, –æ–¥–Ω–∞ –∂—ñ–Ω–∫–∞ –∑–∞–≥–∏–Ω—É–ª–∞;

‚Ä¢ —Ä–æ—Å—ñ—è–Ω–∏ –≥–æ—Ç—É—é—Ç—å –º–∞—Å—à—Ç–∞–±–Ω—É –ø—Ä–æ–≤–æ–∫–∞—Ü—ñ—é ""–ø—ñ–¥ —á—É–∂–∏–º –ø—Ä–∞–ø–æ—Ä–æ–º"" –Ω–∞ –ú–æ–∑–∏—Ä—Å—å–∫–æ–º—É –ù–ü–ó ‚Äî [—Ä–æ–∑–≤—ñ–¥–¥–∞–Ω—ñ](https://t.me/SBUkr/9169) –°–ë–£;

‚Ä¢ –í –£–∫—Ä–∞—ó–Ω—É [–ø–æ–≤–µ—Ä–Ω—É–ª–∏](https://t.me/Oleg_Kotenko_Patriot/230) —Ç—ñ–ª–∞ 44 –ø–æ–ª–µ–≥–ª–∏—Ö –∑–∞—Ö–∏—Å–Ω–∏–∫—ñ–≤",Political
04/08/2023,novinach,11,"–ü—ñ–¥ —á–∞—Å —Å—Ç–∞–≤–∫–∏ –í–µ—Ä—Ö–æ–≤–Ω–æ–≥–æ –ì–æ–ª–æ–≤–Ω–æ–∫–æ–º–∞–Ω–¥—É–≤–∞—á–∞ –±—É–ª–æ –ø—Ä–æ–∞–Ω–∞–ª—ñ–∑–æ–≤–∞–Ω–æ –∑–∞—Å—Ç–æ—Å—É–≤–∞–Ω–Ω—è –≤–∏—Å–æ–∫–æ—Ç–æ—á–Ω–æ—ó –∑–±—Ä–æ—ó, [–ø–∏—à–µ](https://t.me/V_Zelenskiy_official/7249) –ó–µ–ª–µ–Ω—Å—å–∫–∏–π.

""–ó–∞—Ä–∞–∑ –Ω–µ —á–∞—Å –¥–ª—è –æ–∑–≤—É—á—É–≤–∞–Ω–Ω—è –¥–µ—Ç–∞–ª–µ–π. –ê–ª–µ —Ä–µ–∑—É–ª—å—Ç–∞—Ç–∞–º–∏ –∑–∞–¥–æ–≤–æ–ª–µ–Ω—ñ"", ‚Äî –∫–∞–∂–µ –ø—Ä–µ–∑–∏–¥–µ–Ω—Ç",Political
04/08/2023,novinach,11,"–§–æ—Ç–æ –∑ —Ç–∞–∫—Ç–∏—á–Ω–∏—Ö –Ω–∞–≤—á–∞–Ω—å –±—Ä–∏–≥–∞–¥–∏ –ù–ì–£ ""–ê–∑–æ–≤"". –ö–æ–º–∞–Ω–¥–∏—Ä –Ω–∞ –º—ñ—Å—Ü—ñ",Political
04/08/2023,novinach,10,"–¢—Ä–∏–≤–æ–≥–∞. –ó–∞—Ñ—ñ–∫—Å–æ–≤–∞–Ω–æ –∑–ª—ñ—Ç –ú—ñ–ì-31–ö

UPD. –í—ñ–¥–±—ñ–π",Political
04/08/2023,novinach,10,"–ù–∞—Ü–±–∞–Ω–∫ [–ø—Ä–µ–∑–µ–Ω—Ç—É–≤–∞–≤](https://bank.gov.ua/ua/news/all/natsionalniy-bank-prisvyativ-obigovu-pamyatnu-monetu-voyinam-protipovitryanoyi-oboroni-ukrayini) –Ω–æ–≤—É –æ–±—ñ–≥–æ–≤—É –º–æ–Ω–µ—Ç—É, –ø—Ä–∏—Å–≤—è—á–µ–Ω—É –≤–æ—ó–Ω–∞–º –ø—Ä–æ—Ç–∏–ø–æ–≤—ñ—Ç—Ä—è–Ω–æ—ó –æ–±–æ—Ä–æ–Ω–∏ –£–∫—Ä–∞—ó–Ω–∏.

–¶–µ –º–æ–Ω–µ—Ç–∞ –Ω–æ–º—ñ–Ω–∞–ª–æ–º 10 –≥—Ä–∏–≤–µ–Ω—å, –Ω–∞ —Ä–µ–≤–µ—Ä—Å—ñ —è–∫–æ—ó –∑–∞–º—ñ—Å—Ç—å –≥–µ—Ç—å–º–∞–Ω–∞ –ú–∞–∑–µ–ø–∏ –Ω–∞–∫–∞—Ä–±–æ–≤–∞–Ω–æ –ó–†–ö Patriot",Political
04/08/2023,novinach,8,—Ä—É—Å–∫—ñ–π –≤–æ—î–Ω–Ω–∏–π –∫–æ—Ä–∞–±–ª—å –π–¥–∏ –Ω–∞ –±—ñ–∫,Shelling
04/08/2023,novinach,8,–û–ø–µ—Ä–∞—Ç–æ—Ä –∞—Ä—Ç—É—Å—Ç–∞–Ω–æ–≤–∫–∏ –ê–ö-725 –Ω–∞ –û–ª—î–Ω—î–≥–æ—Ä—Å–∫–æ–º –≥–æ—Ä–Ω—è–∫—î be like,Political
04/08/2023,novinach,7,"C–ø–µ—Ü–æ–ø–µ—Ä–∞—Ü—ñ—é –≤ –±—É—Ö—Ç—ñ –ù–æ–≤–æ—Ä–æ—Å—ñ–π—Å—å–∫–∞ –ø—Ä–æ–≤–µ–ª–∞ –°–ë–£ —Ä–∞–∑–æ–º –∑ –í–ú–° ‚Äî [–¥–∂–µ—Ä–µ–ª–∞](https://www.pravda.com.ua/news/2023/08/4/7414154/) –£–ü.

–î—Ä–æ–Ω, –π–º–æ–≤—ñ—Ä–Ω–æ, –ø–µ—Ä–µ–Ω–æ—Å–∏–≤ 450 –∫—ñ–ª–æ–≥—Ä–∞–º–∞–º–∏ —Ç—Ä–æ—Ç–∏–ª—É",Political
04/08/2023,novinach,7,"–•—Ç–æ—Å—å –º–æ–∂–µ —Å–∫–∞–∑–∞—Ç–∏, —â–æ –≤—ñ–¥–±—É–≤–∞—î—Ç—å—Å—è –Ω–∞ –≤—ñ–¥–µ–æ? –ë–æ –º–∏ –Ω–µ –∑–Ω–∞—î–º–æ",Political
04/08/2023,novinach,6,"–ê—Ç–∞–∫—É –Ω–∞–¥–≤–æ–¥–Ω–∏—Ö –¥—Ä–æ–Ω—ñ–≤ –≤ –ù–æ–≤–æ—Ä–æ—Å—ñ–π—Å—å–∫—É –≤—ñ–¥–±–∏–≤–∞–≤ –µ–∫—ñ–ø–∞–∂ –¥–µ—Å–∞–Ω—Ç–Ω–æ–≥–æ –∫–æ—Ä–∞–±–ª—è ""–û–ª–µ–Ω–µ–≥–æ—Ä—Å–∫–∏–π –≥–æ—Ä–Ω—è–∫"", –ø–æ–≤—ñ–¥–æ–º–ª—è–ª–∏ —Ä–æ—Å–ó–ú–Ü.

–ê –∑–∞—Ä–∞–∑ –≤ —Ç–µ–ª–µ–≥—Ä–∞–º-–∫–∞–Ω–∞–ª–∞—Ö —Å—Ç–∞–ª–∏ –∑‚Äò—è–≤–ª—è—Ç–∏—Å—è –≤—ñ–¥–µ–æ, –Ω–∞ —è–∫–∏—Ö –∫–æ—Ä–∞–±–µ–ª—å –¥—É–∂–µ —Å—Ö–æ–∂–∏–π –Ω–∞ ""–û–ª–µ–Ω–µ–≥–æ—Ä—Å–∫–∏–π –≥–æ—Ä–Ω—è–∫"" –Ω–∞—Ö–∏–ª–∏–≤—Å—è —ñ –±—É–∫—Å–∏—Ä—É—î—Ç—å—Å—è",Shelling
04/08/2023,novinach,5,–ú–∞–π–∂–µ —á–≤–µ—Ä—Ç—å –º—ñ–ª—å–π–æ–Ω–∞ —Ä–æ—Å—ñ—è–Ω –≤–∂–µ –Ω–µ –ø—ñ–¥—Ç—Ä–∏–º—É—î –≤—ñ–π–Ω—É,Political
04/08/2023,novinach,5,"—Ä–æ—Å—ñ—è–Ω–∏ –ø–∏—à—É—Ç—å, —â–æ –≤–Ω–æ—á—ñ –¥–≤–∞ –º–æ—Ä—Å—å–∫—ñ –±–µ–∑–ø—ñ–ª–æ—Ç–Ω–∏–∫–∏ ""—Å–ø—Ä–æ–±—É–≤–∞–ª–∏"" –∞—Ç–∞–∫—É–≤–∞—Ç–∏ –≤—ñ–π—Å—å–∫–æ–≤–æ-–º–æ—Ä—Å—å–∫—É –±–∞–∑—É –ù–æ–≤–æ—Ä–æ—Å—ñ–π—Å—å–∫.

–í—Å–µ –∑–Ω–∏—â–µ–Ω–æ, —Å—Ç–≤–µ—Ä–¥–∂—É—Ç—å –æ–∫—É–ø–∞–Ω—Ç–∏, –∞–ª–µ –ø—É–±–ª—ñ–∫—É—é—Ç—å –≤—ñ–¥–µ–æ –ª–∏—à–µ –∑ –æ–¥–Ω–∏–º",Political
03/08/2023,novinach,20,"–ì–æ–ª–æ–≤–Ω–µ —Å—Ç–∞–Ω–æ–º –Ω–∞ –∑–∞—Ä–∞–∑: 

‚Ä¢ –£–∫—Ä–∞—ó–Ω–∞ [—Ä–æ–∑–ø–æ—á–∞–ª–∞](https://t.me/ermaka2022/3355) –ø–µ—Ä–µ–≥–æ–≤–æ—Ä–∏ –∑—ñ –°–®–ê —â–æ–¥–æ –¥–≤–æ—Å—Ç–æ—Ä–æ–Ω–Ω—å–æ—ó —É–≥–æ–¥–∏ –ø—Ä–æ –Ω–∞–¥–∞–Ω–Ω—è –±–µ–∑–ø–µ–∫–æ–≤–∏—Ö –≥–∞—Ä–∞–Ω—Ç—ñ–π, —è–∫—ñ –¥—ñ—è—Ç–∏–º—É—Ç—å –¥–æ —ó—ó –≤—Å—Ç—É–ø—É –≤ –ù–ê–¢–û;

‚Ä¢ –ú—ñ–Ω–æ–±–æ—Ä–æ–Ω–∏ –†—É–º—É–Ω—ñ—ó –ø–æ–∫–∏ [–Ω–µ –≤–∏—è–≤–∏–ª–æ](https://hromadske.ua/posts/minoboroni-rumuniyi-ne-viyavilo-ulamkiv-bezpilotnika-na-svoyij-teritoriyi-pislya-ataki-rosiyi-na-izmayil) —É–ª–∞–º–∫—ñ–≤ –±–µ–∑–ø—ñ–ª–æ—Ç–Ω–∏–∫–∞ –Ω–∞ —Å–≤–æ—ó–π —Ç–µ—Ä–∏—Ç–æ—Ä—ñ—ó –ø—ñ—Å–ª—è –∞—Ç–∞–∫–∏ —Ä–æ—Å—ñ—ó –Ω–∞ –Ü–∑–º–∞—ó–ª;

‚Ä¢ –Ñ–≤—Ä–æ—Ä–∞–¥–∞ [–∑–∞–ø—Ä–æ–≤–∞–¥–∏–ª–∞](https://ec.europa.eu/commission/presscorner/detail/en/ip_23_4063) –¥–æ–¥–∞—Ç–∫–æ–≤—ñ —Å–∞–Ω–∫—Ü—ñ—ó –ø—Ä–æ—Ç–∏ –±—ñ–ª–æ—Ä—É—Å—ñ, —â–æ–± –∑–º–µ–Ω—à–∏—Ç–∏ –∑–¥–∞—Ç–Ω—ñ—Å—Ç—å —Ä–æ—Å—ñ—ó –æ–±—Ö–æ–¥–∏—Ç–∏ –æ–±–º–µ–∂–µ–Ω–Ω—è;

‚Ä¢ –£ –ö–∞–∑–∞—Ö—Å—Ç–∞–Ω—ñ –≤ —ñ–Ω—Ç–µ—Ä–Ω–µ—Ç—ñ [–∑ º—è–≤–∏–ª–∏—Å—å](https://www.reuters.com/world/europe/russia-targets-neighbour-kazakhstan-with-army-recruitment-ads-2023-08-03/) –æ–≥–æ–ª–æ—à–µ–Ω–Ω—è –ø—Ä–æ –ø—Ä–∏—î–¥–Ω–∞–Ω–Ω—è –¥–æ —Ä–æ—Å—ñ–π—Å—å–∫–æ—ó –∞—Ä–º—ñ—ó; 

‚Ä¢ –£ Fortnite [–∑‚Äô—è–≤–∏—Ç—å—Å—è](https://www.euronews.com/culture/2023/08/03/inside-the-holocaust-museum-coming-to-the-video-game-fortnite) –º—É–∑–µ–π –ì–æ–ª–æ–∫–æ—Å—Ç—É",Political
03/08/2023,novinach,19,"""–°—Ö–µ–º–∏"": —Ä–æ—Å—ñ—è [–æ–±—Å—Ç—Ä—ñ–ª—é—î](https://www.radiosvoboda.org/a/news-skhemy-rosia-rakety-hazovi-borhy/32532950.html) –£–∫—Ä–∞—ó–Ω—É —Ä–∞–∫–µ—Ç–∞–º–∏, —è–∫—ñ —É–∫—Ä–∞—ó–Ω—Å—å–∫–∏–π –ö–∞–±–º—ñ–Ω –ø–µ—Ä–µ–¥–∞–≤ –º–æ—Å–∫–≤—ñ –∑–∞ –≥–∞–∑–æ–≤—ñ –±–æ—Ä–≥–∏ —É 1999 —Ä–æ—Ü—ñ. 

–ñ—É—Ä–Ω–∞–ª—ñ—Å—Ç–∏-—Ä–æ–∑—Å–ª—ñ–¥—É–≤–∞—á—ñ –æ—Ç—Ä–∏–º–∞–ª–∏ —Ç–µ–∫—Å—Ç —É–≥–æ–¥–∏ –º—ñ–∂ —É—Ä—è–¥–∞–º–∏ –£–∫—Ä–∞—ó–Ω–∏ —Ç–∞ —Ä—Ñ, –∞ —Ç–∞–∫–æ–∂ —Å–ø–∏—Å–æ–∫ –Ω–æ–º–µ—Ä—ñ–≤ –ø–µ—Ä–µ–¥–∞–Ω–∏—Ö —Ä–∞–∫–µ—Ç.

–î–∞–ª—ñ –≤–æ–Ω–∏ –ø–æ—Ä—ñ–≤–Ω—è–ª–∏ –Ω–æ–º–µ—Ä–∏ –≤ –¥–æ–∫—É–º–µ–Ω—Ç–∞—Ö —ñ–∑ –Ω–æ–º–µ—Ä–∞–º–∏ —Ç–∏—Ö –∫—Ä–∏–ª–∞—Ç–∏—Ö —Ä–∞–∫–µ—Ç –•-55, —è–∫—ñ —Ä–æ—Å—ñ—è –ø–æ—á–∞–ª–∞ –≤–∏–∫–æ—Ä–∏—Å—Ç–æ–≤—É–≤–∞—Ç–∏ –ø—ñ–¥ —á–∞—Å –ø–æ–≤–Ω–æ–º–∞—Å—à—Ç–∞–±–Ω–æ–≥–æ –≤—Ç–æ—Ä–≥–Ω–µ–Ω–Ω—è.

–ß–∞—Å—Ç–∏–Ω—É –∑ –Ω–∏—Ö –∑–±–∏–ª–∏ —Å–∏–ª–∏ —É–∫—Ä–∞—ó–Ω—Å—å–∫–æ—ó –ü–ü–û, —á–∞—Å—Ç–∏–Ω–∞ –≤–ª—É—á–∏–ª–∞ —É –∂–∏—Ç–ª–æ–≤—ñ –±—É–¥–∏–Ω–∫–∏. ""–°—Ö–µ–º–∏"" –∑–Ω–∞–π—à–ª–∏ –±—ñ–ª—å—à–µ 10 —Ä–∞–∫–µ—Ç –∑—ñ —Å–ø–∏—Å–∫—É",Political
03/08/2023,novinach,18,"–ó–∞ —á–∞—Å –≤—ñ–π–Ω–∏ —Ä–æ—Å—ñ—è –≤–∏–ø—É—Å—Ç–∏–ª–∞ –ø–æ –£–∫—Ä–∞—ó–Ω—ñ —â–æ–Ω–∞–π–º–µ–Ω—à–µ 1961 ""—à–∞—Ö–µ–¥"", –∑–Ω–∞—á–Ω—É —á–∞—Å—Ç–∏–Ω—É –¥—Ä–æ–Ω—ñ–≤ –≤–¥–∞–ª–æ—Å—è –∑–±–∏—Ç–∏ ‚Äî [–ø–æ–≤—ñ–¥–æ–º–∏–≤](https://t.me/V_Zelenskiy_official/7237) –ó–µ–ª–µ–Ω—Å—å–∫–∏–π",Political
03/08/2023,novinach,17,–í –±—ñ–ª–æ—Ä—É—Å—ñ –ø—ñ–¥ —á–∞—Å —Ü–∏—Ä–∫–æ–≤–æ—ó –≤–∏—Å—Ç–∞–≤–∏ —É –∞–∫—Ä–æ–±–∞—Ç–∞ —Å—Ç–∞–≤—Å—è —Ä–æ–∑–ª–∞–¥ —à–ª—É–Ω–∫—É,Political
03/08/2023,novinach,17,–£–∫—Ä–∞—ó–Ω–∞ –≤–∏—Ç—Ä–∞—á–∞—î –Ω–∞ –ø–æ—Ç—Ä–µ–±–∏ –ó–°–£ –±–ª–∏–∑—å–∫–æ 2 —Ç—Ä–∏–ª—å–π–æ–Ω—ñ–≤ –≥—Ä–∏–≤–µ–Ω—å –Ω–∞ —Ä—ñ–∫ ‚Äî [–ø–æ–≤—ñ–¥–æ–º–∏–≤](https://www.ukrinform.ua/rubric-ato/3743857-pidtrimka-zsu-ta-vijna-kostue-ukraini-blizko-2-triljoniv-na-rik-smigal.html) –®–º–∏–≥–∞–ª—å,Political
03/08/2023,novinach,15,"–£ —Å–µ–ª—ñ –Ω–∞ –•–º–µ–ª—å–Ω–∏—á—á–∏–Ω—ñ —Ç–∏–∂–¥–µ–Ω—å –Ω–µ –º–æ–∂—É—Ç—å [–≤–ø—ñ–π–º–∞—Ç–∏](https://hromadske.ua/posts/na-hmelnichchini-mavpa-vtikla-z-volyera-ta-vzhe-tizhden-bigaye-po-selu-vona-pokusala-ditinu) –º–∞–≤–ø—É, —â–æ –≤—ñ—Ç–∫–ª–∞ –∑ –≤–æ–ª—å—î—Ä–∞ —Ç–∞ –≤—Å—Ç–∏–≥–ª–∞ –ø–æ–∫—É—Å–∞—Ç–∏ –¥–∏—Ç–∏–Ω—É",Political
03/08/2023,novinach,14,"–ü–æ–ª—å—â–∞ –ø–µ—Ä–µ–º—ñ—Å—Ç–∏–ª–∞ –¥–æ –∫–æ—Ä–¥–æ–Ω—É –∑ –±—ñ–ª–æ—Ä—É—Å—Å—é —É–¥–∞—Ä–Ω—ñ –≥–µ–ª—ñ–∫–æ–ø—Ç–µ—Ä–∏ –Ω–∞ —Ç–ª—ñ –ø—Ä–æ–≤–æ–∫–∞—Ü—ñ–π –≤—ñ–¥ –±—ñ–ª–æ—Ä—É—Å—å–∫–∏—Ö –≤–µ—Ä—Ç–æ–ª—å–æ—Ç—ñ–≤.

""–ì–µ–ª—ñ–∫–æ–ø—Ç–µ—Ä–∏ ‚Äì –æ–∑–±—Ä–æ—î–Ω—ñ —ñ –≥–æ—Ç–æ–≤—ñ –¥–æ –±–æ—é. [...] –Ø–∫—â–æ –±—É–¥–µ –≤—ñ–¥–±—É–≤–∞—Ç–∏—Å—è —â–æ—Å—å —Ç—Ä–∏–≤–æ–∂–Ω–µ, –≤–æ–Ω–∏ –±–µ–∑ –≤–∞–≥–∞–Ω—å –∑–∞—Å—Ç–æ—Å—É—é—Ç—å –∑–±—Ä–æ—é"", ‚Äî [–∑–∞—è–≤–∏–≤](https://www.eurointegration.com.ua/news/2023/08/3/7166953/) –≥–µ–Ω–µ—Ä–∞–ª –ú–∞—Ä–µ–∫ –°–æ–∫–æ–ª–æ–≤—Å—å–∫–∏–π",Shelling
03/08/2023,novinach,13,"–ì–æ–ª–æ–≤–Ω–µ —Å—Ç–∞–Ω–æ–º –Ω–∞ –∑–∞—Ä–∞–∑:

‚Ä¢ –ö–æ—Å—Ç—è–Ω—Ç–∏–Ω –ñ–µ–≤–∞–≥–æ [–æ—Ç—Ä–∏–º–∞–≤](https://nabu.gov.ua/news/koruptc-ia-u-verkhovnomu-sud-vlasniku-grupi-f-nansi-kredit-iakii-perebuva-u-frantc-pov-domili-pro-p-dozru/) –ø—ñ–¥–æ–∑—Ä—É –≤—ñ–¥ –ù–ê–ë–£ —ñ –°–ê–ü –∑–∞ —Ö–∞–±–∞—Ä –≥–æ–ª–æ–≤—ñ —Ç–∞ —Å—É–¥–¥—è–º –í–µ—Ä—Ö–æ–≤–Ω–æ–≥–æ —Å—É–¥—É;

‚Ä¢ –°–ë–£ [–≤–∏–∫—Ä–∏–ª–∞](https://t.me/SBUkr/9156) –∫–µ—Ä—ñ–≤–Ω–∏–∫—ñ–≤ –Ω–∞–≤—á–∞–ª—å–Ω–æ–≥–æ —Ü–µ–Ω—Ç—Ä—É –ù–∞—Ü–≥–≤–∞—Ä–¥—ñ—ó, —è–∫—ñ –±–µ–∑–ø—ñ–¥—Å—Ç–∞–≤–Ω–æ –Ω–∞—Ä–∞—Ö—É–≤–∞–ª–∏ —Å–æ–±—ñ –º–∞–π–∂–µ 1 –º–ª–Ω ""–±–æ–π–æ–≤–∏—Ö"" –ø—Ä–µ–º—ñ–π;

‚Ä¢ –ü—Ä–µ–∑–∏–¥–µ–Ω—Ç –õ–∏—Ç–≤–∏ [–∑—É—Å—Ç—Ä—ñ–≤—Å—è](https://twitter.com/gitanasnauseda/status/1687023705765847040?s=46&t=l-3oXRPqO9H5lbXu3rKUYw) –∑ –ø—Ä–µ–º'—î—Ä-–º—ñ–Ω—ñ—Å—Ç—Ä–æ–º –ü–æ–ª—å—â—ñ —É –°—É–≤–∞–ª—å—Å—å–∫–æ–º—É –∫–æ—Ä–∏–¥–æ—Ä—ñ –¥–ª—è –æ–±–≥–æ–≤–æ—Ä–µ–Ω–Ω—è –±–µ–∑–ø–µ–∫–æ–≤–æ—ó —Å–∏—Ç—É–∞—Ü—ñ—ó –Ω–∞ –∫–æ—Ä–¥–æ–Ω–∞—Ö;

‚Ä¢ –ú—ñ–Ω–æ–±–æ—Ä–æ–Ω–∏ –†—É–º—É–Ω—ñ—ó [–∑–∞—Å—É–¥–∏–ª–æ](https://suspilne.media/amp/543187-rumunska-armia-posileno-kontrolue-kordon-nato-minoboroni-kraini/) –Ω–∞–ø–∞–¥ —Ä—Ñ –Ω–∞ –ø–æ—Ä—Ç –Ü–∑–º–∞—ó–ª —Ç–∞ –ø–æ–≤—ñ–¥–æ–º–∏–ª–æ, —â–æ —Ä—É–º—É–Ω—Å—å–∫–∞ –∞—Ä–º—ñ—è –ø–æ—Å–∏–ª–µ–Ω–æ –∫–æ–Ω—Ç—Ä–æ–ª—é—î –∫–æ—Ä–¥–æ–Ω –ù–ê–¢–û;

‚Ä¢ –ë–æ–π–æ–≤—ñ –º–µ–¥–∏–∫–∏ –∑–º–æ–∂—É—Ç—å –∑–¥—ñ–π—Å–Ω—é–≤–∞—Ç–∏ –ø–µ—Ä–µ–ª–∏–≤–∞–Ω–Ω—è –∫—Ä–æ–≤—ñ –ø—ñ—Å–ª—è –ø—Ä–æ—Ö–æ–¥–∂–µ–Ω–Ω—è –≤—ñ–¥–ø–æ–≤—ñ–¥–Ω–æ—ó –ø—ñ–¥–≥–æ—Ç–æ–≤–∫–∏, [–∑–∞—è–≤–∏–ª–∞](https://t.me/annamaliar/986) –ì–∞–Ω–Ω–∞ –ú–∞–ª—è—Ä",Political
03/08/2023,novinach,12,"–¢—Ä–∞–º–ø [–∑–∞—è–≤–∏–≤](https://thehill.com/homenews/campaign/4133405-trump-says-he-faces-561-years-in-prison-in-fundraising-email/), —â–æ –π–æ–º—É –∑–∞–≥—Ä–æ–∂—É—î –¥–æ 561 —Ä–æ–∫—É —É–≤'—è–∑–Ω–µ–Ω–Ω—è –∑–∞ –≤—Å—ñ–º–∞ –≤–∏—Å—É–Ω—É—Ç–∏–º–∏ –∑–≤–∏–Ω—É–≤–∞—á–µ–Ω–Ω—è–º–∏",Political
03/08/2023,novinach,12,"–ù–∞ –ó–∞–∫–∞—Ä–ø–∞—Ç—Ç—ñ —É –¢—è—á—ñ–≤—Å—å–∫–æ–º—É —Ä–∞–π–æ–Ω—ñ —Ä–æ–∑—Ä–æ–±–ª—è—Ç—é—Ç—å —Å–æ–ª—è–Ω–µ —Ä–æ–¥–æ–≤–∏—â–µ. 

–í–æ–Ω–æ** **–∑–º–æ–∂–µ –Ω–∞ 100% –∑–∞–±–µ–∑–ø–µ—á–∏—Ç–∏ –£–∫—Ä–∞—ó–Ω—É —Ç–µ—Ö–Ω—ñ—á–Ω–æ—é —ñ –∫—É—Ö–æ–Ω–Ω–æ—é —Å—ñ–ª–ª—é, [–ø–æ–≤—ñ–¥–æ–º–ª—è—î](https://t.me/zakarpatskaODA/5777) –≥–æ–ª–æ–≤–∞ –û–í–ê",Shelling
03/08/2023,novinach,11,"–í –º–æ—Å–∫–æ–≤—Å—å–∫—ñ–π –æ–±–ª–∞—Å—Ç—ñ –ø–æ–∂–µ–∂–∞ –Ω–∞ –∞–∫—É–º—É–ª—è—Ç–æ—Ä–Ω–æ–º—É –∑–∞–≤–æ–¥—ñ, –ø–∏—à—É—Ç—å —Ä–æ—Å–ó–ú–Ü. –î–µ—è–∫—ñ –ø–æ–≤—ñ–¥–æ–º–ª—è—é—Ç—å –ø—Ä–æ –≤–∏–±—É—Ö.

–ß–æ–º—É —Ü–µ —Å—Ç–∞–ª–æ—Å—å ‚Äî –Ω–µ–≤—ñ–¥–æ–º–æ",Political
03/08/2023,novinach,10,–î–ë–† [–ø—É–±–ª—ñ–∫—É—î](https://dbr.gov.ua/news/dbr-povidomilo-pro-pidozru-posadovcyam-dsns-cherez-dii-yakih-18-sichnya-2023-roku-v-aviakatastrofi-zaginulo-kerivnictvo-mvs) —Ä–µ–∫–æ–Ω—Å—Ç—Ä—É–∫—Ü—ñ—é —Ç—Ä–∞—î–∫—Ç–æ—Ä—ñ—ó –ø–æ–ª—å–æ—Ç—É —Ç–∞ –∑–∞–ø–∏—Å –ø–µ—Ä–µ–º–æ–≤–∏–Ω –ø—ñ–ª–æ—Ç—ñ–≤,Political
03/08/2023,novinach,10,"–ü‚Äô—è—Ç—å–æ–º –ø–æ—Å–∞–¥–æ–≤—Ü—è–º –î–°–ù–° [–ø–æ–≤—ñ–¥–æ–º–ª–µ–Ω–æ](https://t.me/pgo_gov_ua/15179) –ø—Ä–æ –ø—ñ–¥–æ–∑—Ä—É –≤ —Ä–∞–º–∫–∞—Ö —Å–ø—Ä–∞–≤–∏ –ø—Ä–æ –∞–≤—ñ–∞–∫–∞—Ç–∞—Å—Ç—Ä–æ—Ñ—É —É —Å—ñ—á–Ω—ñ 2023, –≤ —è–∫—ñ–π –∑–∞–≥–∏–Ω—É–ª–æ –∫–µ—Ä—ñ–≤–Ω–∏—Ü—Ç–≤–æ –ú–í–°, –≤–∫–ª—é—á–Ω–æ –∑ –º—ñ–Ω—ñ—Å—Ç—Ä–æ–º –ú–æ–Ω–∞—Å—Ç–∏—Ä—Å—å–∫–∏–º.

–ß–æ—Ç–∏—Ä—å–æ–º –∑ –Ω–∏—Ö —ñ–Ω–∫—Ä–∏–º—ñ–Ω—É—î—Ç—å—Å—è –ø–æ—Ä—É—à–µ–Ω–Ω—è –ø—Ä–∞–≤–∏–ª –±–µ–∑–ø–µ–∫–∏ –ø–æ–ª—å–æ—Ç—ñ–≤. –©–µ –æ–¥–Ω–æ–º—É ‚Äî —Å–ª—É–∂–±–æ–≤–∞ –Ω–µ–¥–±–∞–ª—ñ—Å—Ç—å, —â–æ —Å–ø—Ä–∏—á–∏–Ω–∏–ª–∞ —Ç—è–∂–∫—ñ –Ω–∞—Å–ª—ñ–¥–∫–∏.

–ß–µ—Ä–µ–∑ —Å–∫–ª–∞–¥–Ω—ñ –ø–æ–≥–æ–¥–Ω—ñ —É–º–æ–≤–∏ –µ–∫—ñ–ø–∞–∂ –≥–µ–ª—ñ–∫–æ–ø—Ç–µ—Ä–∞ –î–°–ù–°, –Ω–µ –º–∞—é—á–∏ –¥–æ–∑–≤—ñ–ª—å–Ω–∏—Ö –¥–æ–∫—É–º–µ–Ω—Ç—ñ–≤ –Ω–∞ —Ü–µ–π –ø–æ–ª—ñ—Ç, –ª–µ—Ç—ñ–≤ –Ω–∞ –≥—Ä–∞–Ω–∏—á–Ω–æ –Ω–∏–∑—å–∫—ñ–π –≤–∏—Å–æ—Ç—ñ ‚Äì –Ω–∞–≤—ñ—Ç—å –º–µ–Ω—à—ñ–π, –Ω—ñ–∂ –≤–∏—Å–æ—Ç–∞ –±—É–¥—ñ–≤–µ–ª—å –Ω–∞ –º–∞—Ä—à—Ä—É—Ç—ñ —Ä—É—Ö—É",Political
03/08/2023,novinach,9,"–î–ë–† [–∑–∞—Ç—Ä–∏–º–∞–ª–æ](https://t.me/DBRgovua/3699) –ø–æ—Å–∞–¥–æ–≤—Ü—è –ö–ú–í–ê, —è–∫–∏–π –¥–æ–ø–æ–º–∞–≥–∞–≤ —á–æ–ª–æ–≤—ñ–∫–∞–º –≤–∏—ó—Ö–∞—Ç–∏ –∑–∞ $10 000.

–ü—ñ–¥ —á–∞—Å –æ–±—à—É–∫—ñ–≤ –±—É–ª–æ –≤–∏–ª—É—á–µ–Ω–æ $48 000 —Ç–∞ ‚Ç¨5 000",Political
03/08/2023,novinach,8,"–û–¥–Ω–∏–º —ñ–∑ —Ñ–∞–∫—Ç–æ—Ä—ñ–≤, —â–æ —Å–ø–æ–≤—ñ–ª—å–Ω—é—é—Ç—å –ø—Ä–æ—Å—É–≤–∞–Ω–Ω—è –±–æ–π–æ–≤–∏—Ö –¥—ñ–π –Ω–∞ –ø—ñ–≤–¥–Ω—ñ –£–∫—Ä–∞—ó–Ω–∏, —î –±—É—Ä'—è–Ω–∏ —Ç–∞ —á–∞–≥–∞—Ä–Ω–∏–∫–∏, [–ø–∏—à–µ](https://twitter.com/defencehq/status/1686977578488274944?s=46&t=l-3oXRPqO9H5lbXu3rKUYw) —Ä–æ–∑–≤—ñ–¥–∫–∞ –ë—Ä–∏—Ç–∞–Ω—ñ—ó.

–ß–µ—Ä–µ–∑ —Ç–µ, —â–æ –∑–µ–º–ª—ñ –Ω–µ –æ–±—Ä–æ–±–ª—è—é—Ç—å, –Ω–∞ –Ω–∏—Ö –∞–∫—Ç–∏–≤–Ω—ñ—à–µ —Ä–æ—Å—Ç–µ –ø—ñ–¥–ª—ñ—Å–æ–∫, —è–∫–∏–π –¥–æ–ø–æ–º–∞–≥–∞—î —Ä–æ—Å—ñ—è–Ω–∞–º –º–∞—Å–∫—É–≤–∞—Ç–∏ –ø–æ–∑–∏—Ü—ñ—ó —Ç–∞ –º—ñ–Ω–Ω—ñ –ø–æ–ª—è",Humanitarian
03/08/2023,novinach,8,"–°–ë–£ —ñ –î–ë–† [–ø—Ä–æ–≤–æ–¥—è—Ç—å](https://t.me/SBUkr/9153) –æ–±—à—É–∫–∏ —É –Ω–∞—Ä–¥–µ–ø–∞ –î—É–±—ñ–Ω—Å—å–∫–æ–≥–æ, –ø–µ—Ä–µ–≤—ñ—Ä—è—é—Ç—å –∑–∞–∫–æ–Ω–Ω—ñ—Å—Ç—å –π–æ–≥–æ –≤–∏—ó–∑–¥—É –∑–∞ –∫–æ—Ä–¥–æ–Ω.

–î—É–±—ñ–Ω—Å—å–∫–∏–π —ó–∑–¥–∏–≤ –∑–∞ –º–µ–∂—ñ –£–∫—Ä–∞—ó–Ω–∏ –ø—ñ–¥ –≤–∏–≥–ª—è–¥–æ–º —Å—É–ø—Ä–æ–≤–æ–¥–∂–µ–Ω–Ω—è —Å–≤–æ–≥–æ –±–∞—Ç—å–∫–∞ –Ω–∞ –ª—ñ–∫—É–≤–∞–Ω–Ω—è –¥–æ —ñ–Ω–æ–∑–µ–º–Ω–æ–≥–æ –º–µ–¥–∑–∞–∫–ª–∞–¥—É",Political
03/08/2023,novinach,7,"–°–ë–£ [–∑–∞—Ç—Ä–∏–º–∞–ª–∞](https://t.me/SBUkr/9146) –≤ –û–¥–µ—Å—ñ —é—Ä–∏—Å–∫–æ–Ω—Å—É–ª—å—Ç–∞ ""–ø–∞—Ä—Ç—ñ—ó —à–∞—Ä—ñ—è"".

–í—ñ–Ω (–Ω–µ –ø–æ–≤—ñ—Ä–∏—Ç–µ) –ø—Ä–∞—Ü—é–≤–∞–≤ –Ω–∞ —Ä–æ—Å—ñ–π—Å—å–∫—É –≤–æ—î–Ω–Ω—É —Ä–æ–∑–≤—ñ–¥–∫—É",Political
03/08/2023,novinach,7,"–°–®–ê [–¥–æ–∑–≤–æ–ª–∏–ª–∏](https://www.timesofisrael.com/liveblog_entry/us-okays-finland-purchase-of-israeli-davids-sling-anti-missile-system/) –Ü–∑—Ä–∞—ó–ª—é –ø—Ä–æ–¥–∞—Ç–∏ –§—ñ–Ω–ª—è–Ω–¥—ñ—ó —Å–ø—ñ–ª—å–Ω–æ —Ä–æ–∑—Ä–æ–±–ª–µ–Ω—É —Å–∏—Å—Ç–µ–º—É –ü–†–û ""–ü—Ä–∞—â–∞ –î–∞–≤–∏–¥–∞"".

–¶–µ –±—É–¥–µ –ø–µ—Ä—à–∏–π –≤–∏–ø–∞–¥–æ–∫ –ø—Ä–æ–¥–∞–∂—É —Ü—ñ—î—ó —Å–∏—Å—Ç–µ–º–∏ –∑–∞ –∫–æ—Ä–¥–æ–Ω",Economical
03/08/2023,novinach,6,"[–ú–í–°:](https://t.me/mvs_ukraine/28131) –ø—ñ–¥ —á–∞—Å –≥–∞—Å—ñ–Ω–Ω—è –ø–æ–∂–µ–∂—ñ –≤—ñ–¥–±—É–≤—Å—è –ø–æ–≤—Ç–æ—Ä–Ω–∏–π –æ–±—Å—Ç—Ä—ñ–ª, –ø–æ—Å—Ç—Ä–∞–∂–¥–∞–ª–æ —á–µ—Ç–≤–µ—Ä–æ —Å–ø—ñ–≤—Ä–æ–±—ñ—Ç–Ω–∏–∫—ñ–≤ –î–°–ù–°",Political
03/08/2023,novinach,6,"—Ä–æ—Å—ñ—è–Ω–∏ [–æ–±—Å—Ç—Ä—ñ–ª—è–ª–∏](https://t.me/olexandrprokudin/1065) —Ü–µ—Ä–∫–≤—É —É —Å–µ—Ä–µ–¥–º—ñ—Å—Ç—ñ –•–µ—Ä—Å–æ–Ω–∞. 

–ü–æ—Ä–∞–Ω–µ–Ω–æ —Ç—Ä—å–æ—Ö –ø–∞—Å–∞–∂–∏—Ä—ñ–≤ —Ç—Ä–æ–ª–µ–π–±—É—Å–∞, —â–æ —ó—Ö–∞–≤ –ø–æ–≤–∑ —Å–æ–±–æ—Ä",Shelling
03/08/2023,novinach,5,"–ë—É–ª–∞ –∞—Ä—Ç–∞ –∫—Ä—É–≥–ª–µ–Ω—å–∫–∞, –∫—É—Å—å-–∫—É—Å—å —ñ –≤–∂–µ –º–∞–ª–µ–Ω—å–∫–∞",Political
03/08/2023,novinach,5,"–í–Ω–æ—á—ñ —Ä–æ—Å—ñ—è–Ω–∏ –∑–∞–ø—É—Å—Ç–∏–ª–∏ –ø–æ –ö–∏—î–≤—É ""—à–∞—Ö–µ–¥–∏"", –ü–ü–û –Ω–∞ –ø—ñ–¥–ª—å–æ—Ç—ñ –¥–æ —Å—Ç–æ–ª–∏—Ü—ñ –∑–Ω–∏—â–∏–ª–∞ –ø—ñ–≤—Ç–æ—Ä–∞ –¥–µ—Å—è—Ç–∫–∞ –ø–æ–≤—ñ—Ç—Ä—è–Ω–∏—Ö —Ü—ñ–ª–µ–π, [–ø–æ–≤—ñ–¥–æ–º–ª—è—î](https://t.me/VA_Kyiv/2626) –ö–ú–í–ê.

–û–±—ñ–π—à–ª–æ—Å—è –±–µ–∑ –∂–µ—Ä—Ç–≤ —Ç–∞ —Ä—É–π–Ω—É–≤–∞–Ω—å",Humanitarian
02/08/2023,novinach,22,–ù–∞ –ø—ñ–¥—Å—Ç—É–ø–∞—Ö –¥–æ –ö–∏—î–≤–∞ –ø—Ä–∞—Ü—é—î –ü–ü–û ‚Äî –ø–∏—à–µ –ö–ú–í–ê,Political
02/08/2023,novinach,21,–ù–∞ –ö–∏—ó–≤—â–∏–Ω—ñ –ø–æ–≤—ñ—Ç—Ä—è–Ω–∞ —Ç—Ä–∏–≤–æ–≥–∞. –ó–∞–≥—Ä–æ–∑–∞ –∑–∞—Å—Ç–æ—Å—É–≤–∞–Ω–Ω—è –ë–ø–õ–ê ‚Äî –ø–∏—à—É—Ç—å —É –ü–æ–≤—ñ—Ç—Ä—è–Ω–∏—Ö –°–∏–ª–∞—Ö,Shelling
02/08/2023,novinach,20,"–°—å–æ–≥–æ–¥–Ω—ñ –±—ñ–π—Ü—ñ 92-—ó –±—Ä–∏–≥–∞–¥–∏, —è–∫—ñ–π –≤–∏ —Ä–µ–≥—É–ª—è—Ä–Ω–æ –¥–æ–ø–æ–º–∞–≥–∞—î—Ç–µ, –∑–∞—Ö*—è—Ä–∏–ª–∏ —Ä–æ—Å—ñ–π—Å—å–∫–∏–π —Ç–∞–Ω–∫ –≤ —Ä–∞–π–æ–Ω—ñ –ë–∞—Ö–º—É—Ç—É",Shelling
02/08/2023,novinach,20,"–ì–æ–ª–æ–≤–Ω–µ —Å—Ç–∞–Ω–æ–º –Ω–∞ –∑–∞—Ä–∞–∑:

‚Ä¢ –ì–µ–Ω–ø—Ä–æ–∫—É—Ä–∞—Ç—É—Ä–∞: –≤—ñ–¥ –≤—ñ–π–Ω–∏ [–∑–∞–≥–∏–Ω—É–ª–æ](https://babel.ua/news/96921-ofis-genprokurora-vid-viyni-zaginulo-10-749-civilnih-ukrajinciv) —â–æ–Ω–∞–π–º–µ–Ω—à–µ 10 749 —Ü–∏–≤—ñ–ª—å–Ω–∏—Ö —É–∫—Ä–∞—ó–Ω—Ü—ñ–≤ (–±–µ–∑ —É—Ä–∞—Ö—É–≤–∞–Ω–Ω—è –æ–∫—É–ø–æ–≤–∞–Ω–∏—Ö —Ç–µ—Ä–∏—Ç–æ—Ä—ñ–π);

‚Ä¢ –ë–ï–ë: –¥–µ—Ä–∂–±—é–¥–∂–µ—Ç [–≤—Ç—Ä–∞—Ç–∏–≤](https://esbu.gov.ua/news/biudzhet-vtratyv-3-mlrd-hrn-podatkiv-vid-diialnosti-kryptobirzh) —Ç—Ä–∏ –º—ñ–ª—å—è—Ä–¥–∏ –ø–æ–¥–∞—Ç–∫—ñ–≤ —á–µ—Ä–µ–∑ –¥—ñ—è–ª—å–Ω—ñ—Å—Ç—å –∫—Ä–∏–ø—Ç–æ–±—ñ—Ä–∂;

‚Ä¢ –ö–æ—Ä–∏–≥—É–≤–∞–ª—å–Ω–∏–∫ —Ä–∞–∫–µ—Ç–Ω–∏—Ö —É–¥–∞—Ä—ñ–≤ –ø–æ –î–Ω—ñ–ø—Ä—É [–æ—Ç—Ä–∏–º–∞–≤](https://t.me/SBUkr/9141) 15 —Ä–æ–∫—ñ–≤ —É–≤'—è–∑–Ω–µ–Ω–Ω—è;

‚Ä¢ –ù–∞ –ñ–∏—Ç–æ–º–∏—Ä—â–∏–Ω—ñ –°–ë–£ [–ø–æ–≤—ñ–¥–æ–º–∏–ª–∞](https://hromadske.ua/posts/tiktok-blogerka-z-zhitomirshini-yaka-zaklikala-obstrilyuvati-lviv-otrimala-pidozru-vid-sbu) –ø—Ä–æ –ø—ñ–¥–æ–∑—Ä—É —Ç—ñ–∫—Ç–æ–∫–µ—Ä—Ü—ñ, —è–∫–∞ —Å—Ö–≤–∞–ª—é–≤–∞–ª–∞ —Ä–æ—Å—ñ–π—Å—å–∫—ñ –æ–±—Å—Ç—Ä—ñ–ª–∏ –õ—å–≤–æ–≤–∞;

‚Ä¢ –ó –¥–µ—Ä–∂–±—é–¥–∂–µ—Ç—É [–≤–∏–¥—ñ–ª–∏–ª–∏](https://www.epravda.com.ua/news/2023/08/2/702845/) 4,3 –º—ñ–ª—å—è—Ä–¥–∞ –≥—Ä–∏–≤–µ–Ω—å –Ω–∞ –ø–æ–¥–æ–ª–∞–Ω–Ω—è –Ω–∞—Å–ª—ñ–¥–∫—ñ–≤ —Ç–µ—Ä–∞–∫—Ç—É –Ω–∞ –ö–∞—Ö–æ–≤—Å—å–∫—ñ–π –ì–ï–°",Political
02/08/2023,novinach,19,"–£—Å—ñ –±–æ–º–±–∞—Ä–¥—É–≤–∞–ª—å–Ω–∏–∫–∏ –¢—É-95–º—Å –∑–¥—ñ–π—Å–Ω–∏–ª–∏ –ø–æ—Å–∞–¥–∫—É –Ω–∞ –∞–µ—Ä–æ–¥—Ä–æ–º—ñ ""–ï–Ω–≥–µ–ª—å—Å"", [–ø–∏—à—É—Ç—å](https://t.me/kpszsu/3876) –ü–æ–≤—ñ—Ç—Ä—è–Ω—ñ –°–∏–ª–∏",Political
02/08/2023,novinach,18,–§–µ–¥–æ—Ä–æ–≤: –£—Ä—è–¥ [–ø–æ—á–∞–≤](https://t.me/zedigital/3440) —Ä–æ–±–æ—Ç—É –Ω–∞–¥ –ø—Ä–∞–≤–æ–≤–∏–º —É—Ä–µ–≥—É–ª—é–≤–∞–Ω–Ω—è–º –®–Ü –¥–ª—è –∑–∞–ª—É—á–µ–Ω–Ω—è —ñ–Ω–æ–∑–µ–º–Ω–∏—Ö —Ç–µ—Ö–Ω–æ–ª–æ–≥—ñ—á–Ω–∏—Ö –∫–æ–º–ø–∞–Ω—ñ–π –Ω–∞ —É–∫—Ä–∞—ó–Ω—Å—å–∫–∏–π —Ä–∏–Ω–æ–∫,Political
02/08/2023,novinach,17,–ù–∞ —Ä–æ—Å—ñ—ó –∑–ª–µ—Ç—ñ–ª–∏ 4 —Å—Ç—Ä–∞—Ç–µ–≥—ñ—á–Ω–∏—Ö –±–æ–º–±–∞—Ä–¥—É–≤–∞–ª—å–Ω–∏–∫–∞ –¢—É-95–º—Å. –û—Ä—ñ—î–Ω—Ç–æ–≤–Ω–∏–π —á–∞—Å –≤–∏—Ö–æ–¥—É –ª—ñ—Ç–∞–∫—ñ–≤ –Ω–∞ —Ä—É–±—ñ–∂ –ø—É—Å–∫—É –∫—Ä–∏–ª–∞—Ç–∏—Ö —Ä–∞–∫–µ—Ç 22:30 ‚Äî [–ü–æ–≤—ñ—Ç—Ä—è–Ω—ñ –°–∏–ª–∏](https://t.me/kpszsu/3870),Shelling
02/08/2023,novinach,17,–¶—å–æ–≥–æ –º—ñ—Å—è—Ü—è –ø–æ—á–Ω–µ—Ç—å—Å—è –Ω–∞–≤—á–∞–Ω–Ω—è —É–∫—Ä–∞—ó–Ω—Å—å–∫–∏—Ö –ø—ñ–ª–æ—Ç—ñ–≤ –Ω–∞ F-16 ‚Äî [–∑–∞—è–≤–∏–≤](https://t.me/V_Zelenskiy_official/7225) –ø—Ä–µ–∑–∏–¥–µ–Ω—Ç –ó–µ–ª–µ–Ω—Å—å–∫–∏–π,Political
02/08/2023,novinach,16,"–£ –¢—É—Ä–µ—á—á–∏–Ω—ñ [–ø—ñ–¥—ñ—Ä–≤–∞–ª–∏](https://www.eurointegration.com.ua/news/2023/08/2/7166879/) –º–∞–π–∂–µ 30 –∞—Ä—Ç—Å–Ω–∞—Ä—è–¥—ñ–≤, —è–∫—ñ –ø—Ä–∏–±–∏–ª–æ –¥–æ –±–µ—Ä–µ–≥–∞ –±—ñ–ª—è –°—Ç–∞–º–±—É–ª–∞",Political
02/08/2023,novinach,15,"–î–ë–† [–ø–æ–≤—ñ–¥–æ–º–∏–ª–æ](https://t.me/DBRgovua/3697) –ø—Ä–æ –ø—ñ–¥–æ–∑—Ä—É –∑–∞–∫–∞—Ä–ø–∞—Ç—Å—å–∫–æ–º—É –≤—ñ–π—Å—å–∫–∫–æ–º—É, —è–∫–∏–π –∑–º—É—à—É–≤–∞–≤ —Å–æ–ª–¥–∞—Ç –±—É–¥—É–≤–∞—Ç–∏ –π–æ–º—É –º–∞—î—Ç–æ–∫",Humanitarian
02/08/2023,novinach,14,"–ü—Ä–æ–≥—Ä–∞–º—É –ø—Ä–µ–¥–º–µ—Ç—É ""–ó–∞—Ö–∏—Å—Ç –£–∫—Ä–∞—ó–Ω–∏"" –±—É–¥–µ –æ–Ω–æ–≤–ª–µ–Ω–æ, [–ø–∏—à–µ](https://www.facebook.com/oksenlisovyi/posts/pfbid0P2BxXnKEKSvco2bFjXKqZokYbRWwEX4LbpmBSjjrJGBtmeQ5yE4xXdXsLJVPy4e1l) –ú—ñ–Ω—ñ—Å—Ç—Ä –æ—Å–≤—ñ—Ç–∏ –û–∫—Å–µ–Ω –õ—ñ—Å–æ–≤–∏–π.

–£—á–Ω—ñ–≤ –Ω–∞–≤—á–∞—Ç–∏–º—É—Ç—å —è–∫—ñ—Å–Ω—ñ–π –¥–æ–º–µ–¥–∏—á–Ω—ñ–π –¥–æ–ø–æ–º–æ–∑—ñ, –º—ñ–Ω–Ω—ñ–π –±–µ–∑–ø–µ—Ü—ñ, –∫–µ—Ä—É–≤–∞–Ω–Ω—é –¥—Ä–æ–Ω–∞–º–∏ —Ç–∞ –æ—Ä—ñ—î–Ω—Ç—É–≤–∞–Ω–Ω—é –Ω–∞ –º—ñ—Å—Ü–µ–≤–æ—Å—Ç—ñ",Political
02/08/2023,novinach,13,"–ì–æ–ª–æ–≤–Ω–µ —Å—Ç–∞–Ω–æ–º –Ω–∞ –∑–∞—Ä–∞–∑:

‚Ä¢ –í–Ω–æ—á—ñ –≤—ñ–¥ –∞—Ç–∞–∫–∏ –¥—Ä–æ–Ω—ñ–≤ —Å–µ—Ä–π–æ–∑–Ω–æ –ø–æ—Å—Ç—Ä–∞–∂–¥–∞–≤ –ø–æ—Ä—Ç –Ü–∑–º–∞—ó–ª—É, [–ø–∏—à–µ](https://www.reuters.com/world/europe/russia-hits-port-grain-silo-ukraines-odesa-region-official-2023-08-02/) Reuters. –ß–µ—Ä–µ–∑ —Ü–µ —Ü—ñ–Ω–∏ –Ω–∞ –ø—à–µ–Ω–∏—Ü—é –Ω–∞ –ß–∏–∫–∞–∑—å–∫–∏–π –±—ñ—Ä–∂—ñ [–ø—ñ–¥—Å–∫–æ—á–∏–ª–∏](https://www.bloomberg.com/news/articles/2023-08-02/wheat-and-corn-jump-on-report-russia-attacks-odesa-region-port) –Ω–∞ 6,5%

‚Ä¢ –¶–í–ö [–≤–∏–∑–Ω–∞–ª–∞](https://www.pravda.com.ua/news/2023/08/2/7413892/) –ù–∞—Ç–∞–ª—ñ—é –õ–æ–∫—Ç—ñ–æ–Ω–æ–≤—É –æ–±—Ä–∞–Ω–æ—é –Ω–∞—Ä–æ–¥–Ω–æ—é –¥–µ–ø—É—Ç–∞—Ç–∫–æ—é –≤—ñ–¥ ""–°–ª—É–≥–∏ –Ω–∞—Ä–æ–¥—É"" –∑–∞–º—ñ—Å—Ç—å –Æ—Ä—ñ—è –ê—Ä—ñ—Å—Ç–æ–≤–∞

‚Ä¢ –ü—Ä–µ–º º—î—Ä–∫–∞ –Ü—Ç–∞–ª—ñ—ó –î–∂–æ—Ä–¥–∂–∞ –ú–µ–ª–æ–Ω—ñ [–ø–æ–¥–∞–ª–∞ –¥–æ —Å—É–¥—É](https://www.lastampa.it/politica/2023/08/01/news/meloni_querela_placebo-12976706/) –Ω–∞ –≤–æ–∫–∞–ª—ñ—Å—Ç–∞ –≥—É—Ä—Ç—É Placebo, –±–æ —Ç–æ–π –Ω–∞–∑–≤–∞–≤ —ó—ó ""—Ñ–∞—à–∏—Å—Ç–∫–æ—é, —Ä–∞—Å–∏—Å—Ç–∫–æ—é —Ç–∞ –Ω–∞—Ü–∏—Å—Ç–∫–æ—é""

‚Ä¢ —Ä–æ—Å—ñ—è –∑–∞—è–≤–∏–ª–∞, —â–æ —Ü—ñ—î—ó –Ω–æ—á—ñ –º–æ—Ä—Å—å–∫–∏–π –±–µ–∑–ø—ñ–ª–æ—Ç–Ω–∏–π –∫–∞—Ç–µ—Ä ""—Å–ø—Ä–æ–±—É–≤–∞–≤"" –∞—Ç–∞–∫—É–≤–∞—Ç–∏ –∫–æ—Ä–∞–±–µ–ª—å –í–ú–§

‚Ä¢ –£ –ú–∞—Ä–≥–∞–Ω—Ü—ñ –Ω–∞ –î–Ω—ñ–ø—Ä–æ–ø–µ—Ç—Ä–æ–≤—â–∏–Ω—ñ –Ω–µ–≤—ñ–¥–æ–º–∏–π —á–æ–ª–æ–≤—ñ–∫ [–ø—ñ–¥—ñ—Ä–≤–∞–≤](https://t.me/mvs_ukraine/28090) –±–æ—î–ø—Ä–∏–ø–∞—Å –≤ –ø—Ä–∏–º—ñ—â–µ–Ω–Ω—ñ –∞–¥–º—ñ–Ω–±—É–¥—ñ–≤–ª—ñ, –≤–Ω–∞—Å–ª—ñ–¥–æ–∫ —á–æ–≥–æ –æ—Ç—Ä–∏–º–∞–≤ —Ç—ñ–ª–µ—Å–Ω—ñ —É—à–∫–æ–¥–∂–µ–Ω–Ω—è. –Ü–Ω—à—ñ –≥—Ä–æ–º–∞–¥—è–Ω–∏ –Ω–µ –ø–æ—Å—Ç—Ä–∞–∂–¥–∞–ª–∏",Humanitarian
02/08/2023,novinach,12,"–ü–æ–ª—ñ—Ü—ñ—è –ú–∞—è–º—ñ [–ø–µ—Ä–µ–¥–∞–ª–∞](https://mil.in.ua/uk/news/politsiya-mayami-peredala-ukrayini-konfiskovanu-zbroyu/) –£–∫—Ä–∞—ó–Ω—ñ 101 –æ–¥–∏–Ω–∏—Ü—é –∫–æ–Ω—Ñ—ñ—Å–∫–æ–≤–∞–Ω–æ—ó —Å—Ç—Ä—ñ–ª–µ—Ü—å–∫–æ—ó –∑–±—Ä–æ—ó.

–ù–µ–≤—ñ–¥–æ–º–∏–π ""–¥–æ–Ω–æ—Ä"" –¥–æ–¥–∞–≤ –¥–æ –Ω–µ—ó 148 —Ç–∏—Å—è—á –ø–∞—Ç—Ä–æ–Ω—ñ–≤",Political
02/08/2023,novinach,11,"–ü–æ–ª—å—Å—å–∫–æ-—É–∫—Ä–∞—ó–Ω—Å—å–∫—ñ –≤—ñ–¥–Ω–æ—Å–∏–Ω–∏ –Ω–∞—Ä–∞–∑—ñ –Ω–µ —î –Ω–∞–π–∫—Ä–∞—â–∏–º–∏ —á–µ—Ä–µ–∑ ""–æ—Å—Ç–∞–Ω–Ω—ñ –∑–∞—è–≤–∏ –¥–µ—è–∫–∏—Ö –ø—Ä–µ–¥—Å—Ç–∞–≤–Ω–∏–∫—ñ–≤ —É–∫—Ä–∞—ó–Ω—Å—å–∫–æ—ó –≤–ª–∞–¥–∏"", [–∑–∞—è–≤–∏–≤](https://www.rmf24.pl/tylko-w-rmf24/poranna-rozmowa/news-jablonski-o-incydencie-z-bialoruskimi-smiglowcami-informacje,nId,6937656#crp_state=1) –∑–∞—Å—Ç—É–ø–Ω–∏–∫ –≥–æ–ª–æ–≤–∏ –ú–ó–° –ü–æ–ª—å—â—ñ –ü–∞–≤–ª–æ –Ø–±–ª–æ–Ω—Å—å–∫–∏–π.

–ü—Ä–æ —è–∫—ñ —Å–∞–º–µ –∑–∞—è–≤–∏ –π–¥–µ—Ç—å—Å—è ‚Äî –Ω–µ–≤—ñ–¥–æ–º–æ. 

""–£ –º–µ–Ω–µ —Ç–∞–∫–µ –≤—Ä–∞–∂–µ–Ω–Ω—è, —â–æ —Ü–µ –ø–æ–≤'—è–∑–∞–Ω–æ –∑ —Ç–∏–º, —â–æ, –Ω–∞ –∂–∞–ª—å, —Ç–∞–º –≤–∏–ø–ª–µ—Å–Ω—É–ª–∏—Å—è –ø–µ–≤–Ω—ñ –µ–º–æ—Ü—ñ—ó. –ú–∏ —Ç—É—Ç —Ç—Ä–æ—Ö–∏ –ø–æ–±–ª–∞–∂–ª–∏–≤—ñ ‚Äî –Ω—É, —Ç–æ–º—É —â–æ, –∑–≤–∏—á–∞–π–Ω–æ, –Ω–∞ –¥–µ—Ä–∂–∞–≤—É –Ω–∞–ø–∞–¥–∞—é—Ç—å, –∞–ª–µ –≤–æ–Ω–∞ –Ω–µ –ø–æ–≤–∏–Ω–Ω–∞ —Ç–∞–∫–æ–∂ –Ω–∞–ø–∞–¥–∞—Ç–∏ –Ω–∞ —Å–≤–æ—ó—Ö —Å–æ—é–∑–Ω–∏–∫—ñ–≤"", ‚Äî —Å–∫–∞–∑–∞–≤ –Ø–±–ª–æ–Ω—Å—å–∫–∏–π.

–ì–æ–ª–æ–≤–Ω–æ—é –ø—Ä–æ–±–ª–µ–º–æ—é —É –ø–æ–ª—å—Å—å–∫–æ-—É–∫—Ä–∞—ó–Ω—Å—å–∫–∏—Ö –≤—ñ–¥–Ω–æ—Å–∏–Ω–∞—Ö –∑–∞–ª–∏—à–∞—î—Ç—å—Å—è ""–Ω–µ—Ä–æ–∑–≤'—è–∑–∞–Ω–Ω—è –í–æ–ª–∏–Ω—Å—å–∫–æ–≥–æ –∑–ª–æ—á–∏–Ω—É"", –∫–∞–∂–µ –≤—ñ–Ω",Political
02/08/2023,novinach,10,"–Ø–∫—â–æ —à–æ, –¢—É—Ä–µ—á—á–∏–Ω–∞ –Ω–µ –ø—ñ–¥–ø–∏—Å—É–≤–∞–ª–∞ –†–∏–º—Å—å–∫–∏–π —Å—Ç–∞—Ç—É—Ç, —Ç–æ–º—É –Ω–µ –∑–æ–±–æ–≤‚Äô—è–∑–∞–Ω–∞ –∞—Ä–µ—à—Ç–æ–≤—É–≤–∞—Ç–∏ –ø—É—Ç—ñ–Ω–∞",Shelling
02/08/2023,novinach,10,"–ï—Ä–¥–æ–≥–∞–Ω —Ç–∞ –ø—É—Ç—ñ–Ω [–¥–æ–º–æ–≤–∏–ª–∏—Å—è](https://twitter.com/anadoluagency/status/1686683200469221376?s=46&t=l-3oXRPqO9H5lbXu3rKUYw) –ø—Ä–æ –∑—É—Å—Ç—Ä—ñ—á —É –¢—É—Ä–µ—á—á–∏–Ω—ñ.

""–î–æ–≤–≥–æ—Å—Ç—Ä–æ–∫–æ–≤–µ –ø—Ä–∏–∑—É–ø–∏–Ω–µ–Ω–Ω—è —á–æ—Ä–Ω–æ–º–æ—Ä—Å—å–∫–æ—ó –∑–µ—Ä–Ω–æ–≤–æ—ó —É–≥–æ–¥–∏ –Ω–µ –≤–∏–≥—ñ–¥–Ω–µ –Ω—ñ–∫–æ–º—É"", ‚Äî –∑–∞—è–≤–∏–≤ –ø—Ä–µ–∑–∏–¥–µ–Ω—Ç –¢—É—Ä–µ—á—á–∏–Ω–∏ –ø—É—Ç—ñ–Ω—É –ø—ñ–¥ —á–∞—Å —Ç–µ–ª–µ—Ñ–æ–Ω–Ω–æ—ó —Ä–æ–∑–º–æ–≤–∏",Political
02/08/2023,novinach,9,"[FT:](https://www.ft.com/content/9807f021-a7db-4357-8ea2-ed05cbf4ba05) –ë—ñ–ª–∏–π –¥—ñ–º –∑–≤–µ—Ä–Ω–µ—Ç—å—Å—è –¥–æ –ö–æ–Ω–≥—Ä–µ—Å—É –∑ –ø—Ä–æ—Ö–∞–Ω–Ω—è–º –ø—Ä–æ—Ñ—ñ–Ω–∞–Ω—Å—É–≤–∞—Ç–∏ –æ–∑–±—Ä–æ—î–Ω–Ω—è –¥–ª—è –¢–∞–π–≤–∞–Ω—é –∑ –±—é–¥–∂–µ—Ç—É, —Ä–æ–∑—Ä–∞—Ö–æ–≤–∞–Ω–æ–≥–æ –Ω–∞ –¥–æ–ø–æ–º–æ–≥—É –£–∫—Ä–∞—ó–Ω—ñ.

–¶–µ –º–∞—î –ø—Ä–∏—Å–∫–æ—Ä–∏—Ç–∏ –ø–µ—Ä–µ–¥–∞—á—É –∑–±—Ä–æ—ó –¢–∞–π–≤–∞–Ω—é –Ω–∞ —Ç–ª—ñ –∑—Ä–æ—Å—Ç–∞—é—á–æ—ó –∑–∞–≥—Ä–æ–∑–∏ –∑ –±–æ–∫—É –ö–∏—Ç–∞—é",Political
02/08/2023,novinach,8,"–í–∞–¥–∏–º–∞ –†–∞–±—ñ–Ω–æ–≤–∏—á–∞ –∑–∞–æ—á–Ω–æ [–∞—Ä–µ—à—Ç—É–≤–∞–ª–∏.](https://t.me/DBRgovua/3692)

–ú–∏–Ω—É–ª–æ–≥–æ —Ç–∏–∂–Ω—è –π–æ–º—É –æ–≥–æ–ª–æ—Å–∏–ª–∏ –ø—Ä–æ –ø—ñ–¥–æ–∑—Ä—É —É –¥–µ—Ä–∂–∑—Ä–∞–¥—ñ",Political
02/08/2023,novinach,7,"–ó–ú–Ü –ø–∏—à—É—Ç—å –ø—Ä–æ –≤–∏–±—É—Ö–∏ –≤ –æ–∫—É–ø–æ–≤–∞–Ω–æ–º—É –ì–≤–∞—Ä–¥—ñ–π—Å—å–∫–æ–º—É (–ö—Ä–∏–º).**
**
–ë—ñ–ª—è —Å–µ–ª–∏—â–∞ —Ä–æ–∑—Ç–∞—à–æ–≤–∞–Ω–∞ –∞–≤—ñ–∞–±–∞–∑–∞ ""–ì–≤–∞—Ä–¥—ñ–π—Å—å–∫–µ""",Political
02/08/2023,novinach,6,–ù–∞—Å–ª—ñ–¥–∫–∏ –Ω—ñ—á–Ω–æ—ó –≤–æ—Ä–æ–∂–æ—ó –∞—Ç–∞–∫–∏ –Ω–∞ –ø—ñ–≤–¥–µ–Ω—å –û–¥–µ—â–∏–Ω–∏,Shelling
02/08/2023,novinach,6,"–î–æ–Ω–∞–ª—å–¥—É –¢—Ä–∞–º–ø—É [–≤–∏—Å—É–Ω—É–ª–∏](https://www.bbc.com/news/world-us-canada-66263089) –Ω–æ–≤—ñ –∑–≤–∏–Ω—É–≤–∞—á–µ–Ω–Ω—è.

–ù–∞ —Ü–µ–π —Ä–∞–∑ —É —Å–ø—Ä–∞–≤—ñ –ø—Ä–æ —à—Ç—É—Ä–º –ö–∞–ø—ñ—Ç–æ–ª—ñ—è —Ç–∞ —Å–ø—Ä–æ–±—É —Å–∫–∞—Å—É–≤–∞—Ç–∏ –≤–∏–±–æ—Ä–∏ 2020 —Ä–æ–∫—É",Political
02/08/2023,novinach,6,"–í–Ω–æ—á—ñ –±—É–ª–æ –∑–Ω–∏—â–µ–Ω–æ 23 ""—à–∞—Ö–µ–¥–∏"", [–ø–æ–≤—ñ–¥–æ–º–ª—è—é—Ç—å](https://t.me/kpszsu/3850) –ü–æ–≤—ñ—Ç—Ä—è–Ω—ñ —Å–∏–ª–∏.

–©–µ –¥–µ–∫—ñ–ª—å–∫–∞ –¥—Ä–æ–Ω—ñ–≤ —É—Ä–∞–∑–∏–ª–∏ –ø–æ—Ä—Ç–æ–≤—É —ñ–Ω—Ñ—Ä–∞—Å—Ç—Ä—É–∫—Ç—É—Ä—É –≤ –û–¥–µ—Å—å–∫—ñ–π –æ–±–ª–∞—Å—Ç—ñ",Political
02/08/2023,novinach,5,"–ü–æ—à–∫–æ–¥–∂–µ–Ω–∏–π –≤–Ω–∞—Å–ª—ñ–¥–æ–∫ –ø–∞–¥—ñ–Ω–Ω—è —É–ª–∞–º–∫—ñ–≤ —Ñ–∞—Å–∞–¥ –∞–¥–º—ñ–Ω–±—É–¥—ñ–≤–ª—ñ —É –°–æ–ª–æ–º º—è–Ω—Å—å–∫–æ–º—É —Ä–∞–π–æ–Ω—ñ –ö–∏—î–≤–∞.

–§–æ—Ç–æ: –î–°–ù–°",Political
02/08/2023,novinach,5,"–ó–Ω–æ–≤—É —Ç—Ä–∏–≤–æ–≥–∞. –ó–Ω–æ–≤—É –ú—ñ–ì-31–ö–∞–ª

UPD. –ó–Ω–æ–≤—É –≤—ñ–¥–±—ñ–π",Political
02/08/2023,novinach,5,"–î—Ä—î–º–ª—î—Ç –ø–∞—Ä—î–Ω—å –¥–æ –æ–±—î–¥–∞
–°–Ω–∏—Ç—Å—è –ø–∞—Ä–Ω—é –¥—î–Ω—å –ø–∞–±—î–¥–∏",Shelling
02/08/2023,novinach,4,"–í–Ω–æ—á—ñ —Ä–æ—Å—ñ—è–Ω–∏ [–∞—Ç–∞–∫—É–≤–∞–ª–∏](https://t.me/VA_Kyiv/2612) –ö–∏—ó–≤ ""—à–∞—Ö–µ–¥–∞–º–∏"", —É—Å—ñ 10 –ë–ø–õ–ê –±—É–ª–æ –∑–±–∏—Ç–æ —Å–∏–ª–∞–º–∏ –ü–ü–û.

–ó–∞—Ñ—ñ–∫—Å–æ–≤–∞–Ω–æ –ø–∞–¥—ñ–Ω–Ω—è —É–ª–∞–º–∫—ñ–≤ –≤ –°–æ–ª–æ–º º—è–Ω—Å—å–∫–æ–º—É, –ì–æ–ª–æ—Å—ñ—ó–≤—Å—å–∫–æ–º—É —Ç–∞ –°–≤—è—Ç–æ—à–∏–Ω—Å—å–∫–æ–º—É —Ä–∞–π–æ–Ω–∞—Ö –ö–∏—î–≤–∞. –û–±—ñ–π—à–ª–æ—Å—è –±–µ–∑ —Å–µ—Ä–π–æ–∑–Ω–∏—Ö —Ä—É–π–Ω—É–≤–∞–Ω—å —Ç–∞ –ø–æ–∂–µ–∂.

–¢–∞–∫–æ–∂ –±—É–ª–æ [–∞—Ç–∞–∫–æ–≤–∞–Ω–æ](https://t.me/odeskaODA/2221) –ø—ñ–≤–¥–µ–Ω—å –û–¥–µ—â–∏–Ω–∏: –Ω–∞ –æ–±'—î–∫—Ç–∞—Ö –ø–æ—Ä—Ç–æ–≤–æ—ó —Ç–∞ –ø—Ä–æ–º–∏—Å–ª–æ–≤–æ—ó —ñ–Ω—Ñ—Ä–∞—Å—Ç—Ä—É–∫—Ç—É—Ä–∏ —Ä–µ–≥—ñ–æ–Ω—É –≤–∏–Ω–∏–∫–ª—ñ –ø–æ–∂–µ–∂—ñ, –ø–æ—à–∫–æ–¥–∂–µ–Ω–æ –µ–ª–µ–≤–∞—Ç–æ—Ä.

–Ñ —Ç–∞–∫–æ–∂ [–∑–±–∏—Ç—Ç—è](https://t.me/igorkalchenko/696) ""—à–∞—Ö–µ–¥—É"" —É –Ω–µ–±—ñ –°—É–º—â–∏–Ω–∏.

–£—Å—ñ –¥–∞–Ω—ñ —É—Ç–æ—á–Ω—é—é—Ç—å—Å—è",Shelling
02/08/2023,novinach,4,"–¢—Ä–∏–≤–æ–≥–∞ –ø–æ –≤—Å—ñ–π –£–∫—Ä–∞—ó–Ω—ñ —á–µ—Ä–µ–∑ –∑–ª—ñ—Ç –ú—ñ–ì-31–ö–∞–ª –ü–ö–° —Ä—Ñ.

UPD. –í—ñ–¥–±—ñ–π",Political
01/08/2023,novinach,21,"–ü–∞—Å–∞–∂–∏—Ä–∏ –£–∫—Ä–∑–∞–ª—ñ–∑–Ω–∏—Ü—ñ [–ø—Ä–∏–¥–±–∞–ª–∏](https://t.me/UkrzalInfo/4749) 50 721 –ø–∞–∫–µ—Ç–∏–∫ ""–ë–æ–π–æ–≤–æ–≥–æ"" —Ç–∞ ""–†–æ–∑–≤—ñ–¥—É–≤–∞–ª—å–Ω–æ–≥–æ"" —á–∞—é, –∑–∞–≤–¥—è–∫–∏ —á–æ–º—É –≤–¥–∞–ª–æ—Å—è –∑—ñ–±—Ä–∞—Ç–∏ 278 965 –≥—Ä–∏–≤–µ–Ω—å –Ω–∞ FPV-–¥—Ä–æ–Ω–∏",Political
01/08/2023,novinach,20,"–ì–æ–ª–æ–≤–Ω–µ —Å—Ç–∞–Ω–æ–º –Ω–∞ –∑–∞—Ä–∞–∑:

‚Ä¢ –ù–∞—Ü–±–∞–Ω–∫ [—É—Ö–≤–∞–ª–∏–≤](https://bank.gov.ua/ua/news/all/natsionalniy-bank-uhvaliv-rishennya-vidklikati-bankivsku-litsenziyu-ta-likviduvati-at-akb-konkord) —Ä—ñ—à–µ–Ω–Ω—è –ª—ñ–∫–≤—ñ–¥—É–≤–∞—Ç–∏ Concord Bank

‚Ä¢ –ú–ó–° –ü–æ–ª—å—â—ñ [–≤–∏–∫–ª–∏–∫–∞–ª–æ](https://www.eurointegration.com.ua/news/2023/08/1/7166838/) –ø–æ—Å–ª–∞ –£–∫—Ä–∞—ó–Ω–∏ –ø—ñ—Å–ª—è —Ç–æ–≥–æ, —è–∫ —É–∫—Ä–∞—ó–Ω—Å—å–∫–µ –ú–ó–° –≤–∏–∫–ª–∏–∫–∞–ª–æ –ø–æ–ª—å—Å—å–∫–æ–≥–æ –ø–æ—Å–ª–∞ –Ω–∞ —Ç–ª—ñ –∑–∞—è–≤ –≤ –æ—Ñ—ñ—Å—ñ –î—É–¥–∏

‚Ä¢ [CNN:](https://edition.cnn.com/2023/08/01/politics/f-16-ukrainian-pilots-training-critical-decisions-august/index.html) –°–®–ê –≤—Å–µ —â–µ —á–µ–∫–∞—é—Ç—å –≤—ñ–¥ —î–≤—Ä–æ–ø–µ–π—Å—å–∫–∏—Ö —á–∏–Ω–æ–≤–Ω–∏–∫—ñ–≤ –æ—Å—Ç–∞—Ç–æ—á–Ω–æ–≥–æ –ø–ª–∞–Ω—É –ø—ñ–¥–≥–æ—Ç–æ–≤–∫–∏ —É–∫—Ä–∞—ó–Ω—Å—å–∫–∏—Ö –ø—ñ–ª–æ—Ç—ñ–≤ –Ω–∞ –≤–∏–Ω–∏—â—É–≤–∞—á–∞—Ö F-16

‚Ä¢ –í–ê–ö–° [–æ–≥–æ–ª–æ—Å–∏–≤](https://suspilne.media/541763-vaks-ogolosiv-virok-eksministru-ekologii/) –≤–∏—Ä–æ–∫ —É —Å–ø—Ä–∞–≤—ñ –µ–∫—Å–º—ñ–Ω—ñ—Å—Ç—Ä–∞ –µ–∫–æ–ª–æ–≥—ñ—ó –ó–ª–æ—á–µ–≤—Å—å–∫–æ–≥–æ ‚Äî –π–æ–º—É –ø—Ä–∏–∑–Ω–∞—á–∏–ª–∏ —à—Ç—Ä–∞—Ñ –≤ —Ä–æ–∑–º—ñ—Ä—ñ 68 —Ç–∏—Å—è—á –≥—Ä–∏–≤–µ–Ω—å

‚Ä¢ –°–ë–£ [–≤–∏–∫—Ä–∏–ª–∞](https://t.me/SBUkr/9124) –≤ –û–¥–µ—Å—ñ –≤—ñ–π—Å—å–∫–æ–≤–æ–≥–æ —á–∏–Ω–æ–≤–Ω–∏–∫–∞, —è–∫–∏–π –≤–∏–º–∞–≥–∞–≤ ""–≤—ñ–¥–∫–∞—Ç–∏"" –∑–∞ —Ä–µ–º–æ–Ω—Ç –∫–∞–∑–∞—Ä–º –¥–ª—è –º–æ–±—ñ–ª—ñ–∑–æ–≤–∞–Ω–∏—Ö –¥–æ –ó–°–£",Political
01/08/2023,novinach,19,–û—Ä—ñ—î–Ω—Ç–æ–≤–Ω–∏–π —á–∞—Å –≤—Ö–æ–¥–∂–µ–Ω–Ω—è –≤ –ø–æ–≤—ñ—Ç—Ä—è–Ω–∏–π –ø—Ä–æ—Å—Ç—ñ—Ä –£–∫—Ä–∞—ó–Ω–∏ ‚Äì –ø—ñ—Å–ª—è –æ–ø—ñ–≤–Ω–æ—á—ñ ‚Äî –ü–°,Political
01/08/2023,novinach,19,"[–ü–°:](https://t.me/kpszsu/3814) –∑–∞—Ñ—ñ–∫—Å–æ–≤–∞–Ω–æ –ø—É—Å–∫–∏ –∫—ñ–ª—å–∫–æ—Ö –≥—Ä—É–ø –ë–ø–õ–ê —Ç–∏–ø—É ""Shahed"" –∑ –ü—Ä–∏–º–æ—Ä—Å—å–∫–æ-–ê—Ö—Ç–∞—Ä—Å—å–∫–∞",Shelling
01/08/2023,novinach,19,"–ü–µ—Ä–µ–∫—É–ø–∏ —á–µ—Ä–µ–∑ —Å–ø–µ—Ü—ñ–∞–ª—å–Ω—ñ –±–æ—Ç–∏ –ø–µ—Ä—à–∏–º–∏ ""–≤–∏–≥—Ä—ñ–±–∞—é—Ç—å"" [–∫–≤–∏—Ç–∫–∏](https://m.facebook.com/story.php?story_fbid=pfbid02JomxukgMMXY76qQhdQuRxizGLfbCZmEqWMLPYPSJqN7oABg8FRpFgsWfkX14ygcGl&id=100000212123938&mibextid=qC1gEa) –£–∫—Ä–∑–∞–ª—ñ–∑–Ω–∏—Ü—ñ —É –º–æ–º–µ–Ω—Ç —ó—Ö –ø–æ—è–≤–∏, —á–µ—Ä–µ–∑ —â–æ —ñ–Ω—à—ñ –ª—é–¥–∏ —ñ–Ω–æ–¥—ñ –Ω–µ –º–æ–∂—É—Ç—å –ø—Ä–∏–¥–±–∞—Ç–∏ –∫–≤–∏—Ç–æ–∫ —Å–æ–±—ñ.

–ü—Ä–æ —Ü–µ –ø–æ–≤—ñ–¥–æ–º–∏–≤ –∑–∞—Å—Ç—É–ø–Ω–∏–∫ –¥–∏—Ä–µ–∫—Ç–æ—Ä–∞ –£–ó. –ö–∞–∂–µ, —â–æ –∫–æ–º–ø–∞–Ω—ñ—è ""—Å–≤—ñ–π —Ö—ñ–¥ –∑—Ä–æ–±–∏–ª–∞""",Political
01/08/2023,novinach,19,–ú—ñ–Ω–æ–±–æ—Ä–æ–Ω–∏ –±—ñ–ª–æ—Ä—É—Å—ñ [–∑–∞–ø–µ—Ä–µ—á—É—î](https://t.me/modmilby/30249) —ñ–Ω—Ñ–æ—Ä–º–∞—Ü—ñ—é –ø—Ä–æ –ø–æ—Ä—É—à–µ–Ω–Ω—è –ø–æ–≤—ñ—Ç—Ä—è–Ω–æ–≥–æ –ø—Ä–æ—Å—Ç–æ—Ä—É –ü–æ–ª—å—â—ñ,Political
01/08/2023,novinach,18,"–î–≤–∞ –±—ñ–ª–æ—Ä—É—Å—å–∫—ñ –±–æ–π–æ–≤—ñ –≥–µ–ª—ñ–∫–æ–ø—Ç–µ—Ä–∏ –ø–æ—Ä—É—à–∏–ª–∏ –ø–æ–ª—å—Å—å–∫–∏–π –ø–æ–≤—ñ—Ç—Ä—è–Ω–∏–π –ø—Ä–æ—Å—Ç—ñ—Ä –≤ —Ä–∞–π–æ–Ω—ñ –ë—ñ–ª–æ–≤–µ–∂—ñ —Å—å–æ–≥–æ–¥–Ω—ñ –≤—Ä–∞–Ω—Ü—ñ, [–ø–æ–≤—ñ–¥–æ–º–∏–ª–æ](https://www.gov.pl/web/obrona-narodowa/komunikat-mon-granica) –ú—ñ–Ω–æ–±–æ—Ä–æ–Ω–∏ –ü–æ–ª—å—â—ñ.

–ß–µ—Ä–µ–∑ —Ü–µ –Ω–∞ –∫–æ—Ä–¥–æ–Ω—ñ –∑–±—ñ–ª—å—à–∞—Ç—å –∫—ñ–ª—å–∫—ñ—Å—Ç—å —Å–æ–ª–¥–∞—Ç—ñ–≤ —ñ —Ä–æ–∑–≥–æ—Ä–Ω—É—Ç—å –¥–æ–¥–∞—Ç–∫–æ–≤—ñ —Å–∏–ª–∏ —ñ –∑–∞—Å–æ–±–∏. –ù–ê–¢–û –ø—Ä–æ —ñ–Ω—Ü–∏–¥–µ–Ω—Ç –ø–æ—ñ–Ω—Ñ–æ—Ä–º–æ–≤–∞–Ω–æ.

–î–æ —Ü—å–æ–≥–æ –ú—ñ–Ω—ñ—Å—Ç–µ—Ä—Å—Ç–≤–æ –æ–±–æ—Ä–æ–Ω–∏ –ü–æ–ª—å—â—ñ, –∫–æ–º–µ–Ω—Ç—É—é—á–∏ –∑–∞—è–≤–∏ –ó–ú–Ü, –∑–∞–ø–µ–≤–Ω—è–ª–æ, —â–æ –¶–µ–Ω—Ç—Ä –ø–æ–≤—ñ—Ç—Ä—è–Ω–∏—Ö –æ–ø–µ—Ä–∞—Ü—ñ–π –Ω–µ –∑–∞—Ñ—ñ–∫—Å—É–≤–∞–≤ –ø–æ—Ä—É—à–µ–Ω—å –ø–æ–≤—ñ—Ç—Ä—è–Ω–æ–≥–æ –ø—Ä–æ—Å—Ç–æ—Ä—É. –Ø–∫ –≤–∏—è–≤–∏–ª–æ—Å—è, –†–õ–° –Ω–µ –≤–∏—è–≤–∏–ª–æ –±—ñ–ª–æ—Ä—É—Å—ñ–≤, –±–æ —Ç—ñ –ª–µ—Ç—ñ–ª–∏ –∑–∞–Ω–∞–¥—Ç–æ –Ω–∏–∑—å–∫–æ",Political
01/08/2023,novinach,17,"[FT](https://suspilne.media/541705-meta-planue-zapustiti-cat-boti-z-linkolnom-ta-insimi-personami-ft/): Meta –ø–ª–∞–Ω—É—î –∑–∞–ø—É—Å—Ç–∏—Ç–∏ —á–∞—Ç-–±–æ—Ç–∏ –∑—ñ —à—Ç—É—á–Ω–∏–º —ñ–Ω—Ç–µ–ª–µ–∫—Ç–æ–º.

–î–µ—è–∫—ñ –∑ –Ω–∏—Ö –º–∞—Ç–∏–º—É—Ç—å –≤–∏–≥–ª—è–¥ —Ä—ñ–∑–Ω–∏—Ö –æ—Å–æ–±–∏—Å—Ç–æ—Å—Ç–µ–π, –∑–æ–∫—Ä–µ–º–∞, –π–º–æ–≤—ñ—Ä–Ω–æ, –±—É–¥–µ —á–∞—Ç-–±–æ—Ç –ê–≤—Ä–∞–∞–º –õ—ñ–Ω–∫–æ–ª—å–Ω",Humanitarian
01/08/2023,novinach,16,–¢—Ä–∏–≤–æ–≥–∞ —É –Ω–∏–∑—Ü—ñ –æ–±–ª–∞—Å—Ç–µ–π,Shelling
01/08/2023,novinach,16,"–í –æ–∫—É–ø–æ–≤–∞–Ω–æ–º—É –°–µ–≤–∞—Å—Ç–æ–ø–æ–ª—ñ –≤ —Ä–∞–π–æ–Ω—ñ —Å–µ–ª–∏—â–∞ –°–∞—Ö–∞—Ä–Ω–∞ –ì–æ–ª–æ–≤–∫–∞ –ø—Ä–æ–ª—É–Ω–∞–ª–∏ –≤–∏–±—É—Ö–∏, –ø–∏—à—É—Ç—å –ó–ú–Ü.

–ú—ñ—Å—Ü–µ–≤–∏–π –ø—Ä–µ–¥—Å—Ç–∞–≤–Ω–∏–∫ –æ–∫—É–ø–∞–Ω—Ç—ñ–≤ —Ä–∞–∑–≤–æ–∂–∞—î–≤ –∑–∞—è–≤–∏–≤ –ø—Ä–æ –∑–±–∏—Ç–∏–π –¥—Ä–æ–Ω —É —Ä–∞–π–æ–Ω—ñ –≥–æ—Ä–∏ –ö–∞—Ä–∞-–ö–æ–±–∞",Political
01/08/2023,novinach,15,"–í –£–∫—Ä–∞—ó–Ω—ñ [—Å—Ç–≤–æ—Ä—è—Ç—å](https://interfax.com.ua/news/telecom/926241.html) —Å–ª–æ–≤–Ω–∏–∫ ""–Ω–µ–±–∞–∂–∞–Ω–æ—ó"" –ª–µ–∫—Å–∏–∫–∏ —Ç–∞ –∫—Ä–∏—Ç–µ—Ä—ñ—ó —ñ–Ω—Ñ–æ—Ä–º–∞—Ü—ñ—ó, –Ω–µ–ø—Ä–∏–ø—É—Å—Ç–∏–º–æ—ó –¥–æ –ø–æ—à–∏—Ä–µ–Ω–Ω—è –≤ –º–µ–¥—ñ–∞, –∑–∞—è–≤–∏–ª–∏ —É –†–∞–¥—ñ –∑ –ø–∏—Ç–∞–Ω—å —Ç–µ–ª–µ–±–∞—á–µ–Ω–Ω—è —ñ —Ä–∞–¥—ñ–æ–º–æ–≤–ª–µ–Ω–Ω—è.

–í –Ω—å–æ–≥–æ –≤–∫–ª—é—á–∞—Ç—å —Ä–µ–∫–æ–º–µ–Ω–¥–∞—Ü—ñ—ó —è–∫ —Ç–æ–ª–µ—Ä–∞–Ω—Ç–Ω–æ –≤–∏—Å–≤—ñ—Ç–ª—é–≤–∞—Ç–∏ —á—É—Ç–ª–∏–≤—ñ —Ç–µ–º–∏ —Ç–∞ —ñ–Ω—Ñ–æ—Ä–º–∞—Ü—ñ—é –ø—Ä–æ –¥–µ—è–∫—ñ —Å–ø—ñ–ª—å–Ω–æ—Ç–∏, –∑–æ–∫—Ä–µ–º–∞ —Ä–µ–ª—ñ–≥—ñ–π–Ω—ñ, –õ–ì–ë–¢–Ü–ö, –µ—Ç–Ω—ñ—á–Ω—ñ, –Ω–∞—Ü—ñ–æ–Ω–∞–ª—å–Ω—ñ —Ç–∞ –≤–µ—Ç–µ—Ä–∞–Ω—Å—å–∫—ñ.

""–ú–∏ –º–∞—î–º–æ —Ñ–æ—Ä–º—É–≤–∞—Ç–∏ –º–µ–¥—ñ–∞–ø—Ä–æ—Å—Ç—ñ—Ä, –≤—ñ–ª—å–Ω–∏–π –≤—ñ–¥ –¥–∏—Å–∫—Ä–∏–º—ñ–Ω–∞—Ü—ñ—ó, —Ñ—ñ–∫—Å–∞—Ü—ñ–π –æ–±—Ä–∞–∑–ª–∏–≤–∏—Ö —Ç–∞ –Ω–µ–∫–æ—Ä–µ–∫—Ç–Ω–∏—Ö —Å—Ç–µ—Ä–µ–æ—Ç–∏–ø—ñ–≤ —ñ –º–æ–≤–∏ –≤–æ—Ä–æ–∂–Ω–µ—á—ñ —Å—Ç–æ—Å–æ–≤–Ω–æ –±—É–¥—å-—è–∫–∏—Ö –≥—Ä–æ–º–∞–¥—è–Ω –∫—Ä–∞—ó–Ω–∏ –∑–∞ –±–∞–≥–∞—Ç—å–º–∞ –æ–∑–Ω–∞–∫–∞–º–∏"", ‚Äî –∫–∞–∂–µ –ì–æ–ª–æ–≤–∞ –ù–∞—Ü—Ä–∞–¥–∏",Political
01/08/2023,novinach,13,"–£ –ü–µ—Ä–≤–æ–º–∞–π—Å—å–∫–æ–º—É –Ω–∞ –•–∞—Ä–∫—ñ–≤—â–∏–Ω—ñ –º—ñ—Å—å–∫–∞ —Ä–∞–¥–∞ [–ø—Ä–æ–≤–µ–ª–∞](https://suspilne.media/541163-u-pervomajskomu-na-harkivsini-proveli-lotereu-na-remont-liftiv-peremozciv-viznacali-za-dopomogou-miska-svatogo-mikolaa/) –ª–æ—Ç–µ—Ä–µ—é, —É —è–∫—ñ–π —Ä–æ–∑—ñ–≥—Ä–∞–ª–∞ 10 —Ä–µ–º–æ–Ω—Ç—ñ–≤ —É –ª—ñ—Ñ—Ç—ñ.

–ü–µ—Ä–µ–º–æ–∂—Ü—è–º–∏ –≤–∏–∑–Ω–∞–ª–∏ –ø—Ä–µ–¥—Å—Ç–∞–≤–Ω–∏–∫—ñ–≤ –ø—ñ–¥'—ó–∑–¥—ñ–≤, —è–∫—ñ –≤–∏—Ç—è–≥–ª–∏ –∑ –º—ñ—à–∫–∞ –°–≤—è—Ç–æ–≥–æ –ú–∏–∫–æ–ª–∞—è –∑–µ–ª–µ–Ω—ñ –∫—É–ª—å–∫–∏",Political
01/08/2023,novinach,13,"–ú—ñ–Ω—ñ—Å—Ç—Ä –ö–∞–Ω—Ü–µ–ª—è—Ä—ñ—ó –ü—Ä–µ–∑–∏–¥–µ–Ω—Ç–∞ –ü–æ–ª—å—â—ñ –ú–∞—Ä—Ü—ñ–Ω –ü—à–∏–¥–∞—á [–∑–∞—è–≤–∏–≤](https://mfa.gov.ua/news/komentar-rechnika-mzs-ukrayini-olega-nikolenka-shchodo-vislovlyuvan-ministra-kancelyariyi-prezidenta-polshchi), —â–æ —É–∫—Ä–∞—ó–Ω—Ü—è–º –≤–∞—Ä—Ç–æ –±—É–ª–æ –± –±—É—Ç–∏ –±—ñ–ª—å—à –≤–¥—è—á–Ω–∏–º —Ç–∞ —Ü—ñ–Ω—É–≤–∞—Ç–∏ —Ä–æ–ª—å –í–∞—Ä—à–∞–≤–∏ —É –¥–æ–ø–æ–º–æ–∑—ñ –£–∫—Ä–∞—ó–Ω—ñ. 

–£ –ú–ó–° –£–∫—Ä–∞—ó–Ω–∏ –Ω–∞–∑–≤–∞–ª–∏ –∑–∞–∫–∏–¥ ""–Ω–µ–ø—Ä–∏–π–Ω—è—Ç–Ω–∏–º"" —Ç–∞ –∑–∞—è–≤–∏–ª–∏, —â–æ ""—É–∫—Ä–∞—ó–Ω—Å—å–∫–æ-–ø–æ–ª—å—Å—å–∫–∞ –¥—Ä—É–∂–±–∞ —î –Ω–∞–±–∞–≥–∞—Ç–æ –≥–ª–∏–±—à–æ—é –∑–∞ –ø–æ–ª—ñ—Ç–∏—á–Ω—É –¥–æ—Ü—ñ–ª—å–Ω—ñ—Å—Ç—å""",Political
01/08/2023,novinach,12,"–ì–æ–ª–æ–≤–Ω–µ —Å—Ç–∞–Ω–æ–º –Ω–∞ –∑–∞—Ä–∞–∑:

‚Ä¢ –ü—Ä–∞–≤–æ–æ—Ö–æ—Ä–æ–Ω—Ü—ñ [–ø—Ä–æ–≤–µ–ª–∏](https://www.gp.gov.ua/ua/posts/u-dnipropetrovskogo-vojenkoma-provedeno-obsuki-rozpocato-kriminalne-provadzennya-za-faktom-nezakonnogo-zbagacennya) –æ–±—à—É–∫–∏ —É –î–Ω—ñ–ø—Ä–æ–≤—Å—å–∫–æ–≥–æ –≤—ñ–π—Å—å–∫–∫–æ–º–∞, —è–∫–∏–π –∑–∞ —á–∞—Å –ø–æ–≤–Ω–æ–º–∞—Å—à—Ç–∞–±–Ω–æ—ó –≤—ñ–π–Ω–∏ –∫—É–ø–∏–≤ –º–∞–π–Ω–∞ –Ω–∞ $350 000;

‚Ä¢ –°–ª–æ–≤–∞—á—á–∏–Ω–∞ [–ø–µ—Ä–µ–¥–∞–ª–∞](https://twitter.com/LudoOdorPM/status/1686322008605261824?ref_src=twsrc%5Etfw%7Ctwcamp%5Etweetembed%7Ctwterm%5E1686322008605261824%7Ctwgr%5Efa6b5cdd007564abb3c4c4bb94d31f33c2686f63%7Ctwcon%5Es1_&ref_url=https%3A%2F%2Fwww.eurointegration.com.ua%2Fnews%2F2023%2F08%2F1%2F7166810%2F) –£–∫—Ä–∞—ó–Ω—ñ —â–µ –¥–≤—ñ —Å–∞–º–æ—Ö—ñ–¥–Ω—ñ –∞—Ä—Ç–∏–ª–µ—Ä—ñ–π—Å—å–∫—ñ —É—Å—Ç–∞–Ω–æ–≤–∫–∏ Zuzana 2; 

‚Ä¢ —Ä–æ—Å—ñ–π—Å—å–∫–µ –º—ñ–Ω–æ–±–æ—Ä–æ–Ω–∏ –∑–∞—è–≤–∏–ª–æ, —â–æ –≤–Ω–æ—á—ñ –≤—ñ–¥–±–∏–ª–æ –∞—Ç–∞–∫—É –º–æ—Ä—Å—å–∫–∏—Ö –±–µ–∑–ø—ñ–ª–æ—Ç–Ω–∏–∫—ñ–≤ –Ω–∞ –≤—ñ–π—Å—å–∫–æ–≤—ñ –∫–æ—Ä–∞–±–ª—ñ; 

‚Ä¢ —Ä–æ—Å—ñ—è [—Å–∫–∏–Ω—É–ª–∞](https://suspilne.media/541471-rf-1-serpna-vdarila-aviabombami-po-selisu-u-borivskij-gromadi-harkivsini-zaginula-zinka/) –∞–≤—ñ–∞–±–æ–º–±—É –Ω–∞ –ü–µ—Ä—à–æ—Ç—Ä–∞–≤–Ω–µ–≤–æ–µ –Ω–∞ –•–∞—Ä–∫—ñ–≤—â–∏–Ω—ñ, —î –∑–∞–≥–∏–±–ª–∞ —Ç–∞ –ø–æ—Ä–∞–Ω–µ–Ω–∏–π; 

‚Ä¢ –î–≤–∞ –∞–¥–º—ñ–Ω–∏ Telegram-–∫–∞–Ω–∞–ª—É –ø—Ä–æ —Ä–æ–∑–¥–∞—á—É –ø–æ–≤—ñ—Å—Ç–æ–∫ [–æ—Ç—Ä–∏–º–∞–ª–∏](https://reyestr.court.gov.ua/Review/112016601) —É–º–æ–≤–Ω–∏–π —Ç–µ—Ä–º—ñ–Ω",Political
01/08/2023,novinach,12,UPD.–í—ñ–¥–±—ñ–π. –¢—Ä–µ—Ç—è –º–∞—Å—à—Ç–∞–±–Ω–∞ —Ç—Ä–∏–≤–æ–≥–∞ –∑–∞ –¥–µ–Ω—å. –ó–Ω–æ–≤—É –∑–ª–µ—Ç—ñ–≤ –ú—ñ–ì-31–ö–∞–ª,Shelling
01/08/2023,novinach,12,"–£ –õ—å–≤–æ–≤—ñ —Å—É–¥ [–æ—à—Ç—Ä–∞—Ñ—É–≤–∞–≤](https://zaxid.net/sud_pokarav_pasazhira_range_rover_za_pisni_lyepsa_v_tsentri_lvova_n1568360) –Ω–∞ 51 –≥—Ä–Ω —Ö–ª–æ–ø—Ü—è, —è–∫–∏–π –∑ –¥—Ä—É–∑—è–º–∏ —Å–ª—É—Ö–∞–≤ –ø—ñ—Å–Ω—ñ –ª—î–ø—Å–∞, –∞ –ø—ñ—Å–ª—è –∑–∞—É–≤–∞–∂–µ–Ω—å –ø–æ–ª—ñ–∑ —É –±—ñ–π–∫—É",Political
01/08/2023,novinach,12,"–ó –º–æ–Ω—É–º–µ–Ω—Ç–∞ ""–ë–∞—Ç—å–∫—ñ–≤—â–∏–Ω–∞-–º–∞—Ç–∏"" –∑—ñ—à–∫—Ä–µ–±–ª–∏ —Ä–∞–¥—è–Ω—Å—å–∫–∏–π –≥–µ—Ä–±",Political
01/08/2023,novinach,11,"–ü–æ–ª—ñ—Ü—ñ—è [–≤—Å—Ç–∞–Ω–æ–≤–∏–ª–∞](https://t.me/Klymenko_MVS/149) –æ—Å–æ–±—É, —è–∫–∞ –≤—á–æ—Ä–∞ –∑–Ω—ñ–º–∞–ª–∞ –ø—Ä–∏–ª—å–æ—Ç —Ä–æ—Å—ñ–π—Å—å–∫–æ—ó —Ä–∞–∫–µ—Ç–∏ —É –ö—Ä–∏–≤–æ–º—É –†–æ–∑—ñ.

–ú–∞—Ç–µ—Ä—ñ–∞–ª–∏ –ø–µ—Ä–µ–¥–∞–Ω—ñ –¥–æ –°–ë–£ –¥–ª—è –ø—Ä–∏–π–Ω—è—Ç—Ç—è —Ä—ñ—à–µ–Ω–Ω—è",Political
01/08/2023,novinach,11,"–í –£–∫—Ä–∞—ó–Ω—ñ —Å–∫–∞—Å—É–≤–∞–ª–∏ –æ–±–º–µ–∂–µ–Ω–Ω—è –Ω–∞ –∫—ñ–ª—å–∫—ñ—Å—Ç—å —Å–ø—Ä–æ–± —Å–∫–ª–∞–¥–∞–Ω–Ω—è –ø—Ä–∞–∫—Ç–∏—á–Ω–∏—Ö —ñ—Å–ø–∏—Ç—ñ–≤ –¥–ª—è –æ—Ç—Ä–∏–º–∞–Ω–Ω—è –≤–æ–¥—ñ–π—Å—å–∫–æ–≥–æ –ø–æ—Å–≤—ñ–¥—á–µ–Ω–Ω—è ‚Äî [–ø–æ–≤—ñ–¥–æ–º–∏–ª–∏](https://t.me/mvs_ukraine/28039) –≤ –ú–í–°. 

–¢–µ–ø–µ—Ä —Å–∫–ª–∞–¥–∞—Ç–∏ —ñ—Å–ø–∏—Ç –º–æ–∂–Ω–∞ –Ω–µ–æ–±–º–µ–∂–µ–Ω—É –∫—ñ–ª—å–∫—ñ—Å—Ç—å —Ä–∞–∑—ñ–≤, –∞ —ñ–Ω—Ç–µ—Ä–≤–∞–ª –º—ñ–∂ —Å–ø—Ä–æ–±–∞–º–∏ —Å—Ç–∞–Ω–æ–≤–∏—Ç—å 10 –¥–Ω—ñ–≤",Political
01/08/2023,novinach,10,UPD. –í—ñ–¥–±—ñ–π. –ó–Ω–æ–≤—É —Ç—Ä–∏–≤–æ–≥–∞ –ø–æ –≤—Å—ñ–π –∫—Ä–∞—ó–Ω—ñ.,Political
01/08/2023,novinach,9,"–ê–Ω–¥—Ä—ñ–π –∑—ñ –õ—å–≤–æ–≤–∞ –≤–∏–≥—Ä–∞–≤ –º—ñ–Ω—ñ–∞—Ç—é—Ä–∫–∏ –∞–≤—Ç–æ –ø—ñ–¥ —á–∞—Å –≤—á–æ—Ä–∞—à–Ω—å–æ–≥–æ –∑–±–æ—Ä—É –Ω–∞ —Ä–∞—Ü—ñ—ó –¥–ª—è –°–°–û.

–†–∞–Ω–¥–æ–º–∞–π–∑–µ—Ä –æ–±—Ä–∞–≤ 283085 –ø–µ—Ä–µ–º–æ–∂–Ω–æ—é –≥—Ä–∏–≤–Ω–µ—é ‚Äî —Å–∞–º–µ —ó—ó –∑–∞–¥–æ–Ω–∞—Ç–∏–≤ –ê–Ω–¥—Ä—ñ–π —ñ–∑ –∑–∞–≥–∞–ª—å–Ω–∏–º –≤–Ω–µ—Å–∫–æ–º 1000 –≥—Ä–Ω.

–í—ñ—Ç–∞—î–º–æ –ø–µ—Ä–µ–º–æ–∂—Ü—è —ñ —â–µ —Ä–∞–∑ –¥—è–∫—É—î–º–æ —É—Å—ñ–º –∑–∞ –¥–æ–Ω–∞—Ç–∏. –î–∞–ª—ñ –±—É–¥–µüñ§",Political
01/08/2023,novinach,8,"—Ä–æ—Å—ñ—è –æ–±—Å—Ç—Ä—ñ–ª—è–ª–∞ –º–µ–¥–∑–∞–∫–ª–∞–¥ —É –•–µ—Ä—Å–æ–Ω—ñ, –≤–±–∏–≤—à–∏ –º–æ–ª–æ–¥–æ–≥–æ –ª—ñ–∫–∞—Ä—è, —è–∫–∏–π –ø—Ä–∞—Ü—é–≤–∞–≤ –ª–∏—à–µ –∫—ñ–ª—å–∫–∞ –¥–Ω—ñ–≤ ‚Äî [–ø–∏—à–µ](https://t.me/roman_mrochko/1909) –û–í–ê. 

–¢–∞–∫–æ–∂ –ø–æ—Ä–∞–Ω–µ–Ω–Ω—è –¥—ñ—Å—Ç–∞–ª–∞ –º–µ–¥—Å–µ—Å—Ç—Ä–∞",Humanitarian
01/08/2023,novinach,8,"UPD. –í—ñ–¥–±–æ—ó 

–ü–æ–≤—ñ—Ç—Ä—è–Ω–∞ —Ç—Ä–∏–≤–æ–≥–∞ –ø–æ –≤—Å—ñ–π –∫—Ä–∞—ó–Ω—ñ. –£ –ø–æ–≤—ñ—Ç—Ä—ñ –ú—ñ–ì-31–ö.",Political
01/08/2023,novinach,8,"–°–®–ê —É–∫–ª–∞–ª–∏ –¥–æ–≥–æ–≤–æ—Ä–∏ –∑ –ë–æ–ª–≥–∞—Ä—ñ—î—é —ñ –ü—ñ–≤–¥–µ–Ω–Ω–æ—é –ö–æ—Ä–µ—î—é –ø—Ä–æ –ø–æ—Å—Ç–∞—á–∞–Ω–Ω—è 155-–º–º –±–æ—î–ø—Ä–∏–ø–∞—Å—ñ–≤ –£–∫—Ä–∞—ó–Ω—ñ ‚Äî Financial Times.

–ù–∞—Ä–∞–∑—ñ [—Ç—Ä–∏–≤–∞—é—Ç—å](http://eurointegration.com.ua/news/2023/08/1/7166790/) –ø–µ—Ä–µ–≥–æ–≤–æ—Ä–∏ –∑ –Ø–ø–æ–Ω—ñ—î—é –ø—Ä–æ —Ç–µ –∂ —Å–∞–º–µ",Economical
01/08/2023,novinach,7,"–î–æ —É–∫—Ä–∞—ó–Ω—Å—å–∫–æ–≥–æ –ø–æ—Ä—Ç—É [–∑–∞–π—à–ª–∏](https://www.forbes.com/sites/davidaxe/2023/07/31/nato-planes-watched-as-three-civilian-ships-ran-russias-naval-blockade-of-ukraine/?sh=6058691e1b72) —Ç—Ä–∏ —ñ–Ω–æ–∑–µ–º–Ω—ñ –∫–æ—Ä–∞–±–ª—ñ ‚Äî —Ü–µ —Å—Ç–∞–ª–æ—Å—è –≤–ø–µ—Ä—à–µ –≤—ñ–¥—Ç–æ–¥—ñ, —è–∫ —Ä–æ—Å—ñ—è –≤–∏–π—à–ª–∞ —ñ–∑ –∑–µ—Ä–Ω–æ–≤–æ—ó —É–≥–æ–¥–∏.

–í—ñ–¥–æ–º–æ, —â–æ –¥–æ –Ü–∑–º–∞—ó–ª—É –ø—Ä–∏–±—É–ª–∏ —Å—É–¥–Ω–∞ –∑ –Ü–∑—Ä–∞—ó–ª—é, –ì—Ä–µ—Ü—ñ—ó —Ç–∞ –¢—É—Ä–µ—á—á–∏–Ω–∏ –¥–ª—è –∑–∞–≤–∞–Ω—Ç–∞–∂–µ–Ω–Ω—è –∑–µ—Ä–Ω–∞, –ø–æ–ø—Ä–∏ –±–ª–æ–∫–∞–¥—É —à–ª—è—Ö—ñ–≤ —Ñ–ª–æ—Ç–æ–º —Ä—Ñ.

–ó–∞ –∫–æ—Ä–∞–±–ª—è–º–∏ —Å–ø–æ—Å—Ç–µ—Ä—ñ–≥–∞–ª–∏ —á–æ—Ç–∏—Ä–∏ —Ä–æ–∑–≤—ñ–¥—É–≤–∞–ª—å–Ω—ñ –ª—ñ—Ç–∞–∫–∏ –ù–ê–¢–û",Humanitarian
01/08/2023,novinach,7,"–ó –¥–∞—Ö—É —à—Ç–∞–±-–∫–≤–∞—Ä—Ç–∏—Ä–∏ Twitter –¥–µ–º–æ–Ω—Ç—É—é—Ç—å –ª—ñ—Ç–µ—Ä—É –• –ø—ñ—Å–ª—è —á–∏—Å–µ–ª—å–Ω–∏—Ö —Å–∫–∞—Ä–≥ –≤—ñ–¥ –∂–∏—Ç–µ–ª—ñ–≤ –±—É–¥–∏–Ω–∫—É –Ω–∞–≤–ø—Ä–æ—Ç–∏.

–õ—é–¥–∏ [—Å–∫–∞—Ä–∂–∏–ª–∏—Å—è](https://news.abs-cbn.com/business/08/01/23/musk-removes-giant-flashing-x-sign-after-furor), —â–æ –Ω–æ–≤–∏–π –ª–æ–≥–æ—Ç–∏–ø —ó—Ö –∑–∞—Å–ª—ñ–ø–ª—é—î",Political
01/08/2023,novinach,6,–©–µ 500 —Ä–æ—Å—ñ—è–Ω —Å—Ç–∞–ª–∏ –Ω–µ–π—Ç—Ä–∞–ª—å–Ω–∏–º–∏,Political
01/08/2023,novinach,5,"–£ –•–∞—Ä–∫–æ–≤—ñ —Ä–æ—Å—ñ–π—Å—å–∫—ñ –¥—Ä–æ–Ω–∏-–∫–∞–º—ñ–∫–∞–¥–∑–µ –∑—Ä—É–π–Ω—É–≤–∞–ª–∏ 2 –ø–æ–≤–µ—Ä—Ö–∏ –æ–¥–Ω–æ–≥–æ –∑ –≥—É—Ä—Ç–æ–∂–∏—Ç–∫—ñ–≤ —Ç–∞ —Å–ø–æ—Ä—Ç–∏–≤–Ω–∏–π –æ–±'—î–∫—Ç —É –®–µ–≤—á–µ–Ω–∫—ñ–≤—Å—å–∫–æ–º—É —Ä–∞–π–æ–Ω—ñ.

–û—Ö–æ—Ä–æ–Ω–µ—Ü—å —Å–ø–æ—Ä—Ç–∫–æ–º–ø–ª–µ–∫—Å—É –æ—Ç—Ä–∏–º–∞–≤ –ø–æ—Ä–∞–Ω–µ–Ω–Ω—è, —É –≥—É—Ä—Ç–æ–∂–∏—Ç–∫—É –æ–±—ñ–π—à–ª–æ—Å—è –±–µ–∑ –ø–æ—Å—Ç—Ä–∞–∂–¥–∞–ª–∏—Ö",Political
01/08/2023,novinach,5,"–í–Ω–æ—á—ñ –Ω–µ–≤—ñ–¥–æ–º–∏–π –ë–ø–õ–ê –∑–Ω–æ–≤—É –∞—Ç–∞–∫—É–≤–∞–≤ ""–º–æ—Å–∫–≤–∞-—Å—ñ—Ç—ñ"", –ø–æ—à–∫–æ–¥–∏–≤—à–∏ —Ñ–∞—Å–∞–¥ –Ω–∞ 21 –ø–æ–≤–µ—Ä—Å—ñ. 

–ó–∞ –¥–∞–Ω–∏–º–∏ –ó–ú–Ü, –Ω–∞ —Ü—å–æ–º—É –ø–æ–≤–µ—Ä—Å—ñ —Ä–æ–∑—Ç–∞—à–æ–≤–∞–Ω–µ –ú—ñ–Ω—ñ—Å—Ç–µ—Ä—Å—Ç–≤–æ –µ–∫–æ–Ω–æ–º—ñ—á–Ω–æ–≥–æ —Ä–æ–∑–≤–∏—Ç–∫—É —Ä—Ñ. 

–ü–æ—à–∫–æ–¥–∂–µ–Ω—å –∑–∞–∑–Ω–∞–ª–∞ —Ç–∞ –∂ —Å–∞–º–∞ –≤–µ–∂–∞, —â–æ —ñ –¥–Ω—è–º–∏ —Ä–∞–Ω—ñ—à–µ",Political
