channel,txt,date,category
УНИАН - новости Украины | война с Россией | новини України | війна з Росією | УНІАН," в вакс происходит что-то странное, если не возмутительное судьи этого антикоррупционного суда настолько нетерпимы к коррупции, что решили в очередной раз уменьшить размер залога экс-главе верховного суда князеву, попавшемуся на взяточничестве. сообщается, что высший антикоррупционный суд уменьшил размер залога на двадцать миллионов гривень: с 75-ти до 55-ти. и это уже во второй раз. впервые судьи высшего антикоррупционного суда сократили залог в мае - со 107,3 млн. грн. до 75 млн. гривень. вангуем, что пройдет полгода, и мы еще князеву из наших налогов и общего бюджета доплачивать будем. ну а вы пока посмотрите на этого кристально честного человека. неужели вы не верите, что почти три миллиона долларов, найденные у него в кабинете - это друзья принесли подержать? нет? странно. хотя мы тоже не верим. остаться с нами в телеграм | восхититься нашим youtube",2023-09-05,Corruption
УНИАН - новости Украины | война с Россией | новини України | війна з Росією | УНІАН," всплыли скандальные эпизоды биографии ответственного за оружейные контракты минобороны: есть российские ""хвосты"" о вопиющих фактах об александре лиеве, назначенном летом 2022-го года в мо, написал глава центра противодействия коррупции виталий шабунин. ""блокировал доступ всу к нашим маякам, призывал ""услышать крым"", поддерживал ""референдум"", а значит, и оккупацию полуострова. все это о человеке, которого резников с лета назначил подписывать оружейные контракты минобороны. как вам это?"" – написал он.",2023-01-31,Corruption
УНИАН - новости Украины | война с Россией | новини України | війна з Росією | УНІАН," сбу задержала замглавы одесской ова, который хотел ""отмазать"" подчиненного он предлагал руководителю одного из структурных подразделений за $35 тысяч помочь избежать ответственности за присвоение госимущества. поймали фигуранта во время передачи своему водителю $27 тысяч аванса.",2023-01-05,Corruption
УНИАН - новости Украины | война с Россией | новини України | війна з Росією | УНІАН," суд отказался взять под стражу экс-нардепа микитася, которого подозревают в присвоении более 300 млн грн минобороны прокурор просил посадить микитася в сизо с альтернативой 134 млн грн залога, но суд решил отправить его под круглосуточный домашний арест с электронным браслетом. самый святой суд в мире",2023-11-06,Corruption
УНИАН - новости Украины | война с Россией | новини України | війна з Росією | УНІАН," судьи верховного суда выразили недоверие главе ведомства князеву представление подписали 138 судей из 142, отметив, что они шокированы такими обстоятельствами и берут на себя полную ответственность за происходящее в связи с возможными коррупционными действиями отдельных работников. остаться с нами в телеграм | восхититься нашим youtube",2023-05-16,Corruption
УНИАН - новости Украины | война с Россией | новини України | війна з Росією | УНІАН," судья алексей тандыр в момент совершения смертельного дтп находился в состоянии алкогольного опьянения об этом сообщает гбр и объясняет задержку с результатами экспертизы тем, что тандыр воспользовался своими юридическими знаниями и навыками: он профессионально старался скрыть следы своего опьянения. также установлено, что он ехал за рулем автомобиля на момент аварии со скоростью 100 км/час. напомним, 26 мая судья на въезде в киев сбил насмерть нацгвардейца вадима бондаренко, находившегося на блокпосту. остаться с нами в телеграм | восхититься нашим youtube",2023-07-11,Corruption
УНИАН - новости Украины | война с Россией | новини України | війна з Росією | УНІАН,"""всю жизнь, большую часть жизни занимаюсь этим направлением - коррупцией, разворовыванием бюджета, я в этом знаю толк"", - заявил глава департамента предотвращения и противодействия коррупции в кгга олег тимошенко ",2023-11-23,Corruption
УНИАН - новости Украины | война с Россией | новини України | війна з Росією | УНІАН,"""нереальные, фантастические вещи"": коломойский в суде прокомментировал обвинения по приватбанку по его словам, обвинение, в котором говорится, что из банка были выведены 5,8 млрд, звучит неправдоподобно, поскольку каждый день сотни людей подписывали бумаги с отчетностью, а также были государственные проверки: ""представьте с конца периода ""преступления"", то есть в февраля 2014 года по декабрь 2016 года, когда состоялась национализация, каждый день в кассу сдавались бумаги, в которых писалось, что есть 10 млрд, а на самом деле находилось 4,2. каждый день сотни людей подписывали бумаги. как может быть, что в кассе банка, которая проверяется нацбанком, за которой следят в первую очередь, потому что это деньги вкладчиков <...> могут каждый день на протяжении двух лет подделывать ордера?"" он также напомнил, что во время национализации, в ""приватбанк"" приехала ""группа захвата"" – работники нбу, kroll, не менее 50 человек: ""они сняли все остатки кассы. как вы думаете, если во времена национализации в кассе не хватает 6 млрд гривен – они бы заметили? я думаю, наверняка заметили. 6 млрд гривен отсутствуют в кассе ""приватбанка"" по сегодняшний день. если бы ""приватбанк"" принял кассу во время национализации, на которой было написано, что там 10 миллиардов, а на самом деле было 4, то на сегодняшний день должна быть дыра в 6 млрд. учитывая, как с нами, бывшими владельцами, судятся на протяжении последних 5-6 лет, я думаю, они бы не преминули воспользоваться этим случаем"", - резюмировал коломойский. остаться с нами в телеграм | восхититься нашим youtube",2023-09-16,Corruption
УНИАН - новости Украины | война с Россией | новини України | війна з Росією | УНІАН,"""укрнефтебурение"" требует от набу расследовать попытку захвата предприятия одна из крупнейших газодобывающих компаний украины ""укрнефтебурение"" обратилась в национальное антикоррупционное бюро с призывом расследовать вопрос о передаче арестованных активов компании в управление пао ""укрнафта"". как утверждается в заявлении, которое находится в распоряжении униан, попытка присвоения активов ""укрнефтебурения"" является коррупционным уголовным правонарушением. совокупная стоимость активов ""укрнефтебурения"" в 2022 году составила более 21 млрд грн, а значит компания является привлекательным объектом для рейдеров. остаться с нами в телеграм | восхититься нашим youtube",2023-05-23,Corruption
УНИАН - новости Украины | война с Россией | новини України | війна з Росією | УНІАН,"10 тыс. долларов за выезд: в закарпатье сбу ликвидировала очередной канал нелегального выезда мужчин призывного возраста за границу сообщается, что разоблачены два организатора нелегального трафика, которые наладили механизм зарубежных ""поездок"" уклоняющихся под видом лиц, непригодных к службе по состоянию здоровья. для этого они снабжали своих ""клиентов"" фиктивными документами, в том числе справками о непригодности к военной службе со снятием с военного учета. в схему привлекли врачей и служащих одной из отг. свои ""услуги"" они оценивали в 10 тыс. дол. из одного человека. чтобы избежать разоблачения, дельцы разработали систему конспирации: осуществляли наблюдение за ""клиентами"", меняли автотранспорт, который каждый раз проверяли на наличие так называемых ""жучков"". стоит отметить, что один из организаторов этой схемы уже находился под следствием за совершение аналогичного преступления, и его дело уже на рассмотрении в суде. что не помешало ему продолжать заниматься ""любимым делом"" остаться с нами в телеграм | восхититься нашим youtube",2023-06-21,Corruption
УНИАН - новости Украины | война с Россией | новини України | війна з Росією | УНІАН,"100 000$ за «порешать вопрос» эксразведчик роман червинский, являющийся фигурантом неудачной попытки захвата вражеского самолета, приведшей к жертвам среди украинских военных, засветился в коррупционном скандале. в сеть выложили видео, где червинский, выдавая себя за должностное лицо из налоговой, обещает бизнесмену договориться с судами и гфс, и вытащить груз контрабандных сигарет, застрявших на одесской таможне. цена «услуги» – 100 тыс. долларов. «дальше пойдем договариваться в суде. все вот – 100 тысяч», «мы готовы прокурировать этот груз до определенной точки», «пацаны, вы в теме!», – обещает червинский.",2023-05-10,Corruption
УНИАН - новости Украины | война с Россией | новини України | війна з Росією | УНІАН,"16 соток живописного берега киевского моря продали за 16 тысяч грн, и это в то время, когда военные и другие категории граждан, которым земля положена по закону, не могут ее получить. аттракцион невиданной наглости от дымерского сельсовета. upd. для писак в комментариях. отдача земли в аренду на 49 лет для ""сінокосіння"" является стандартной и отработанной коррупционной схемой для чиновников. целевое назначение спустя время можно изменить.",2023-11-06,Corruption
УНИАН - новости Украины | война с Россией | новини України | війна з Росією | УНІАН,"1⃣2⃣ поки волонтери збирають копійки на зсу, місцеві бюджети пускають мільярди на вітер забувши, що у країні триває війна, органи місцевого самоврядування по черзі спалюють мільярди гривень на висадженні клумб, ремонті доріг та реставрації адміністративних будівель. лише з найсвіжіших закупівель: на дороги та освітлення у дніпропетровській, запорізькій, київській та волинській областях облради готові витратити сумарно 1,2 мільярди гривень. подібних багатомільйонних замовлень - сотні: було, є і, якщо ніяк на це не вплинути, буде. схоже, що у народних депутатів все ж вистачає політичної волі на прийняття законопроєктів, що покращать ситуацію в країні, та чи вдасться побороти монстра корупційної спокуси всередині - читайте у матеріалі уніан.",2023-10-12,Corruption
УНИАН - новости Украины | война с Россией | новини України | війна з Росією | УНІАН,"89% украинцев считают коррупцию второй проблемой после войны, следует из данных опроса кмис каждый пятый респондент уверен, что после начала вторжения уровень коррупции в украине снизился. остаться с нами в телеграм | восхититься нашим youtube",2023-08-07,Corruption
Новинач,"cбу та беб провели обшуки у 16-ти облгазах по усій країні — топменеджмент викрили на розкраданні державного палива, що лише у 2021 році призвело до збитків на майже 3,5 млрд грн",2023-03-17,Corruption
Новинач,"cуд визнав дональда трампа винним у шахрайстві — reuters. експрезидент сша, його компанія та її ключове керівництво неодноразово брехали у своїх річних фінансових звітах",2023-09-26,Corruption
УНИАН - новости Украины | война с Россией | новини України | війна з Росією | УНІАН,"«мы наносим удар по внутреннему врагу»: глава сбу василий малюк о сегодняшних обысках по его словам, ведомство выполняет поставленное президентом задание и это только первый этап той комплексной и системной работы, которую уже ведет сбу.  «мы не планируем останавливаться. каждый преступник, имеющий наглость вредить украине, особенно в условиях войны, должен четко осознать - мы наденем наручники ему на руки», - сказал малюк.",2023-02-01,Corruption
УНИАН - новости Украины | война с Россией | новини України | війна з Росією | УНІАН,"а лидера партии ""батькивщина"" юлию тимошенко заметили в дубае журналисты уп показали видео ее отдыха 5 января на вилле 5-звездочного отеля kempinski на насыпном острове палм-джумейра. тимошенко заметила журналиста и пыталась спрятать лицо, а позже - поспешно ретировалась.",2023-01-27,Corruption
УНИАН - новости Украины | война с Россией | новини України | війна з Росією | УНІАН,а так можно было?  высший антикоррупционный суд - самый гуманный суд в мире! ,2023-02-01,Corruption
УНИАН - новости Украины | война с Россией | новини України | війна з Росією | УНІАН,"а такую вот ""картину"" заметили в офисе экс-нардепа и руководителя ""укрбуда"" максима микитася фото опубликовал журналист денис казанский. микитась является фигурантом четырех коррупционных дел. последнее подозрение ему вручили 25 октября о хищении более 307 млн грн минобороны на строительстве в 2018 году складов для хранения ракет и боеприпасов. видимо, на ""иконах"" как раз запечатлен момент председательства экс-нардепа в ""укрбуде"" в 2010-2016 годах. сколько ""ликов святых"" узнали - пишите в комментариях ",2023-11-04,Corruption
RT на русском,"бельгийская полиция проводит обыски в штаб-квартире крупнейшей в европарламенте фракции — европейской народной партии. они проходят в рамках расследования, связанного с коррупцией на выборах в еп в 2019 году, пишет портал euractiv со ссылкой на источник в правоохранительных органах. сообщается, что силовики изъяли компьютеры. ",2023-04-04,Corruption
РИА Новости,"бывший глава управления собственной безопасности ск михаил максименко, осужденный на 14 лет за взятки, найден мертвым в колонии, рассказал риа новости источник. причины произошедшего пока неизвестны.",2023-11-21,Corruption
Новинач,"більшість українців (78%) вважають, що зеленський несе пряму відповідальність за корупцію в уряді та воєнних адміністраціях — кміс",2023-09-11,Corruption
УНИАН - новости Украины | война с Россией | новини України | війна з Росією | УНІАН,в раду внесен законопроект о приравнивании коррупции в период военного положения к госизмене остаться с нами в телеграм | восхититься нашим youtube,2023-08-30,Corruption
УНИАН - новости Украины | война с Россией | новини України | війна з Росією | УНІАН,"в украинском реестре коррупционеров значатся 45 тысяч человек, сообщил глава напк новиков из них 24 тысячи с отметкой об административных нарушениях, еще 15 тысяч - за уголовные и две тысячи - за дисциплинарные правонарушения. остаться с нами в телеграм | восхититься нашим youtube",2023-08-29,Corruption
Новинач,вакс вперше ухвалив рішення про виплату винагороди викривачу корупції — він отримає 13 299 950 гривень. мова йде про справу щодо спроби підкупу керівництва сап та набу ексміністром екології часів януковича миколою злочевським та його спільниками у 2020 році,2023-10-02,Corruption
УНИАН - новости Украины | война с Россией | новини України | війна з Росією | УНІАН,"вакс заочно арестовал бывшего главу минздрава максима степанова его подозревают в присвоении более 450 миллионов гривен во время его председательства в госпредприятии ""полиграфический комбинат украина"". сейчас степанов находится за границей. остаться с нами в телеграм | восхититься нашим youtube",2023-09-14,Corruption
УНИАН - новости Украины | война с Россией | новини України | війна з Росією | УНІАН,"вакс объявил скрывающегося за границей депутата киевсовета трубицина в международный розыск депутат киевского горсовета от ""слуги народа"" владислав трубицын убежал за границу 13 мая. на момент пересечения трубицыным границы он находился под залогом и был обязан являться на заседание в высшем антикоррупционном суде, который рассматривает дело о получении взятки трубицыным в 1,39 млн гривен. основанием для выезда трубицына за границу стала его деятельность как представителя благотворительного фонда «родная оболонь», который он основал с председателем оболонской рга от ""слуг народа"" кириллом фесиком. остаться с нами в телеграм | восхититься нашим youtube",2023-06-05,Corruption
Новинач,"вакс разом з сап визнали мера полтави мамая винним у справі про зловживання службовим становищем та присудили 5 років позбавлення волі умовно. мамай також зобов’язався перерахувати 2 мільйони гривень на ""армію дронів""",2023-03-02,Corruption
Новинач,"верховна рада ухвалила закон про посилення самостійності спеціалізованої антикорупційної прокуратури шляхом її виводу зі структури офісу генпрокурора. після цього його підписав зеленський. прийняття цього законопроєкту — одна з вимог єврокомісії та мвф. при цьому сумнозвісні ""правки лозового"", що, зокрема, дозволяють суддям закривати справи, у яких закінчилися строки досудового розслідування, не були скасовані в повному обсязі. організації ""центр протидії корупції"" та ""transparency international"" закликають владу завершити почате",2023-12-08,Corruption
РИА Новости,"верховный суд отменил приговор экс-депутату госдумы белоусову, осужденному на 10 лет за взяточничество, дело пересмотрят, сообщили риа новости в суде",2023-12-27,Corruption
Новинач,"вищий антикорупційний суд відмовив в арешті ексглави ""нафтогазу"" андрія коболєва. нагадаємо, його підозрюють у заволодінні понад 229 млн грн у вигляді премії",2023-01-23,Corruption
УНИАН - новости Украины | война с Россией | новини України | війна з Росією | УНІАН,"восстановление украины, на которое запад выделил миллиарды, столкнулось с высоким уровнем коррупции в стране - ""би-би-си"" отмечается, что всемирный банк оценивает затраты на восстановление украины в $411 млрд, однако сохраняется обеспокоенность по поводу неэффективного управления фондами. европейский союз подчеркивает, что борьба с коррупцией имеет решающее значение для вступления украины в ес. украина, занимающая 116-е место из 180 в индексе коррупции transparency international, стремится продемонстрировать свою приверженность прозрачности. усилия украины по борьбе с коррупцией демонстрируют прогресс: transparency international отметила ее рост на 28 мест за десять лет, пишет ""би-би-си"".",2023-12-21,Corruption
УНИАН - новости Украины | война с Россией | новини України | війна з Росією | УНІАН,"вы не поверите, но нардеп алексеев от евросолидарности имел наглость припереться в раду и с трибуны заявить о том, что заведенное дело является ""политическим преследованием"" по его словам, переданные ему деньги - это была не взятка, а оплата двухлетнего труда адвокатов  ""могу вас заверить, что о взятке даже в обвинении речь не идет. зато мне пытаются инкриминировать мошенничество, которое не выдерживает никакой критики, поскольку это была оплата почти двухлетнего труда адвокатов"", - заявил алексеев. в свою очередь сбу утверждает, что это была взятка, и рассказывает, как нардеп всячески пытался избежать прослушки. так, на брифинге замглавы сбу наумюк рассказал, что нардеп назначал неожиданно встречи в ""элитных"" ресторанах поближе к комендантскому часу, часто их переносил, говорил шепотом, использовал жесты. но вчера его ""накрыли"" в закрытом коттеджном городке под киевом, когда алексеев взял второй транш взятки в 50 тыс. долларов за решение проблем с экстрадицией для иностранца. в гбр уже сообщили, что будут просить суд арестовать алексеева с альтернативой залога в 10 млн гривень. остаться с нами в телеграм | восхититься нашим youtube",2023-06-30,Corruption
УНИАН - новости Украины | война с Россией | новини України | війна з Росією | УНІАН,"высший антикоррупционный суд объявил в розыск нардепа сергея шахова он подозревается в недекларировании имущества на сумму 88 млн грн. как сообщают в вакс, в течение 7 месяцев шахов не явился в суд. его адвокат заявила, что ""на то есть причины и нардеп находится на лечении в бишкеке"". однако правозащитница не предоставила никаких документов, подтверждавших, что нардеп находится на лечении и не смогла сказать, как долго он еще будет лечиться. остаться с нами в телеграм | восхититься нашим youtube",2023-03-31,Corruption
УНИАН - новости Украины | война с Россией | новини України | війна з Росією | УНІАН,"высший совет правосудия дал добро на содержание под стражей экс-главы верховного суда князева решение одобрили 14 членов всп, утвердив таким образом ходатайство специализированной антикоррупционной прокуратуры. ранее князеву сообщили о подозрении в получении $2,7 млн взятки для принятия решения по делу константина жеваго. остаться с нами в телеграм | восхититься нашим youtube",2023-05-18,Corruption
УНИАН - новости Украины | война с Россией | новини України | війна з Росією | УНІАН,"глава верховного суда всеволод князев задержан по делу о взяточничестве по делу жеваго по словам руководителя набу семена кривоноса, собственник группы ""финансы и кредит"" константин жеваго договорился с одним из владельцев адвокатских сообществ о даче взятки судье, чтобы в итоге принялось решение в пользу жеваго по делу о полтавском гок. через несколько дней после разговора, 15 марта должно было пройти заседание, но его перенесли, чтобы к тому времени нашлась нужная сумма. параллельно, проходила передача средств от бизнесмена адвокату и уже после этого, в начале мая, правозащитник получил ""отмашку"" от суда о распределении денег среди участников схемы. во время получения второй части взятки князева взяли с поличным. на брифинге также показали запись разговора фигурантов, а глава специализированной антикоррупционной прокуратуры александр клименко отметил, что всего задержаны два лица, но князеву подозрение еще не вручили, так как следствие продолжается. остаться с нами в телеграм | восхититься нашим youtube",2023-05-16,Corruption
РИА Новости,"глава дагестана пристыдил чиновников, ездящих ""с охраной в крузаках""",2023-10-20,Other
Новинач,"голова громадської антикорупційної ради при міноборони грушовець заявив, що куртки з туреччини, про які раніше писали медіа, точно були зимові. більшу частину цих курток вже було видано, однак якась партія залишається на складах, які збирається відвідати антикорупційна рада ""твердження розлідувачів, що куртки були літніми, не відповідає дійсності"", — сказав грушовець",2023-08-28,Corruption
Экономика,"госдума приняла в третьем чтении законопроект, по которому изъятое у коррупционеров дорогое жилье будут приватизировать и реализовывать на торгах. это следует из данных, размещенных на сайте нижней палаты парламента в среду, 12 июля. в пояснительной записке к документу отмечается, что сейчас в россии отсутствует порядок и основания для отчуждения из федеральной собственности жилых помещений (квартир), поступающих в государственный жилищный фонд, путем их возмездной реализации. при этом в госказне числится большой объем жилых помещений, зачастую это жилье большой площади и повышенной комфортности.",2023-07-13,Corruption
Новинач,"дбр затримало злочинну групу, яка привласнювала кошти, виділені на харчування військовослужбовців зсу. вони, зокрема, продавали яйця по 17 гривень",2023-02-02,Corruption
Лачен пише,"дбр повідомило про підозру військовому комісару одного з районів закарпаття, який змушував солдат будувати його маєток. було вилучено $3.5 тис., атрибутику рф (монети, документи про здобуття освіти), посвідчення офіцера мо срср.",2023-08-02,Corruption
Новинач,"дбр провело обшуки в маєтку володимира сальдо. виявили документи з прямими вказівками до вчинення злочинів проти україни, а також посібник ""радость сексу. книга о премудростях любви""",2023-01-06,Corruption
Лачен пише,"дбр спільно з місцевою поліцією провело обшуки в іспанській нерухомості колишнього військкома одеси який зараз у сізо, майно арештовано",2023-12-14,Corruption
УНИАН - новости Украины | война с Россией | новини України | війна з Росією | УНІАН,"депутат верховной рады пытался в биткоинах дать взятку главе госагентства восстановления мустафе найему как сообщили в набу и сап, депутат просил содействия в получении средств из фонда ликвидации последствий вооруженной агрессии рф на ремонт объекта инфраструктуры, подконтрольного ему. сумма взятки составила $50 тысяч в биткоинах. это первая в истории антикоррупционных органов взятка в крипте. предварительно, речь идет о нардепе андрее одарченко.",2023-11-21,Corruption
Новинач,"депутата сергія алєксєєва викрито на шахрайстві — він обіцяв іноземцю своє сприяння в уникненні екстрадиції за $50 000. нардеп ""гарантував"" використати власні зв’язки у суді, щоб там дозволили іноземцю (громадянину німеччини) отримати статус біженця, пише сбу. парламентарю загрожує 12 років позбавлення волі з конфіскацією майна. партія ""європейська солідарність"", членом якої є алєксєєв, написала про нічні обшуки у нардепа і заявила, що розцінює їх як ""політичну провокацію, спрямовану на дискредитацію політичної сили і залякування її представників""",2023-06-30,Corruption
Новинач,"директора департаменту закупівель міноборони богдана хмельницького також було звільнено після скандалу з харчами. про це, як повідомляє голова комітету вр з питань антикорупційної політики, заявив резніков на засіданні. в серпні у хмельницького проходив обшук в рамках справи про розкрадання $580 тисяч під час закупівлі амуніції. уп писало, що в його дивані знайшли гроші, але міноборони спростувало це і додало, що жодних підозр він не отримував",2023-01-25,Corruption
Новинач,економічний та антикорупційний ефект від діджиталізації за 2 роки перевищив 16 мільярдів гривень — шмигаль,2023-09-19,Economical
Лачен пише,"ексголова держспецзв’язку щиголь, нардеп одарченко та забудовник копистира вийшли із сізо, у всіх трьох випадках внесено заставу, визначену судом. після виходу із сізо, усі підозрювані повинні будуть дотримуватися ряду обов'язків, зокрема утриматися від спілкування з свідками чи іншими підозрюваними, здати паспорти для виїзду за кордон та носити електронний браслет. просто цирк)",2023-11-24,Corruption
УНИАН - новости Украины | война с Россией | новини України | війна з Росією | УНІАН,"журналисты проекта bihus.info выиграли у друга порошенко гладковского-старшего дело по расследованию об ""оборонке"" речь идет об иске о признании недостоверной информации, обнародованной в журналистском расследовании ""армия.друзья.бабки"". соответственно также суд отказал гладковскому и в возмещении ""морального ущерба"" в размере 2 млн гривен. напомним, в феврале-марте 2019-го года журналисты bihus.info опубликовали серию расследований о коррупционных схемах в оборонной отрасли ближайшего окружения петра порошенко - ""группы гладковского-жукова-рогозы"", одним из участников трио был сын тогдашнего заместителя главы снбо олега гладковского. по данным журналистов, с помощью этих схем ""мальчики"" распилили более 250 млн грн из бюджета страны. кроме самого решения суда здесь важен еще один момент. дело в том, что ранее порохоботы очень любили рассказывать, что дело это заказное, расследование фейковое и сильно повлияло на исход выборов. мол, все это были черные политтехнологии. но теперь суд расставил все точки над ""и"" и порохоботы снова оказались где? правильно, там где им и место  а само расследование ""армия.друзья.бабки""вы можете посмотреть на канале проекта bihus.info.",2023-06-20,Corruption
Новинач,"за ексміністра інфраструктури андрія пивоварського внесли заставу у 10 000 000 грн. таку суму вчора призначив вакс, підозрюючи колишнього чиновника у ймовірному зловживанні владою",2023-03-17,Corruption
Новинач,"за матеріалами слідства, дубінський із позивним ""буратіно"" входив до складу злочинної організації російської гру. мета цього угруповання — розхитування суспільно-політичної ситуації в україні та дискредитація нашої держави на міжнародній арені. дубінський поширював фейки про вище військово-політичне керівництво нашої держави, зокрема про нібито втручання українських високопосадовців у президентські вибори в сша у 2019 році. за наявними даними, фінансування мережі сягало понад $10 000 000. окрім дубінського, до складу угруповання входив екснардеп андрій деркач, який напередодні повномасштабного вторгнення рф втік за кордон",2023-11-13,Corruption
Новинач,"за підсумками 2022 року україна отримала +1 бал в індексі сприйняття корупції (це покращення) і посідає 116 місце зі 180 країн. тепер в нас 33 бали зі 100 (+8 за 10 років) — стільки ж має алжир, ангола, замбія, монголія, сальвадор та філіппіни",2023-01-31,Corruption
УНИАН - новости Украины | война с Россией | новини України | війна з Росією | УНІАН,"замгенпрокурора алексея симоненко сегодня попросили написать заявление об отставке - сми это тот самый симоненко, который отправился с семьёй праздновать новый год в марбелью, воспользовавшись авто бизнесмена григория козловского. отмечается, что это не единственное кадровое решение после громких коррупционных скандалов в последние дни.",2023-01-23,Corruption
УНИАН - новости Украины | война с Россией | новини України | війна з Росією | УНІАН,"замгенпрокурора симоненко хочет избежать ответственности за коррупционный скандал с поездкой в испанию заместитель генерального прокурора алексей симоненко, по всей видимости, надеется, что шум вокруг закупок минобороны, скандал с домом депутата от «слуг народа» и задержание замминистра на взятке как-то приглушат резонанс от его собственной проблемы. в прошлую пятницу стало известно, что руководитель силового ведомства в воюющей стране - во-первых, позволил себе десятидневный отпуск на новый год (в то время как все руководство украины занимается войной в режиме 24/7); - во-вторых, для этого отпуска выехал за границу (интересно, каким именно образом при прямом запрете на выезд мужчин призывного возраста – как волонтер? или по государственным делам? или может «на конференцию»? или как замгенпрокурора, потому что «может»?); - в-третьих, выбрал для этого отпуска не самое дешевое место в марбелье в испании (еще предстоит выяснить – это собственная вилла или арендованная, но в любом случае вопрос происхождения средств остается); - в-четвертых, что границу он пересекал на машине и с водителем (двумя) фирмы григория козловского - №1 производителя контрафактных сигарет, которые под видом «дьюти фри» продаются на раскладках, в киосках и интернете без уплаты налогов, и составляют головокружительные 20% всего (!) рынка табачных изделий. интересно, как офис генпрокурора будет заниматься борьбой с нелегальным рынком сигарет после такого? президент в обращении к парламенту заявлял, что солдат в окопе не мотивирует, когда кто-то из политиков или чиновников спускается на лыжах где-то в европе, или пиарится на фоне какой-то столицы за пределами страны. в принципе, симоненко не вышел за рамки: он поехал на море, а не на лыжи, и при этом не в столицу. молодец. как думаете, сойдет с рук?",2023-01-23,Corruption
УНИАН - новости Украины | война с Россией | новини України | війна з Росією | УНІАН,"замгенпрокурора симоненко хочет избежать ответственности за коррупционный скандал с поездкой в испанию заместитель генерального прокурора алексей симоненко, по всей видимости, надеется, что шум вокруг закупок минобороны, скандал с домом депутата от «слуг народа» и задержание замминистра на взятке как-то приглушат резонанс от его собственной проблемы. в прошлую пятницу стало известно, что руководитель силового ведомства в воюющей стране - во-первых, позволил себе десятидневный отпуск на новый год (в то время как все руководство украины занимается войной в режиме 24/7); - во-вторых, для этого отпуска выехал за границу (интересно, каким именно образом при прямом запрете на выезд мужчин призывного возраста – как волонтер? или по государственным делам? или может «на конференцию»? или как замгенпрокурора, потому что «может»?); - в-третьих, выбрал для этого отпуска не самое дешевое место в марбелье в испании (еще предстоит выяснить – это собственная вилла или арендованная, но в любом случае вопрос происхождения средств остается); - в-четвертых, что границу он пересекал на машине и с водителем (двумя) фирмы григория козловского - №1 производителя контрафактных сигарет, которые под видом «дьюти фри» продаются на раскладках, в киосках и интернете без уплаты налогов, и составляют головокружительные 20% всего (!) рынка табачных изделий. интересно, как офис генпрокурора будет заниматься борьбой с нелегальным рынком сигарет после такого? президент в обращении к парламенту заявлял, что солдат в окопе не мотивирует, когда кто-то из политиков или чиновников спускается на лыжах где-то в европе, или пиарится на фоне какой-то столицы за пределами страны. в принципе, симоненко не вышел за рамки: он поехал на море, а не на лыжи, и при этом не в столицу. молодец. как думаете, сойдет с рук?",2023-01-23,Corruption
УНИАН - новости Украины | война с Россией | новини України | війна з Росією | УНІАН,"замглавы оп кирилл тимошенко подал в отставку - ""украинская правда"" по данным издания, на его место планируют назначить главу киевской ова алексея кулебу.",2023-01-23,Political
УНИАН - новости Украины | война с Россией | новини України | війна з Росією | УНІАН,"зеленский в своём вечернем обращении прокомментировал задержание замминистра лозинского, которого подозревают в коррупции, а также скандал с закупками продовольствия в минобороны ""в каждой ситуации будем подробно разбираться. общество получит полную информацию, а государство сделает мощные необходимые шаги. конечно, сейчас основное внимание - вопросам обороны, внешней политике, войне. но это не значит, что я не вижу и не слышу, что говорят в обществе на разных уровнях"", - отметил он. по его словам, на предстоящей неделе ожидаются ""конкретные и справедливые решения"".",2023-01-22,Corruption
УНИАН - новости Украины | война с Россией | новини України | війна з Росією | УНІАН,"зеленский созывает заседание снбо для обсуждения коррупции в судах и подготовке укрытий заседание пройдет 23 июня и с докладами выступят главы сбу и мвд василий малюк и игорь клименко, а также министр стратегических отраслей и промышленности александр камышин. остаться с нами в телеграм | восхититься нашим youtube",2023-06-16,Corruption
Новинач,"зеленський запропонує раді прирівняти корупцію до держзради на військовий час. ""я розумію, що така ""зброя"" не може діяти постійно в суспільстві, але, думаю, на військовий час — це допоможе"", — сказав він",2023-08-27,Corruption
УНИАН - новости Украины | война с Россией | новини України | війна з Росією | УНІАН,"и даже коммунальщики засыпают обратно ямы, которые нарыли как кроты по приказу обосравшегося ху*ла. на видео город липецк. остаться с нами в телеграм | восхититься нашим youtube",2023-06-24,Corruption
УНИАН - новости Украины | война с Россией | новини України | війна з Росією | УНІАН,из-за коррупционных скандалов в украине проверят все решения влк о непригодности к службе с начала войны. тема обсуждалась на сегодняшнем заседании снбо остаться с нами в телеграм | восхититься нашим youtube,2023-08-30,Corruption
УНИАН - новости Украины | война с Россией | новини України | війна з Росією | УНІАН,"князеву и его сообщнику объявили подозрение как информирует набу, дело квалифицировали как подкуп лица, предоставляющего публичные услуги - ч. 4 ст. 368 ук украины. накануне набу и специализированная антикоррупционная прокуратура разоблачили подозреваемых ""на горячем"". деньги передавали председателю верховного суда князеву в обмен на решение в пользу одного из украинских бизнесменов. остаться с нами в телеграм | восхититься нашим youtube",2023-05-16,Corruption
Новинач,"коломойському вручили підозру у шахрайстві та легалізації майна, отриманого шахрайським шляхом",2023-09-02,Corruption
УНИАН - новости Украины | война с Россией | новини України | війна з Росією | УНІАН,"коммунальное предприятие города борисполя намерено устанавливать в городе флагшток за 5 миллионов. за пять сука миллионов!!! мы решили посчитать, сколько можно было купить для наших защитников дронов фирмы dji, в народе известных как ""мавики"". на сайте реселлеров один квадрокоптер продается по цене 99 тысяч гривен. 5 018 000 гривен - это 50 коптеров! несколько рот бойцов можно было бы оснастить коптерами за эти деньги! во время войны *нецензурная лексика*, когда бойцам важен каждый мавик, каждый турникет, каждый броник, каждый патрон, коррупционные чинуши в тылу жрут и пилят наши деньги, тыкая во время войны подставки для флага  остаться с нами в телеграм | восхититься нашим youtube",2023-06-19,Corruption
УНИАН - новости Украины | война с Россией | новини України | війна з Росією | УНІАН,"компании pepsico и mars внесли в список международных спонсоров войны такое решение приняло национальное агентство по вопросам предотвращения коррупции (напк). организации продолжают работать на россии, платят налоги и нанимают сотрудников. остаться с нами в телеграм | восхититься нашим youtube",2023-09-01,Economical
РИА Новости,"мосгорсуд приговорил к пяти годам бывшего замглавы мчс андрея гуровича. его обвиняли в превышении полномочий при строительстве ковидного госпиталя в мурманской области. на строительство было потрачено более 969 млн, но возвели его ""без учета климатических условий региона"", по назначению не использовали и в итоге демонтировали.",2023-12-29,Corruption
УНИАН - новости Украины | война с Россией | новини України | війна з Росією | УНІАН,"мэр одессы труханова взят под стражу - сап в качестве альтернативы он может внести залог в размере 13 млн грн. следствие полагает, что в 2016 году одесский горсовет приобрел здание обанкротившегося завода ""краян"" по завышенной цене, а разницу пытались вывести через фиктивное предприятие. набу считает труханова организатором коррупционной схемы по присвоению более 90 млн грн. остаться с нами в телеграм | восхититься нашим youtube",2023-05-04,Corruption
УНИАН - новости Украины | война с Россией | новини України | війна з Росією | УНІАН,"мэра полтавы александра мамая официально уволили с должности сделали это по решению высшего антикоррупционного суда. по данным местных сми, запись в трудовой книжке сделали еще 12 апреля, но мамай ее еще не забрал. напомним, в марте 2023 года мамай получил 5 лет лишения свободы условно с испытательным сроком в один год, а также запрет занимать руководящие должности. остаться с нами в телеграм | восхититься нашим youtube",2023-04-14,Corruption
Новинач,"міноборони заявило, що інспекція сша не виявила розкрадання в україні західної зброї",2023-07-21,Corruption
УНИАН - новости Украины | война с Россией | новини України | війна з Росією | УНІАН,"на заседании киевсовета требовали отстранить взяточника по имени «никто» - ""слуга народа"" трубицын сказал что речь про него сегодняшнее заявление фракции партии «удар виталия кличко» в киевсовете касается депутата-взяточника по имени «никто». потому что он никто и зовут его никак, но вреда киеву это никто причинило на миллионы гривен. он подозревается в получении взятки от передвижной торговли в киеве. убегал от набу, и сейчас пытается решить вопрос в судах. а главное – он до сих пор на свободе, потому что является представителем одной интересной фракции. фракция удар требует отстранения этого депутата «никто» от председательства в комиссии - заявил глава фракции партии «удар виталия кличко» дмитрий белоцерковец. в свою очередь, депутат киевсовета от ""слуги народа"" владислав трубицын заявил, что в своем выступлении дмитрий белоцерковец имел в виду именно его и подчеркнул, что наоборот является борцом с коррупцией. набу задержало трубицына на взятке в размере 1 миллион 260 тысяч гривен. депутат попал в сизо, откуда вышел под залог 14,88 миллионов гривен. в 2010 году трубицын уже был судим за попытку совершения аферы. остаться с нами в телеграм | восхититься нашим youtube",2023-04-20,Corruption
Новинач,"на львівщині чоловік підписав розписку на 50 тисяч доларів чорнилами, що зникають. його визнали винним у шахрайстві в особливо великих розмірах і призначили покарання у вигляді 6 років позбавлення волі з конфіскацією всього майна",2023-06-12,Other
Новинач,"на одещині затримали районного депутата, який вкрав у держекоінспекції швидкісний катер за 2,6 мільйона гривень. реалізуючи свій злочин, він вмовив посадовця держекоінспекції вивезти катер на територію рибацького комплексу, нібито задля збереження майна під час російських атак",2023-08-11,Corruption
Новинач,"на одещині правоохоронці знешкодили злочинне угруповання, яке доставляло ухилянтів до кордону на каретах швидкої допомоги",2023-11-02,Other
УНИАН - новости Украины | война с Россией | новини України | війна з Росією | УНІАН,"на фоне массовых увольнений в таможне гбр рассказало о преступлениях гтс, раскрытых за прошлый год  всего в 2022 году сотрудники бюро в 2022 году расследовали 576 уголовных дел по преступлениям в таможенной сфере. в результате этих преступления государству был нанесен ущерб на почти 400 млн грн. подозрения получили 156 лиц, 110 дел переданы в суд. “в результате активной работы в конце года удалось увеличить на 1 млрд грн поступления таможенных платежей в государственный бюджет украины"", – сообщает гбр.",2023-02-01,Corruption
УНИАН - новости Украины | война с Россией | новини України | війна з Росією | УНІАН,"набу вручило подозрение экс-министру здравоохранения максиму степанову его подозревают в коррупционной схеме в госпредприятии ""полиграфический комбинат украина"", которое степанов возглавлял в 2013-2016 годах. по данным следствия, в 2013 году компания закупала материалы для изготовления паспортных бланков, id-карт и водительских удостоверений через подставную фирму-прокладку с регистрацией в эстонии, после чего перепродавала их по завышенным ценам. таким образом с предприятия вывели 450 миллионов гривен. остаться с нами в телеграм | восхититься нашим youtube",2023-07-21,Corruption
УНИАН - новости Украины | война с Россией | новини України | війна з Росією | УНІАН,"набу и сап разоблачили масштабную коррупцию в верховном суде украины, а именно - схему получения неправомерной выгоды руководством и судьями вс - набу ""проводятся неотложные следственные действия. детали позже"", - говорится в сообщении ведомства. остаться с нами в телеграм | восхититься нашим youtube",2023-05-15,Corruption
УНИАН - новости Украины | война с Россией | новини України | війна з Росією | УНІАН,"набу объявило в розыск депутата киевского горсовета от ""слуги народа"" владислава трубицына трубицына обвиняют в получении 1,39 млн грн взяток за размещение торговых точек в столице. 13 мая, за три дня до суда по его делу, депутат выехал за границу по письму гур минобороны как ""представитель благотворительного фонда"" (причем уже будучи под следствием), но не вернулся. после этого высший антикоррупционный суд объявил трубицына в международный розыск, поскольку депутат не явился на заседание суда. до сих пор остаются открытыми вопросы, как подследственному трубицыну удалось всё-таки выехать из страны и почему его разыскивают именно сейчас  остаться с нами в телеграм | восхититься нашим youtube",2023-07-13,Corruption
УНИАН - новости Украины | война с Россией | новини України | війна з Росією | УНІАН,"набу проверяет закупки в минобороны и информацию о возможных злоупотреблениях ""сообщаем, что изложенная информация расследуется в рамках уголовного производства, начатого по собственным наработкам ещё до публикации в медиа"", - отметили в агентстве. следствие проверяет закупки на сумму более 13 млрд грн.",2023-01-23,Corruption
Новинач,"набу та сап ""з огляду на резонансні публікації у змі"" почало розслідування щодо ймовірних зловживань міноборони при закупівлі продуктів харчування для зсу",2023-01-23,Corruption
Новинач,"набу та сап викрили корупційну схему серед керівництва та суддів верховного суду україни. наразі проводяться слідчі дії, деталі пообіцяли згодом",2023-05-15,Corruption
Новинач,"набу та сап оголосили в розшук ексголову фонду держмайна дмитра сенниченка та ще шістьох осіб. за інформацією бюро, всі підозрювані входять до складу злочинної організації, яка причетна до заволодіння понад пів мільярдами гривень коштів ""одеського припортового заводу"" та ""об’єднаної гірничо-хімічної компанії""",2023-04-10,Corruption
Новинач,"назк вручило дубінському протокол про адміністративне правопорушення, пов’язане з корупцією. депутат звертався до моз та дбр, порушуючи питання, що становлять його приватний інтерес. зокрема, він цікавився розглядом видачі йому дозволу на виїзд за кордон",2023-11-08,Corruption
УНИАН - новости Украины | война с Россией | новини України | війна з Росією | УНІАН,"намечается схватка трех якодзун министр обороны алексей резников бросил вызов главе комитета вр по антикоррупционной политике анастасии радиной и журналисту михаилу ткачу. условия пари следующие:  если история с закупкой 180 тысяч летних курток на $30 млн для минобороны вместо зимних окажется правдой, он обещает уйти в отставку.  если информация не подтвердится, радина должна сложить мандат нардепа, а ткач - на 3 года уйти из журналистики. судить баттл по фактам должны, согласно предложению резникова, комитет по депутатской этике вру и комиссия журналистской этики, а наблюдателями в нём быть редакции авторитетных украинских сми. остаться с нами в телеграм | восхититься нашим youtube",2023-08-25,Corruption
УНИАН - новости Украины | война с Россией | новини України | війна з Росією | УНІАН,"нацагентство по вопросам предотвращения коррупцции (напк) внесло британскую компанию unilever в список международных спонсоров войны компания является одной из мировых лидеров продуктов различных сфер, от косметики и бытовой химии до продуктов питания. после полномасштабного вторжения рф в украину unilever пообещала приостановить весь импорт и экспорт своей продукции в россию и из нее, включая рекламные расходы. однако доход unilever russia удвоился с 4,8 млрд рублей (€56 млн) в 2021 году до более 9,2 млрд рублей (€108 млн) в прошлом году. кроме того, предприятия в омске, екатеринбурге, санкт-петербурге и туле продолжают свою работу, а офисы - операционную деятельность, обеспечивая присутствие брендов в точках продаж. остаться с нами в телеграм | восхититься нашим youtube",2023-07-03,Economical
УНИАН - новости Украины | война с Россией | новини України | війна з Росією | УНІАН,"национальное агентство по вопросам предотвращения коррупции (напк) временно сняло с австрийского raiffeisen bank статус международного спонсора войны на сайте ведомства сообщается, что такое решение принято на период проведения двусторонних консультаций с представителями еврокомиссии. напомним, ранее австрия блокировала санкции против рф до тех пор, пока банк не исключат из соответствующего списка.",2023-12-17,Economical
УНИАН - новости Украины | война с Россией | новини України | війна з Росією | УНІАН,национальное агентство по предотвращению коррупции внесло компанию metro cash & carry в перечень международных спонсоров войны из-за решения руководства компании продолжать деятельность в россии,2023-02-28,Economical
Новинач,"національна поліція проводить понад 200 обшуків у військкоматах та влк низки областей. перевіряються корупційні схеми, за якими фігуранти за гроші виписували громадянам непридатність до служби",2023-08-22,Corruption
РИА Новости,"один из бывших лидеров непризнанных властей карабаха араик арутюнян привлечен азербайджаном к уголовной ответственности. его обвиняют по более чем 10 уголовным статьям, арутюняну грозит пожизненный срок.",2023-10-05,Corruption
УНИАН - новости Украины | война с Россией | новини України | війна з Росією | УНІАН,"олигарх дмитрий фирташ получил от службы безопасности украины и бэб подозрение в совершении преступления об этом униан сообщил источник в сбу. стало известно, что сбу и бюро экономической безопасности сегодня вручают подозрения самому фирташу и 8 топ-менеджерам его компаний. утром проходят обыски у руководителей фирм олигарха (""ргк"", ""йе-энергия"") и облгазов. сообщается, что правоохранители разоблачили схему, по которой подконтрольные фирташу структуры покупали топливо у его же компании, но на самом деле получали 30% от объемов. источник в сбу сообщает, что искусственный дефицит покрывали за счет государственного газа, а деньги оседали в карманах фирташа. по предварительным данным, за семь лет такая схема нанесла ущерб бюджету страны на 18 млрд гривень. остаться с нами в телеграм | восхититься нашим youtube",2023-05-15,Corruption
Новинач,"олігарх дмитро фірташ та низка топменеджерів його компаній отримали підозру від сбу та беб. правоохоронці викрили схему, за якою фірми олігарха розкрадали блакитне паливо з газотранспортної системи україни, що завдало збитків державі на мільярди гривень",2023-05-15,Corruption
РИА Новости,"от задержанного на таможне в аэропорту мюнхена арнольда шварценеггера потребовали заплатить 35 тыс евро: 26 тыс за дорогие часы audemars piguet, 4 тыс налога и еще 5 тыс - штраф. половину стоимости актер должен был заплатить наличными, которых у него не было, в итоге офицер сопроводил актера прямо в отделение банка. актер пытался объяснить, что намеревается продать часы на благотворительном аукционе, но его аргументы не были услышаны. после разбирательств его отпустили. сам шварценеггер оценил наручные часы всего примерно в 20 тыс евро.",2024-01-17,Corruption
УНИАН - новости Украины | война с Россией | новини України | війна з Росією | УНІАН,"офицеру, избившему срочника в житомире, сообщили о подозрении как сообщает офис генпрокурора, ему инкриминируют ч. 5 ст. 426-1 ук украины (превышение военнослужащим служебных полномочий). также в отношении командования военчасти составлен админпротокол по ч. 3 ст. 172-15 (несвоевременное извещение прокурора гбр о совершенном преступлении) кодекса украины об административных правонарушениях сейчас решается вопрос об избрании подозреваемому меры пресечения. остаться с нами в телеграм | восхититься нашим youtube",2023-03-16,Other
Новинач,"пані посол сша в україні бріджит брінк заявила, що представники посольства не зафіксували випадків розкрадання військової та гуманітарної допомоги в україні",2023-11-02,Corruption
УНИАН - новости Украины | война с Россией | новини України | війна з Росією | УНІАН,"петр сивочолый порошенко получил от венгерского правительства более 37 млн грн перед встречей с орбаном такие данные появились на сайте национального агентства по вопросам предотвращения коррупции (напк). согласно им, порошенко в 2023 году получал доходы из двух источников, основным из которых является министерство финансов венгрии - оттуда гетьману пришло больше 37 млн грн. в декларации указано, что правительство венгрии перечислило порошенко деньги за неделю до того, как экс-президент попытался выехать за границу. тогда порошенко из украины не выпустили пограничники, поскольку спецслужбы получили информацию, что визит порошенко в венгрию может использовать в своих целях фсб рф. пресс-служба порошенко по факту такой выплаты сивочолому объяснений не давала.",2023-12-21,Corruption
РИА Новости,"подмосковная прокуратура организовала проверку в связи с трещиной на фасаде многоквартирного дома в городе пересвет, из-за которой пришлось эвакуировать 120 жильцов. как сообщил глава сергиево-посадского округа, дом до недавнего времени был общежитием, а сейчас часть квартир приватизирована, часть - в соцнайме, многие собственники самовольно сделали перепланировку.",2024-01-29,Corruption
УНИАН - новости Украины | война с Россией | новини України | війна з Росією | УНІАН,"пойманный набу «слуга» трубицын сбежал из украины накануне суда, - эксперт депутат киевсовета от «слуги народа» владислав трубицын, которого набу поймало на многомиллионной взятке, не явился сегодня в антикоррупционный суд, потому что уже выехал из украины, сообщил политический эксперт алексей голобуцкий. с высокой вероятностью трубицын проигнорирует и завтрашнее заседание сессии киевсовета, потому что его просто уже нет в украине, отметил эксперт. голобуцкий отмечает, что трубицина, который обвиняется в том, что за взятку «решал» с разрешениями на торговлю в киеве, отпустили под залог 14,88 млн грн. но обязали не отлучаться с места жительства, сдать загранпаспорт и носить электронный браслет. как находящийся под следствием депутат провластной партии смог бежать из страны? как депутат правящей партии «слуга народа», военнообязанный во время действия военного положения смог пересечь границу, кто и на каких основаниях мог дать ему разрешение на выезд? думаю, ответ уже есть в вопросе. война, бахмут, десятки тысяч погибших военных и гражданских, а «слуги» остаются «слугами», делает вывод голобуцкий. остаться с нами в телеграм | восхититься нашим youtube",2023-05-17,Corruption
УНИАН - новости Украины | война с Россией | новини України | війна з Росією | УНІАН,"полетела голова еще одного фигуранта скандала с поставками для минобороны по завышенным ценам  стало известно об увольнении главы департамента госзакупок и поставок материальных ресурсов министерства обороны украины богдана хмельницкого, сообщила глава комитета вр по антикоррупционной политике анастасия радина. примечательно, что это тот самый хмельницкий, который летом 2022 года уже ""влипал"" в скандал с хищением 580 тысяч долларов средств минобороны во время закупки военной амуниции.",2023-01-25,Corruption
Новинач,"поліція перевіряє законність діяльності благодійного фонду, члени якого під виглядом військових збирають кошти (як вони кажуть) на потреби зсу. розпочато кримінальне провадження за ст. 190 кку (шахрайство). на відео: вчорашні сутички в оболонському районі столиці",2023-11-17,Corruption
УНИАН - новости Украины | война с Россией | новини України | війна з Росією | УНІАН,"правительство передало под управление фонда госимущества две киевские квартиры путинского блогера артемия лебедева, сообщила пресс-служба фонда решение об изъятии этих активов принял высший антикоррупционный суд украины в июле. речь идет о двух квартирах площадью 138,5 кв. м и 193,2 кв. м. обе они расположены в центре киева - на ярославском валу и на улице саксаганского. теперь их продадут или сдадут в аренду, а средства направят на ликвидацию последствий боевых действий. остаться с нами в телеграм | восхититься нашим youtube",2023-09-11,Other
Новинач,"правоохоронці викрили народного депутата на спробі підкупити топпосадовця біткойнами — це перша неправомірна вигода у криптовалюті, яку вдалося задокументувати. за даними змі, мова йде про депутата від ""слуги народу"" та члена комітету з питань антикорупційної політики андрія одарченка. за крипту (в еквіваленті $50 000) він хотів від голови держагентства відновлення — мустафи найєма — сприяння в отриманні коштів з фонду ліквідації наслідків збройної агресії рф на ремонт підконтрольного йому об’єкта інфраструктури",2023-11-21,Corruption
УНИАН - новости Украины | война с Россией | новини України | війна з Росією | УНІАН,"предпринимателя сергея кривого, который дал взятку экс-замглавы минразвития общин лозинскому, взяли под стражу с возможностью внесения 100 млн грн залога решение принял высший антикоррупционный суд. суд над самим лозинским еще идет. напомним, лозинского задержали во время получения взятки в размере $400 тысяч.",2023-01-24,Corruption
Новинач,президента української асоціації футболу андрія павелка взяли під варту на 60 діб — змі. його підозрюють у розкраданні 270 млн грн на будівництві заводу з виготовлення штучної трави для футбольних полів,2023-06-16,Corruption
УНИАН - новости Украины | война с Россией | новини України | війна з Росією | УНІАН,"премьер-министр португалии антониу кошта подал в отставку после того, как был заподозрен в коррупции об этом он заявил в телеобращении. по его словам, его должность не должна быть запятнана расследованием и не совместима с ним. после того как суд выдал ордер на арест главы администрации кошты, был проведен обыск в зданиях правительства. уголовное дело связано с проектами зелёной энергетики и добычей лития для аккумуляторов на севере страны. среди подозреваемых - министр инфраструктуры, министр окружающей среды и его предшественник на этом посту. тем временем в украине нардеп от ""слуги народа"" анатолий гунько, которого набу задержало на взятке в $85 тыс., и который с 9 августа находился под арестом, вышел из сизо (под залог в 10 млн грн.) и спокойно пришел сегодня в раду ",2023-11-07,Corruption
РИА Новости,путин внес в госдуму проект о денонсации россией конвенции об уголовной ответственности за коррупцию,2023-01-09,Political
РИА Новости,"распущенная комиссия по расследованию смоленской авиакатастрофы тратила государственные деньги не по назначению и лгала, заявил замминистра обороны польши. ""это конец трат сотен миллионов злотых, которые не имеют ничего общего с расследованием, но связаны с политикой"", - отметил он.",2023-12-15,Corruption
УНИАН - новости Украины | война с Россией | новини України | війна з Росією | УНІАН,"резников признал ошибки в контракте по питанию всу - нардеп как сообщила нардеп виктория сюмар, во время выступления перед членами комитета верховной рады по вопросам антикоррупционной политики резников признал, что в перечне продуктов из 400 позиций есть ошибки. ""не одна. речь идет не только о яйцах в килограммах и тоннах, но и о многих других позициях. именно поэтому ушел замминистра шаповалов. почему появились ""ошибки"" - должны выяснить в ближайшее время"", - сообщила сюмар.",2023-01-24,Corruption
Новинач,"резніков оприлюднив список із 13 представників, які увійдуть до робочої групи по створенню антикорупційного дорадчого органу при міноборони. серед них го разом проти корупції, демсокира, го стоп корупції, во автомайдан та інші. крім того, міністр оборони анонсував кадрове оновлення відомства, зокрема — каже, що будуть нові заступники міністра. один із кандидатів на посаду заступника є засновник ""повернись живим"" віталій дейнега, який вже підтвердив, що претендує на цей пост",2023-02-13,Corruption
УНИАН - новости Украины | война с Россией | новини України | війна з Росією | УНІАН,"российские олигархи начали подозрительно себя вести перед 24 февраля 2022 года американское агентство по борьбе с финансовыми преступлениями заметило, что крупные ""бизнесмены и чиновники"" начали активно переводить денежные средства между счетами прямо перед вторжением рф в украину. некоторые из них начали спешно переписывать активы на своих детей и родственников. аналитики оценили суммы транзакций в период незадолго до 24 февраля в десятки миллиардов долларов.",2023-01-16,Economical
УНИАН - новости Украины | война с Россией | новини України | війна з Росією | УНІАН,"с мэра одессы труханова сняли электронный браслет срок соответствующей меры пресечения одесскому городскому голове истек. сап ходатайствовала о ее продлении, но суд не рассмотрел ходатайство в соответствующие сроки, сообщают сми напомним, труханова подозревают в коррупции. по версии следствия, он и несколько сотрудников одесских городских ведомств за счет госбюджета приобрели помещения завода ""краян"" в коммунальную собственность по завышенной цене, присвоив себе часть суммы сделки. остаться с нами в телеграм | восхититься нашим youtube",2023-07-19,Corruption
Новинач,"сап і набу викрили злочинну організацію, яка у 2020-2021 роках заволоділа понад 2 мільярдами гривень коштів держпідприємств. підозру отримав ексголова фонду держмайна дмитро сенниченко, який очолював організацію",2023-03-22,Corruption
УНИАН - новости Украины | война с Россией | новини України | війна з Росією | УНІАН,"сбу арестовала активы подсанкционного олигарха новинского на 144 млн грн штрафы наложены на 18 млн кубометров газа, находящегося на хранении в ат ""укртрансгаз"", которые пытались присвоить в пользу третьих лиц в обход санкций снбо. общая стоимость арестованного голубого топлива составляет более 144 млн грн. так, новинский перерегистрировал собственные газодобывающие предприятия на нескольких аффилированных лиц, которые непосредственно связаны с рф и привлек частных нотариусов и госрегистраторов, чтобы обойти санкции. остаться с нами в телеграм | восхититься нашим youtube",2023-04-20,Economical
Николаевский Ванёк,"сбу викрила «тилових» командирів нацгвардії, які незаконно присвоїли собі майже 14 млн «бойових» премій військова контррозвідка служби безпеки спільно з дбр та за сприяння нового керівництва національної гвардії викрила у лавах нацгвардії ще одну «схему» безпідставного нарахування премій за нібито участь у боях на передовій. цього разу на оборудках з державними грошима викрито командування однієї з бригад військового формування, яка дислокується на київщині. з першого дня повномасштабного вторгнення рф і до серпня 2022 року фігуранти незаконно «преміювали» себе на загальну суму майже 14 млн бюджетних гривень. посадовці безпідставно нараховували собі та своїм підлеглим щомісячну доплату у розмірі 100 тис. грн, яка передбачена за безпосередню участь у бойових діях проти російських окупантів. при цьому учасники злочинної схеми не перебували в районах боєзіткнень і не виконували жодних завдань на передній лінії фронту. за даними слідства, до організації оборудки причетний заступник командира – начальник штабу військової частини. він безпідставно підписував рапорти щодо нарахування «бойових» премій своїм підлеглим, насамперед керівному складу. їх особи також встановлено – це командир дивізіону, командир 3-го батальйону, начальник відділення обліку особового складу, заступник командира 1-го батальйону та командир роти. на підставі зібраних доказів заступнику командира – начальнику штабу військової частини і п’ятьом його підлеглим повідомлено про підозру за ч. 4 ст. 425 кримінального кодексу україни (недбале ставлення до військової служби). наразі вирішується питання щодо обрання їм запобіжного заходу. триває розслідування для встановлення всіх обставин злочину і притягнення винних до відповідальності. зловмисникам загрожує до 8 років тюрми. нагадаємо, на початку серпня цього року сбу викрила керівників одного з навчальних центрів нацгвардії, які незаконно нарахували собі майже 1 млн «бойових» премій.",2023-08-15,Corruption
Новинач,сбу викрила посадовців міноборони на розкраданні 5 млн грн під час будівництва казарм для військових на миколаївщині,2023-02-03,Corruption
Новинач,сбу відкрила кримінальне провадження щодо розстрілу українського полоненого — генпрокурор костін. також дмитро кулеба закликав міжнародний кримінальний суд розслідувати обставини цього воєнного злочину,2023-03-06,Crisis
УНИАН - новости Украины | война с Россией | новини України | війна з Росією | УНІАН,"сбу задержала руководителей центра нацгвардии за безосновательное начисление себе ""боевых"" премий по данным следствия, ежемесячно они начисляли себе и своим подчиненным по 100 тысяч гривен, которые предусмотрены за непосредственное участие в боевых действиях. при этом никто из фигурантов в боях не участвовал. таким образом, с сентября по декабрь 2022 года они незаконно присвоили почти 1 миллион гривен бюджетных средств. теперь им грозит до 8 лет тюрьмы. остаться с нами в телеграм | восхититься нашим youtube",2023-08-03,Corruption
Новинач,"сбу затримала депутата міськради коростишева (житомирщина), який входив до складу злочинної організації. вона вимагала з людей гроші під вигаданими приводами, а у разі відмови платити – викрадала та відвозили до спеціально облаштованих катівень",2023-12-12,Corruption
Новинач,"сбу затримала у дніпрі поліцейських, які ""кришували"" наркоугруповання. злочинці налагодили продаж метамфетаміну та психотропів через розгалужену мережу наркодилерів у регіоні",2023-06-19,Corruption
УНИАН - новости Украины | война с Россией | новини України | війна з Росією | УНІАН,"сбу объявила о подозрении экс-главе херсонской ова геннадию лагуте ему вменяют мошенничество и подделку документов. по версии следствия, весной 2022 года чиновник обратился к местной предпринимательнице с просьбой предоставить ему внедорожник в безвозмездное пользование ""для служебных целей"". в июле 2022 экс-глава ова оформил автомобиль на себя и продал своему подчиненному, после чего тот ""перепродал"" его лагуте.",2023-02-03,Corruption
Новинач,"сбу повідомила про підозру ексзаступнику міністра оборони та екскерівнику департаменту держзакупівель міноборони. посадовці, стверджує служба, причетні до розкрадання грошей на закупівлі бронежилетів та зимової форми для зсу. оборудку організували на початку березня 2022 року. їхня незаконна діяльність завдала збитків держбюджету на загальну суму понад 1 мільярд гривень",2023-06-16,Corruption
УНИАН - новости Украины | война с Россией | новини України | війна з Росією | УНІАН,"сбу проводит обыски у мэра мукачево андрея балоги предварительно, его подозревают в причастности к коррупционной схеме продажи стадиона ""авангард"" по заниженной цене, в результате чего сумма убытков составила почти 100 млн грн.",2023-10-10,Corruption
Новинач,"сбу та міноборони виявили спробу розкрадання 1,5 млрд грн на закупівлі артилерійських снарядів для зсу. затримано керівника одного з головних управлінь міноборони. керівництво підприємства та начальника управління, який і підписував угоду від імені міноборони, було негайно усунуто від виконання обовʼязків",2023-12-22,Corruption
Лачен пише,"сбу, ви там на каналі хоть маякніть якось",2023-08-04,Other
РИА Новости,"ск назначит налоговую экспертизу, чтобы выяснить, сколько недоплатила в казну елена блиновская. об уголовном деле в отношении блогера стало известно в апреле, но до сих пор такая экспертиза не проводилась. сегодня суд рассматривает вопрос о продлении домашнего ареста блиновской.",2023-10-24,Corruption
УНИАН - новости Украины | война с Россией | новини України | війна з Росією | УНІАН,"стало известно, какое животное вчера тусило в куршавеле, позоря украину знакомьтесь – глава тро куршавеля ошеровский сергей леонидович и его жена карина жосан. и о них есть много чего интересного, о чем можно рассказать. ошеровский находится в розыске мвд украины. в бизнес-кругах сообщают, что он имеет отношение к так называемой бригаде «потапов». по данным источников в правоохранительных органах они обслуживают строительство народного депутата от опзж вадима столара. сам вадим столар месяц назад посещал день рождения той же жосан в русском ресторане suvuroff в дубае на пальме джумейра. еще раз. мужик, который находится в розыске, громко гуляет в куршавеле. и его жена публикует видео, как они демонстративно тратят деньги. как писали журналисты, такая вечеринка с выносом шампанского «кристалл» под песню и с флагом стоит около 20 тысяч евро. и самое болезненное то, что все это происходит именно в это трагическое время. ""уберите коррупцию и эти люди умрут от голода в однушках на борщаговке. а пока они позорят украину в монако, дубае и куршавеле, это означает, что коррупцию вы не убрали и они продолжают зарабатывать. это означает что продолжают зарабатывать те, кто их крошят. зарабатывают те, кто крошит тех, кто крышует их. и так дальше"". – пишет журналист михаил ткач.",2023-01-11,Corruption
УНИАН - новости Украины | война с Россией | новини України | війна з Росією | УНІАН,"суд во львове избрал меру пресечения депутату от ""европейской солидарности"" сергею алексееву - два месяца под стражей его подозревают в мошенничестве в особо крупных размерах. ранее в сбу заявили, что депутат обещал ""отмазать"" иностранца от экстрадиции за $50 тыс. дякуємо! остаться с нами в телеграм | восхититься нашим youtube",2023-07-03,Corruption
РИА Новости,"суд вынес приговор по делу о крупнейшем разливе топлива на тэц-3 в норильске 2020 года. тогда из резервуара вытекло более 20 тысяч тонн топлива, а с одной из структур ""норникеля"" взыскали более 146 млрд экологического ущерба. по делу проходили четверо сотрудников тэц, в том числе ее директор, все они обвинялись по статье о нарушении требований промышленной безопасности. суд приговорил их к исправительным работам на срок от года до полутора по одной из статей, а по второй - освободил от наказания из-за истечения срока давности.",2023-08-15,Corruption
УНИАН - новости Украины | война с Россией | новини України | війна з Росією | УНІАН,"суд изменил меру пресечения мэру одессы труханову по делу завода ""краян"" - вместо личного обязательства ему назначили залог 30,8 млн грн по версии следствия, в 2016 году одесский горсовет приобрел здание обанкротившегося завода ""краян"" по завышенной цене, а злоумышленники разницу пытались вывести через фиктивное предприятие. набу считает труханова организатором коррупционной схемы по присвоению более 90 млн грн. остаться с нами в телеграм | восхититься нашим youtube",2023-04-25,Corruption
УНИАН - новости Украины | война с Россией | новини України | війна з Росією | УНІАН,"суд признал мэра полтавы александра мамая виновным в незаконном присвоении имущества его приговорили к 5 годам условно с испытательным сроком в 1 год. также мамая лишили права занимать должности на один год. по версии следствия, ""схема"" была такой: мамай взял на работу двух сотрудниц коммунального предприятия - вести его домашнее хозяйство. зарплату женщинам городской голова платил из бюджета - всего более 570 тыс. грн. мамай признал вину и компенсировал ущерб. кроме того, мэр пообещал перевести 2 млн грн. в фонд united24 на армию дронов.",2023-03-02,Corruption
Новинач,"суспільне з посиланням на сбу пише, що правоохоронці проводить понад 20 обшуків у кількох областях через зловживання на відновленні енергетичної інфраструктури україни",2023-09-05,Corruption
УНИАН - новости Украины | война с Россией | новини України | війна з Росією | УНІАН,"сша создают рабочую группу по выявлению коррупции в украине рабочая группа по наблюдению в украине будет состоять из инспекторов пентагона, госдепартамента, usaid и других ведомств правительства сша. она будет собираться ежемесячно, чтобы ""координировать, сотрудничать и обеспечивать прозрачность надзорных усилий украины по коллективному реагированию"" в индексе восприятия коррупции за 2021 год, подготовленном наблюдательной группой transparency international, в котором 180 стран оценивались по воспринимаемому ими уровню коррупции в государственном секторе, при этом первое место было наименее коррумпированным, украина заняла 122-е место.",2023-01-28,Corruption
УНИАН - новости Украины | война с Россией | новини України | війна з Росією | УНІАН,"тернопольский горсовет обвинил напк в клевете в отношении мэра там заявили, что городской голова не выписывал себе премии во время войны и надбавок не получал, добавив, что мэр вообще не обращался за получением материальной помощи, совсем отказавшись от премий. такие заявления национального агентства по вопросам предотвращения коррупции в горсовете посчитали попыткой давления на местное самоуправление. напомним, согласно данным напк, размер премий мэра мог достигать 250% от должностного оклада. остаться с нами в телеграм | восхититься нашим youtube",2023-04-05,Corruption
РИА Новости,"украинская полиция предъявила обвинения в криминальной деятельности погибшему почти год назад замглавы херсонской администрации кириллу стремоусову. в ведомстве пояснили, что ""на украине его смерть не подтверждена"".",2023-09-15,Corruption
РИА Новости,украинское антикоррупционное бюро официально предъявило обвинение коломойскому в присвоении почти $250 млн,2023-09-07,Corruption
РИА Новости,фас проводит антикартельные проверки 12 производителей куриных яиц и мяса кур - в связи с повышением цен,2023-11-16,Corruption
Новинач,"хабар у $2,7 мільйони голови верховного суду князєва. що відомо: • набу та сап повідомили про затримання голови верховного суду всеволода князєва; • голова набу кривонос заявив, що це найбільш резонансна справа за період діяльності набу та сап, найбільше викриття найвищої посадової особи в судовій гілці влади; • йдеться про хабар для ухвалення рішення на користь власника фінансової групи ""фінанси та кредит"" олігарха костянтина жеваго. сам жеваго це заперечує; • за даними слідства, хабар керівництву суду передавався через керівника одного з адвокатських обʼєднань двома частинами. вчора була передана друга частина, ""яка була зафіксована на гарячому""; • виявити схему вдалося завдяки проникненню детективу набу під прикриттям всередину злочинного угруповання; • у набу заявляють, що хабар у $2,7 млн може бути частиною більш широкої схеми корупційного тиску на суди; • наразі судді вс утворили оргкомітет, який підготує проєкт рішення про недовіру князєву",2023-05-16,Corruption
УНИАН - новости Украины | война с Россией | новини України | війна з Росією | УНІАН,"шевченковский районный суд киева удовлетворил ходатайство прокуратуры и назначил митрополиту упц мп павлу (лебедю) меру пресечения виде домашнего ареста сроком на 60 суток и запрета на обращения к верующим ранее павла доставили в больницу в связи с ухудшением самочувствия в зале суда, однако затем суд согласовал принудительный привод из больницы, куда он был доставлен. напомним, сбу провела обыск в доме митрополита, а самому ему было вручено уведомление о подозрении в совершении преступления – наместника подозревают в разжигании межрелигиозной розни, оправдании и отрицании вооруженной агрессии россии против украины. остаться с нами в телеграм | восхититься нашим youtube",2023-04-01,Corruption
Новинач,"ігоря коломойського доправили до суду, де розглядатимуть апеляцію на його арешт. центр протидії корупції повідомляє, що підтримати коломойського прибув ""десант з 1+1"" у складі олександра ткаченка, олександра дубінського, наталії мосійчук, юрія горбунова тощо",2023-09-25,Corruption
Всевидящее ОКО 🇺🇦 | Новини Україна,"історія з офісами телефонних шахраїв заграла яскравими фарбами. по-перше, луплять ці офіси проросійський депутат дмитрук, непомітний всю війну депутат куніцкій та одіозний депутат коля тищенко. все це говорить про те, що питання справедливості не стоїть, це банальна робота по перерозподілу ринка. по-друге, росіянам дуже не подобаються українські колл-центри. по-третє, джокер нарешті повідомив, що коля тищенко його брат. наступним кроком скорійш за асе визнає, що олег ляшко його сестра. історія дуже зашкварная з усіх боків. а враховуючи, що коля ще й кришує один конкретний чотирьох поверховий кол-центр, взагалі яскрава. будемо спостерігати за тим як розвивається ця двіжуха і як депутат думи рф міронов дає вказівки джокеру та дмитруку. і ще раз хочу звернутись до силовиків: будь ласка, приберіть зашкварних депутатів від цієї справи, вони її дискредитують.",2023-08-09,Corruption
УНИАН - новости Украины | война с Россией | новини України | війна з Росією | УНІАН,"  в канаде по городу дидсбери пронесся огромный торнадо и выпал град сообщается, что градины были размером с кулак. повреждены автомобили, а также по меньшей мере 14 домов. предварительно, есть пострадавшие среди местных жителей. также на некоторых фермерских хозяйствах погибли животные.",2023-07-02,Crisis
УНИАН - новости Украины | война с Россией | новини України | війна з Росією | УНІАН,"  свежая сводка потерь оккупантов на сегодня. в полиэтиленовую броню переоделись 480 рашистов кроме этого, за минувшие сутки уничтожены:  3 танка;  7 бронемашин;  22 артиллерийские системы;  2 рсзо;  1 средство пво;  31 бпла;  10 крылатых ракет;  11 автомобилей;  3 единицы спецтехники. остаться с нами в телеграм | восхититься нашим youtube",2023-05-27,Crisis
Ukraine NOW, 9 російських ракет цього вечора вдарили по інфраструктурі кременчука на полтавщині джерело: начальник полтавської обласної військової адміністрації дмитро лунін,2022-04-24,Crisis
УНИАН - новости Украины | война с Россией | новини України | війна з Росією | УНІАН," бойцы легиона свобода россии"" показали, как в воронеже сожгли резервуар с топливом ""роснефтичтобы уничтожить танк в тылу достаточно открутить одну гайку на заводе-производителе (если вы поняли о чем мы ). природные ресурсы россии должны работать на россию, а не на преступную войну. в общем, передаем горячий привет и огромное уважение всем неизвестным патриотам"", - говорится в сообщении.",2023-12-15,Crisis
Всевидящее ОКО 🇺🇦 | Новини Україна," в гур опубликовали кадры спецоперации в рф, в результате которой уничтожен истребитель-бомбардировщик су-34  прислать контент",2024-01-04,Crisis
