channel_name,text,date,
–≠–∫–æ–Ω–æ–º–∏–∫–∞,"–ü—Ä–µ–∑–∏–¥–µ–Ω—Ç –í–ª–∞–¥–∏–º–∏—Ä –ü—É—Ç–∏–Ω –ø–æ–¥–ø–∏—Å–∞–ª –∑–∞–∫–æ–Ω, –∫–æ—Ç–æ—Ä—ã–π –ø—Ä–µ–¥—É—Å–º–∞—Ç—Ä–∏–≤–∞–µ—Ç —É–ø—Ä–æ—â–µ–Ω–∏–µ –ø–æ–ª—É—á–µ–Ω–∏—è –≤–∏–¥–∞ –Ω–∞ –∂–∏—Ç–µ–ª—å—Å—Ç–≤–∞ (–í–ù–ñ) –≤ –†–æ—Å—Å–∏–∏ –¥–ª—è –∏–Ω–æ—Å—Ç—Ä–∞–Ω—Ü–µ–≤, –∑–∞–∫–ª—é—á–∏–≤—à–∏–º –∫–æ–Ω—Ç—Ä–∞–∫—Ç –æ —Å–ª—É–∂–±–µ –≤ –∞—Ä–º–∏–∏ –≤–æ –≤—Ä–µ–º—è –≤–æ–µ–Ω–Ω–æ–π –æ–ø–µ—Ä–∞—Ü–∏–∏ –Ω–∞ –£–∫—Ä–∞–∏–Ω–µ –Ω–∞ —Å—Ä–æ–∫ –æ–¥–∏–Ω –≥–æ–¥. –ú–µ—Ä–∞ —Ä–∞—Å–ø—Ä–æ—Å—Ç—Ä–∞–Ω—è–µ—Ç—Å—è –∏ –Ω–∞ —á–ª–µ–Ω–æ–≤ —Å–µ–º–µ–π —Ç–∞–∫–∏—Ö –∏–Ω–æ—Å—Ç—Ä–∞–Ω—Ü–µ–≤. –î–æ–∫—É–º–µ–Ω—Ç –æ–ø—É–±–ª–∏–∫–æ–≤–∞–Ω –Ω–∞ –ø–æ—Ä—Ç–∞–ª–µ –ø—Ä–∞–≤–æ–≤–æ–π –∏–Ω—Ñ–æ—Ä–º–∞—Ü–∏–∏.

–û–Ω–∏ —Å–º–æ–≥—É—Ç –ø–æ–ª—É—á–∏—Ç—å –≤–∏–¥ –Ω–∞ –∂–∏—Ç–µ–ª—å—Å—Ç–≤–æ –±–µ–∑ –ø–æ–ª—É—á–µ–Ω–∏—è —Ä–∞–∑—Ä–µ—à–µ–Ω–∏—è –Ω–∞ –≤—Ä–µ–º–µ–Ω–Ω–æ–µ –ø—Ä–æ–∂–∏–≤–∞–Ω–∏–µ.

–ó–∞–∫–æ–Ω–æ–º —Ç–∞–∫–∂–µ –≤–≤–æ–¥–∏—Ç—Å—è —É–ø—Ä–æ—â–µ–Ω–Ω—ã–π –ø–æ—Ä—è–¥–æ–∫ –ø–æ–ª—É—á–µ–Ω–∏—è –í–ù–ñ –¥–ª—è –∏–Ω–æ—Å—Ç—Ä–∞–Ω–Ω—ã—Ö –≥—Ä–∞–∂–¥–∞–Ω, –∫–æ—Ç–æ—Ä—ã–µ –∏–Ω–≤–µ—Å—Ç–∏—Ä–æ–≤–∞–ª–∏ –≤ —Ä–æ—Å—Å–∏–π—Å–∫—É—é —ç–∫–æ–Ω–æ–º–∏–∫—É, –∏ –∏—Ö —Å–µ–º—å—è–º. –î–æ–ø–æ–ª–Ω–∏—Ç–µ–ª—å–Ω—ã–µ –∫—Ä–∏—Ç–µ—Ä–∏–∏ –æ–ø—Ä–µ–¥–µ–ª–∏—Ç –ø—Ä–∞–≤–∏—Ç–µ–ª—å—Å—Ç–≤–æ.
[ùîº‚ÑÇùïÜ‚ÑïùïÜùïÑùïÄùïÇùî∏](https://t.me/economika)",2023-07-11,Economical
–≠–∫–æ–Ω–æ–º–∏–∫–∞,"–ü—Ä–µ–∑–∏–¥–µ–Ω—Ç –†–æ—Å—Å–∏–∏ –í–ª–∞–¥–∏–º–∏—Ä –ü—É—Ç–∏–Ω –ø–æ–¥–ø–∏—Å–∞–ª –∑–∞–∫–æ–Ω –ø–æ –æ–±–µ—Å–ø–µ—á–µ–Ω–∏—é —Å–æ—Ö—Ä–∞–Ω–Ω–æ—Å—Ç–∏ –∂–∏–ª—å—è –∏ –∏–º—É—â–µ—Å—Ç–≤–∞ –æ—Å—É–∂–¥–µ–Ω–Ω—ã—Ö –≤ —Ç–æ –≤—Ä–µ–º—è, –ø–æ–∫–∞ –æ–Ω–∏ –æ—Ç–±—ã–≤–∞—é—Ç –Ω–∞–∫–∞–∑–∞–Ω–∏–µ.

–°–æ–≥–ª–∞—Å–Ω–æ –Ω–æ–≤–æ–º—É –∑–∞–∫–æ–Ω—É, –≥–ª. 39 –£–≥–æ–ª–æ–≤–Ω–æ-–ø—Ä–æ—Ü–µ—Å—Å—É–∞–ª—å–Ω–æ–≥–æ –∫–æ–¥–µ–∫—Å–∞ –†–æ—Å—Å–∏–π—Å–∫–æ–π –§–µ–¥–µ—Ä–∞—Ü–∏–∏ –¥–æ–ø–æ–ª–Ω—è–µ—Ç—Å—è –Ω–æ–≤–æ–π —Å—Ç. 3131, –≤–∫–ª—é—á–∞—é—â–µ–π –º–µ—Ä—ã –ø–æ –æ–±–µ—Å–ø–µ—á–µ–Ω–∏—é —Å–æ—Ö—Ä–∞–Ω–Ω–æ—Å—Ç–∏ –∏–º—É—â–µ—Å—Ç–≤–∞ –∏ –∂–∏–ª—å—è, –∫–æ—Ç–æ—Ä—ã–µ –æ—Å—Ç–∞–ª–∏—Å—å –±–µ–∑ –ø—Ä–∏—Å–º–æ—Ç—Ä–∞ –Ω–∞ –≤—Ä–µ–º—è –æ—Ç–±—ã–≤–∞–Ω–∏—è –Ω–∞–∫–∞–∑–∞–Ω–∏—è –æ—Å—É–∂–¥–µ–Ω–Ω—ã–º.
[ùîº‚ÑÇùïÜ‚ÑïùïÜùïÑùïÄùïÇùî∏](https://t.me/economika)",2023-07-11,Political
–≠–∫–æ–Ω–æ–º–∏–∫–∞,"–í–Ω—É—Ç—Ä–∏–ø–æ–ª–∏—Ç–∏—á–µ—Å–∫–∏–µ —Å–æ–±—ã—Ç–∏—è 23‚Äì25 –∏—é–Ω—è (–≤ —ç—Ç–æ –≤—Ä–µ–º—è –≤ –†–æ—Å—Å–∏–∏ —Å–ª—É—á–∏–ª—Å—è –º—è—Ç–µ–∂ —á–∞—Å—Ç–Ω–æ–π –≤–æ–µ–Ω–Ω–æ–π –∫–æ–º–ø–∞–Ω–∏–∏ ¬´–í–∞–≥–Ω–µ—Ä¬ª) ¬´–æ–∫–∞–∑–∞–ª–∏ –Ω–µ–∑–Ω–∞—á–∏—Ç–µ–ª—å–Ω–æ–µ –≤–ª–∏—è–Ω–∏–µ¬ª –Ω–∞ –º–µ—Å—è—á–Ω—É—é –¥–∏–Ω–∞–º–∏–∫—É —Ä—É–±–ª—è, –≥–æ–≤–æ—Ä–∏—Ç—Å—è –≤ –æ–±–∑–æ—Ä–µ —Ä–∏—Å–∫–æ–≤ —Ñ–∏–Ω–∞–Ω—Å–æ–≤—ã—Ö —Ä—ã–Ω–∫–æ–≤, –∫–æ—Ç–æ—Ä—ã–π –ø–æ–¥–≥–æ—Ç–æ–≤–∏–ª –ë–∞–Ω–∫ –†–æ—Å—Å–∏–∏. –ü—Ä–∏ —ç—Ç–æ–º –≤ –¶–ë –ø—Ä–∏–∑–Ω–∞—é—Ç, —á—Ç–æ –≤ —ç—Ç–∏ –¥–∞—Ç—ã –≤–æ–ª–∞—Ç–∏–ª—å–Ω–æ—Å—Ç—å –∫—É—Ä—Å–∞ –∑–Ω–∞—á–∏—Ç–µ–ª—å–Ω–æ –≤—ã—Ä–æ—Å–ª–∞ –Ω–∞ —Ñ–æ–Ω–µ –ø–æ–≤—ã—à–µ–Ω–Ω–æ–≥–æ —Å–ø—Ä–æ—Å–∞ –Ω–∞ –≤–∞–ª—é—Ç—É.

¬´–†–µ–∑–∫–∏–π —Ä–æ—Å—Ç –Ω–µ–æ–ø—Ä–µ–¥–µ–ª–µ–Ω–Ω–æ—Å—Ç–∏ —Å–ø–æ—Å–æ–±—Å—Ç–≤–æ–≤–∞–ª –∫—Ä–∞—Ç–∫–æ—Å—Ä–æ—á–Ω–æ–º—É –≤—Å–ø–ª–µ—Å–∫—É –∫–æ—Ç–∏—Ä–æ–≤–æ–∫ –Ω–∞ –ø–æ–∫—É–ø–∫—É –∏–Ω–æ—Å—Ç—Ä–∞–Ω–Ω–æ–π –≤–∞–ª—é—Ç—ã –≤ –±–∞–Ω–∫–∞—Ö. –ö–æ—Ç–∏—Ä–æ–≤–∫–∏ –Ω–∞ –ø–æ–∫—É–ø–∫—É –≤–∞–ª—é—Ç—ã –∫–æ–ª–µ–±–∞–ª–∏—Å—å –≤ —à–∏—Ä–æ–∫–æ–º –¥–∏–∞–ø–∞–∑–æ–Ω–µ. –ü—Ä–∏ —ç—Ç–æ–º —Ñ–∏–∑–∏—á–µ—Å–∫–∏–µ –ª–∏—Ü–∞ –ø—Ä–∏–æ–±—Ä–µ–ª–∏ –≤ –≤—ã—Ö–æ–¥–Ω—ã–µ –¥–Ω–∏ –∏–Ω–æ—Å—Ç—Ä–∞–Ω–Ω–æ–π –≤–∞–ª—é—Ç—ã –Ω–∞ 6,2 –º–ª—Ä–¥ —Ä—É–±., 75% –æ—Ç —ç—Ç–æ–≥–æ –æ–±—ä–µ–º–∞ –ø—Ä–∏—à–ª–æ—Å—å –∏–º–µ–Ω–Ω–æ –Ω–∞ –±–µ–∑–Ω–∞–ª–∏—á–Ω—É—é –∏–Ω–æ—Å—Ç—Ä–∞–Ω–Ω—É—é –≤–∞–ª—é—Ç—É¬ª, ‚Äî –æ—Ç–º–µ—á–∞–µ—Ç—Å—è –≤ –æ–±–∑–æ—Ä–µ.
[ùîº‚ÑÇùïÜ‚ÑïùïÜùïÑùïÄùïÇùî∏](https://t.me/economika)",2023-07-11,Economical
–≠–∫–æ–Ω–æ–º–∏–∫–∞,"–¶–µ–Ω—ã –Ω–∞ –ª—É–∫ –≤ —ç—Ç–æ–º –≥–æ–¥—É —Ä–µ–∫–æ—Ä–¥–Ω–æ –≤—ã—Ä–æ—Å–ª–∏ –∏–∑-–∑–∞ –∞–Ω–æ–º–∞–ª—å–Ω—ã—Ö –∑–∞–º–æ—Ä–æ–∑–∫–æ–≤ –≤ —Å—Ç—Ä–∞–Ω–∞—Ö –¶–µ–Ω—Ç—Ä–∞–ª—å–Ω–æ–π –ê–∑–∏–∏, —Ä–æ—Å—Å–∏–π—Å–∫–∏–µ –≤–ª–∞—Å—Ç–∏ —É–∂–µ —Ä–∞–±–æ—Ç–∞—é—Ç –Ω–∞–¥ —Å–º–µ–Ω–æ–π –ø–æ—Å—Ç–∞–≤—â–∏–∫–æ–≤. –ö—Ä–æ–º–µ —Ç–æ–≥–æ, –≤ —Å—Ç—Ä–∞–Ω–µ –≤ –±–ª–∏–∂–∞–π—à–µ–µ –≤—Ä–µ–º—è —Å–æ–±–µ—Ä—É—Ç —É—Ä–æ–∂–∞–π, –∏ —Ü–µ–Ω—ã –Ω–∞ –ª—É–∫ —Å–Ω–∏–∑—è—Ç—Å—è, –∑–∞—è–≤–∏–ª–∏ –≤ –ø—Ä–µ—Å—Å-—Å–ª—É–∂–±–µ –ú–∏–Ω—Å–µ–ª—å—Ö–æ–∑–∞ –†–æ—Å—Å–∏–∏.

–¶–µ–Ω—Ç—Ä–∞–ª—å–Ω–æ–∞–∑–∏–∞—Ç—Å–∫–∏–µ —Å—Ç—Ä–∞–Ω—ã —è–≤–ª—è—é—Ç—Å—è –∫–ª—é—á–µ–≤—ã–º–∏ –ø–æ—Å—Ç–∞–≤—â–∏–∫–∞–º–∏ –ª—É–∫–∞ –≤ –†–æ—Å—Å–∏—é ‚Äî –æ—Ç—Ç—É–¥–∞ —Å—Ç—Ä–∞–Ω–∞ –∏–º–ø–æ—Ä—Ç–∏—Ä—É–µ—Ç –æ–∫–æ–ª–æ 10% —Å–≤–æ–∏—Ö –∑–∞–ø–∞—Å–æ–≤, –ø–æ—è—Å–Ω–∏–ª–∏ –≤ –≤–µ–¥–æ–º—Å—Ç–≤–µ. –í —ç—Ç–æ–º –≥–æ–¥—É –†–æ—Å—Å–∏—è –Ω–µ —Å–º–æ–∂–µ—Ç –∑–∞–∫—É–ø–∏—Ç—å –≤ —ç—Ç–∏—Ö —Å—Ç—Ä–∞–Ω–∞—Ö –Ω–µ–æ–±—Ö–æ–¥–∏–º—ã–π –æ–±—ä–µ–º —É—Ä–æ–∂–∞—è, –æ–¥–Ω–∞–∫–æ –≤–∑–∞–º–µ–Ω –Ω–∞—Ä–∞—â–∏–≤–∞—é—Ç—Å—è –ø–æ—Å—Ç–∞–≤–∫–∏ –∏–∑ –ö–∏—Ç–∞—è –∏ –ê–∑–µ—Ä–±–∞–π–¥–∂–∞–Ω–∞
[ùîº‚ÑÇùïÜ‚ÑïùïÜùïÑùïÄùïÇùî∏](https://t.me/economika)",2023-07-11,Economical
–≠–∫–æ–Ω–æ–º–∏–∫–∞,"–ü—Ä–∏–±—ã–ª—å –°–±–µ—Ä–∞ –∑–∞ –ø–æ–ª–æ–≤–∏–Ω—É 2023 –≥–æ–¥–∞ ‚Äî 727,8 –º–ª—Ä–¥ —Ä—É–±–ª–µ–π

–ë–∞–Ω–∫ —Å–µ–≥–æ–¥–Ω—è –æ—Ç—á–∏—Ç–∞–ª—Å—è –ø–æ —Ä–æ—Å—Å–∏–π—Å–∫–∏–º —Å—Ç–∞–Ω–¥–∞—Ä—Ç–∞–º –±—É—Ö–≥–∞–ª—Ç–µ—Ä—Å–∫–æ–π –æ—Ç—á–µ—Ç–Ω–æ—Å—Ç–∏. –ö—Ä–µ–¥–∏—Ç–Ω—ã–π –ø–æ—Ä—Ç—Ñ–µ–ª—å –°–±–µ—Ä–∞ —Å –Ω–∞—á–∞–ª–∞ –≥–æ–¥–∞ –ø—Ä–æ–¥–µ–º–æ–Ω—Å—Ç—Ä–∏—Ä–æ–≤–∞–ª —Ä–æ—Å—Ç –Ω–∞ 11,5%, –¥–æ 34,3 —Ç—Ä–ª–Ω —Ä—É–±–ª–µ–π. –°—Ä–µ–¥—Å—Ç–≤–∞ –∫–∞–∫ —Ñ–∏–∑–ª–∏—Ü, —Ç–∞–∫ –∏ —é—Ä–ª–∏—Ü –≤—ã—Ä–æ—Å–ª–∏ –±–æ–ª–µ–µ —á–µ–º –Ω–∞ 8% ‚Äî –¥–æ 19,8 –∏ 9,4 —Ç—Ä–ª–Ω —Ä—É–±–ª–µ–π —Å–æ–æ—Ç–≤–µ—Ç—Å—Ç–≤–µ–Ω–Ω–æ. –ö–æ–ª–∏—á–µ—Å—Ç–≤–æ –∞–∫—Ç–∏–≤–Ω—ã—Ö –∫–ª–∏–µ–Ω—Ç–æ–≤ –ø—Ä–µ–≤—ã—Å–∏–ª–æ 107 –º–ª–Ω —á–µ–ª–æ–≤–µ–∫, –∞ –µ–∂–µ–º–µ—Å—è—á–Ω–∞—è –∞—É–¥–∏—Ç–æ—Ä–∏—è –°–±–µ—Ä–±–∞–Ω–∫ –û–Ω–ª–∞–π–Ω –¥–æ—Å—Ç–∏–≥–ª–∞ 80 –º–ª–Ω. 

–ò—é–Ω—å —Å—Ç–∞–ª –ª—É—á—à–∏–º –º–µ—Å—è—Ü–µ–º –≤ –∏—Å—Ç–æ—Ä–∏–∏ –ø–æ –≤—ã–¥–∞—á–µ —Ä–æ–∑–Ω–∏—á–Ω—ã—Ö –∫—Ä–µ–¥–∏—Ç–æ–≤. –í—Å–µ–≥–æ –≤ –ø—Ä–æ—à–ª–æ–º –º–µ—Å—è—Ü–µ –°–±–µ—Ä–∞ –≤—ã–¥–∞–ª —Ç–∞–∫–∏—Ö –∫—Ä–µ–¥–∏—Ç–æ–≤ –Ω–∞ 720 –º–ª—Ä–¥ —Ä—É–±–ª–µ–π. –ü—Ä–∏ —ç—Ç–æ–º —á–∏—Å—Ç–∞—è –ø—Ä–∏–±—ã–ª—å –°–±–µ—Ä–∞ –∑–∞ –∏—é–Ω—å —Å–æ—Å—Ç–∞–≤–∏–ª–∞ 138,8 –º–ª—Ä–¥ —Ä—É–±–ª–µ–π ‚Äî —Ñ–∏–Ω–∞–Ω—Å–æ–≤–æ –ø–æ–ª–æ–∂–∏—Ç–µ–ª—å–Ω—ã–π —Ä–µ–∑—É–ª—å—Ç–∞—Ç –ø—Ä–∏–Ω–µ—Å–ª–æ –∑–∞–∫—Ä—ã—Ç–∏–µ —Å–¥–µ–ª–∫–∏ –ø–æ –ø—Ä–æ–¥–∞–∂–µ –±–∏–∑–Ω–µ—Å–∞ –≤ –ï–≤—Ä–æ–ø–µ.
–ï—Å–ª–∏ —Ç–µ–Ω–¥–µ–Ω—Ü–∏—è –ø–æ —Å—Ç–æ–ª—å –≤—ã—Å–æ–∫–æ–π —á–∏—Å—Ç–æ–π –ø—Ä–∏–±—ã–ª–∏ –ø—Ä–æ–¥–æ–ª–∂–∏—Ç—Å—è, —Ç–æ —É–∂–µ –ø–æ –∏—Ç–æ–≥–∞–º –≥–æ–¥–∞ –°–±–µ—Ä –º–æ–∂–µ—Ç –∑–∞—Ä–∞–±–æ—Ç–∞—Ç—å 1,4 —Ç—Ä–ª–Ω —Ä—É–±–ª–µ–π ‚Äî —ç—Ç–æ –±–æ–ª—å—à–µ, —á–µ–º –ø—Ä–æ—à–ª—ã–π —Ä–µ–∫–æ—Ä–¥ –≤ –¥–æ–∫—Ä–∏–∑–∏—Å–Ω–æ–º 2021 –≥–æ–¥—É (1,2 —Ç—Ä–ª–Ω —Ä—É–±–ª–µ–π). –ü—Ä–∏ —ç—Ç–æ–º —Å–ª–µ–¥—É–µ—Ç —É—á–∏—Ç—ã–≤–∞—Ç—å, —á—Ç–æ –∏ –¥–∏–≤–∏–¥–µ–Ω–¥—ã –≤ —Ç–∞–∫–æ–º —Å–ª—É—á–∞–µ –±—É–¥—É—Ç –µ—â–µ –±–æ–ª—å—à–µ, —á–µ–º –≤ —ç—Ç–æ–º –≥–æ–¥—É.

[ùîº‚ÑÇùïÜ‚ÑïùïÜùïÑùïÄùïÇùî∏](https://t.me/economika)",2023-07-11,Economical
–≠–∫–æ–Ω–æ–º–∏–∫–∞,"–û–±—â–µ—Å—Ç–≤–µ–Ω–Ω–∞—è –ø–∞–ª–∞—Ç–∞ (–û–ü) –∏ –°–æ–≤–µ—Ç –ø–æ –ø–æ–ø–µ—á–∏—Ç–µ–ª—å—Å—Ç–≤—É –≤ —Å–æ—Ü—Å—Ñ–µ—Ä–µ –ø—Ä–∏ –ø—Ä–∞–≤–∏—Ç–µ–ª—å—Å—Ç–≤–µ –ø—Ä–µ–¥–ª–æ–∂–∏–ª–∏ –≤—ã—è–≤–ª—è—Ç—å –±–µ–∑–¥–æ–º–Ω—ã—Ö –ª—é–¥–µ–π, –∏–¥–µ–Ω—Ç–∏—Ñ–∏—Ü–∏—Ä–æ–≤–∞—Ç—å –∏—Ö —Å –ø–æ–º–æ—â—å—é –ø–æ–ª–∏—Ü–∏–∏ –∏ –æ—Ç–ø—Ä–∞–≤–ª—è—Ç—å –Ω–∞ —Ä–∞–±–æ—Ç—É, —Å–æ–æ–±—â–∞–µ—Ç—Å—è —Å–æ —Å—Å—ã–ª–∫–æ–π –Ω–∞ –ø–∏—Å—å–º–æ —á–ª–µ–Ω–æ–≤ –ø—Ä–∞–≤–∏—Ç–µ–ª—å—Å—Ç–≤–µ–Ω–Ω–æ–≥–æ —Å–æ–≤–µ—Ç–∞ –ù–∞—Ç–∞–ª—å–∏ –ü–æ—á–∏–Ω–æ–∫ –∏ –ï–ª–µ–Ω—ã –¢–æ–ø–æ–ª–µ–≤–æ–π-–°–æ–ª–¥—É–Ω–æ–≤–æ–π (—Å–æ—Å—Ç–æ–∏—Ç –≤ –û–ü) –≤ –ú–∏–Ω—Ç—Ä—É–¥ –∏ –ú–∏–Ω–∑–¥—Ä–∞–≤.

–í–º–µ—Å—Ç–µ —Å –ø–∏—Å—å–º–æ–º –æ–Ω–∏ –Ω–∞–ø—Ä–∞–≤–∏–ª–∏ –ø—Ä–æ–µ–∫—Ç –º–∏–Ω—Å–æ—Ü—Ä–∞–∑–≤–∏—Ç–∏—è –ü–æ–¥–º–æ—Å–∫–æ–≤—å—è –æ –ø–æ—Ä—è–¥–∫–µ –≤–∑–∞–∏–º–æ–¥–µ–π—Å—Ç–≤–∏—è –º–µ–∂–¥—É –æ—Ä–≥–∞–Ω–∞–º–∏ –≥–æ—Å—É–¥–∞—Ä—Å—Ç–≤–µ–Ω–Ω–æ–π –≤–ª–∞—Å—Ç–∏ –∏ –æ—Ä–≥–∞–Ω–∏–∑–∞—Ü–∏—è–º–∏ —Ä–µ–≥–∏–æ–Ω–∞ ¬´–ø–æ –≤—ã—è–≤–ª–µ–Ω–∏—é –∏ –∂–∏–∑–Ω–µ—É—Å—Ç—Ä–æ–π—Å—Ç–≤—É –ª–∏—Ü –±–µ–∑ –æ–ø—Ä–µ–¥–µ–ª–µ–Ω–Ω–æ–≥–æ –º–µ—Å—Ç–∞ –∂–∏—Ç–µ–ª—å—Å—Ç–≤–∞¬ª. –¢–∞–∫–æ–π –ø—Ä–æ–µ–∫—Ç –æ–±—â–µ—Å—Ç–≤–µ–Ω–Ω–∏–∫–∏ —Ä–µ–∫–æ–º–µ–Ω–¥–æ–≤–∞–ª–∏ –∏—Å–ø–æ–ª—å–∑–æ–≤–∞—Ç—å –≤–æ –≤—Å–µ—Ö —Ä–µ–≥–∏–æ–Ω–∞—Ö.
[ùîº‚ÑÇùïÜ‚ÑïùïÜùïÑùïÄùïÇùî∏](https://t.me/economika)",2023-07-11,Economical
–≠–∫–æ–Ω–æ–º–∏–∫–∞,"–¢—É—Ä—Ü–∏—è –º–æ–∂–µ—Ç –æ—Ä–∏–µ–Ω—Ç–∏—Ä–æ–≤–∞—Ç—å—Å—è –Ω–∞ –ó–∞–ø–∞–¥, –Ω–æ –≤ –ï–≤—Ä–æ–ø–µ –µ–µ ¬´–Ω–∏–∫—Ç–æ –Ω–µ —Ö–æ—á–µ—Ç –≤–∏–¥–µ—Ç—å¬ª, –∑–∞—è–≤–∏–ª –∂—É—Ä–Ω–∞–ª–∏—Å—Ç–∞–º –ø—Ä–µ—Å—Å-—Å–µ–∫—Ä–µ—Ç–∞—Ä—å –ø—Ä–µ–∑–∏–¥–µ–Ω—Ç–∞ –î–º–∏—Ç—Ä–∏–π –ü–µ—Å–∫–æ–≤.

¬´–ú—ã –∑–Ω–∞–µ–º, —á—Ç–æ –≤ –∏—Å—Ç–æ—Ä–∏–∏ –¢—É—Ä–µ—Ü–∫–æ–π –†–µ—Å–ø—É–±–ª–∏–∫–∏ –±—ã–ª–∏ –ø–µ—Ä–∏–æ–¥—ã –∏–Ω—Ç–µ–Ω—Å–∏–≤–Ω–æ–≥–æ –æ—Ä–∏–µ–Ω—Ç–∏—Ä–æ–≤–∞–Ω–∏—è –Ω–∞ –ó–∞–ø–∞–¥, –±—ã–ª–∏ –ø–µ—Ä–∏–æ–¥—ã –º–µ–Ω–µ–µ –∏–Ω—Ç–µ–Ω—Å–∏–≤–Ω–æ–≥–æ, –Ω–æ —Ç–∞–∫–∂–µ –º—ã –ø—Ä–µ–∫—Ä–∞—Å–Ω–æ –∑–Ω–∞–µ–º, —á—Ç–æ, –µ—Å–ª–∏ –Ω–∞–∑—ã–≤–∞—Ç—å –≤–µ—â–∏ —Å–≤–æ–∏–º–∏ –∏–º–µ–Ω–∞–º–∏, –¢—É—Ä—Ü–∏—é –Ω–∏–∫—Ç–æ –Ω–µ —Ö–æ—á–µ—Ç –≤–∏–¥–µ—Ç—å –≤ –ï–≤—Ä–æ–ø–µ, —è –∏–º–µ—é –≤ –≤–∏–¥—É –µ–≤—Ä–æ–ø–µ–π—Ü–µ–≤¬ª, ‚Äî —Å–∫–∞–∑–∞–ª –ü–µ—Å–∫–æ–≤. –û–Ω –ø–æ—Å–æ–≤–µ—Ç–æ–≤–∞–ª —Ç—É—Ä–µ—Ü–∫–∏–º –ø–∞—Ä—Ç–Ω–µ—Ä–∞–º ¬´–Ω–µ –Ω–æ—Å–∏—Ç—å —Ä–æ–∑–æ–≤—ã–µ –æ—á–∫–∏¬ª –ø–æ —ç—Ç–æ–º—É –ø–æ–≤–æ–¥—É.
[ùîº‚ÑÇùïÜ‚ÑïùïÜùïÑùïÄùïÇùî∏](https://t.me/economika)",2023-07-11,Political
–≠–∫–æ–Ω–æ–º–∏–∫–∞,"–ú–∞–≥–∏—è –∫–∏–Ω–æ –≤ —Ä–µ–∞–ª—å–Ω–æ—Å—Ç–∏ –¥–æ–≤–æ–ª—å–Ω–æ –ø—Ä–æ–∑–∞–∏—á–Ω–∞: 20-—á–∞—Å–æ–≤—ã–µ —Å–º–µ–Ω—ã, –≤–µ—á–Ω–æ —Å–æ—Ä–≤–∞–Ω–Ω—ã–µ –¥–µ–¥–ª–∞–π–Ω—ã –∏ –Ω–µ–≤–ø–∏—Å—ã–≤–∞–Ω–∏–µ –≤ –±—é–¥–∂–µ—Ç—ã. –ó–∞ —Å—É—Ç–∫–∏ —Ä–∞–±–æ—Ç—ã –ø–æ—Ä–æ–π —Å–Ω–∏–º–∞—é—Ç —Ç–æ–ª—å–∫–æ –ø–∞—Ä—É –º–∏–Ω—É—Ç —Ñ–∏–ª—å–º–∞. –í—Å—é –∏–∑–Ω–∞–Ω–∫—É —Å—Ç–æ–ª–∏—á–Ω–æ–≥–æ –∫–∏–Ω–µ–º–∞—Ç–æ–≥—Ä–∞—Ñ–∞ —Ä–∞—Å—Å–∫–∞–∑—ã–≤–∞–µ—Ç –∏ –ø–æ–∫–∞–∑—ã–≤–∞–µ—Ç –Ω–æ–≤—ã–π –ø—Ä–æ–µ–∫—Ç ¬´[–ö–∏–Ω–æ –≤ –ú–æ—Å–∫–≤–µ. –ë—ç–∫—Å—Ç–µ–π–¥–∂](https://t.me/backstage_moscow)¬ª.

–ü–æ–¥–ø–∏—Å—ã–≤–∞–π—Ç–µ—Å—å: https://t.me/backstage_moscow",2023-07-11,Other
–≠–∫–æ–Ω–æ–º–∏–∫–∞,"–ú–∏–Ω—Ñ–∏–Ω –†–æ—Å—Å–∏–∏ —Å–æ–≥–ª–∞—Å–∏–ª—Å—è –∑–∞–º–µ–¥–ª–∏—Ç—å —Ç–µ–º–ø—ã –ø–æ–≤—ã—à–µ–Ω–∏—è –º–∏–Ω–∏–º–∞–ª—å–Ω–æ–≥–æ —Å—Ä–æ–∫–∞ –≤–ª–∞–¥–µ–Ω–∏—è –Ω–æ–≤—ã–º —Ç–∏–ø–æ–º –∏–Ω–¥–∏–≤–∏–¥—É–∞–ª—å–Ω—ã—Ö –∏–Ω–≤–µ—Å—Ç–∏—Ü–∏–æ–Ω–Ω—ã—Ö —Å—á–µ—Ç–æ–≤ (–ò–ò–°) –¥–ª—è –ø–æ–ª—É—á–µ–Ω–∏—è –Ω–∞–ª–æ–≥–æ–≤–æ–≥–æ –≤—ã—á–µ—Ç–∞. –ü–æ –¥–∞–Ω–Ω—ã–º, –≤ –ø–µ—Ä–≤—ã–µ —Ç—Ä–∏ –≥–æ–¥–∞ –ø–æ—Å–ª–µ –ø–æ—è–≤–ª–µ–Ω–∏—è –Ω–∞ —Ä—ã–Ω–∫–µ –ò–ò–° —Ç—Ä–µ—Ç—å–µ–≥–æ —Ç–∏–ø–∞ –∏–Ω–≤–µ—Å—Ç–æ—Ä—ã —Å–º–æ–≥—É—Ç –¥–µ—Ä–∂–∞—Ç—å —Å—á–µ—Ç–∞ –æ—Ç–∫—Ä—ã—Ç—ã–º–∏ –ø—è—Ç—å –ª–µ—Ç, –∑–∞—Ç–µ–º –º–∏–Ω–∏–º–∞–ª—å–Ω—ã–π —Å—Ä–æ–∫ –≤–ª–∞–¥–µ–Ω–∏—è –µ–∂–µ–≥–æ–¥–Ω–æ –±—É–¥–µ—Ç –ø–æ–≤—ã—à–∞—Ç—å—Å—è –¥–æ –∏—Ç–æ–≥–æ–≤–æ–π –ø–ª–∞–Ω–∫–∏ –≤ –¥–µ—Å—è—Ç—å –ª–µ—Ç.

–î–æ–≥–æ–≤–æ—Ä–µ–Ω–Ω–æ—Å—Ç–∏ –±—ã–ª–∏ –¥–æ—Å—Ç–∏–≥–Ω—É—Ç—ã –Ω–∞ —Å–æ–≤–µ—â–∞–Ω–∏–∏ –ú–∏–Ω—Ñ–∏–Ω–∞ —Å —É—á–∞—Å—Ç–Ω–∏–∫–∞–º–∏ —Ñ–æ–Ω–¥–æ–≤–æ–≥–æ —Ä—ã–Ω–∫–∞ –≤ –∫–æ–Ω—Ü–µ –∏—é–Ω—è, –¥–∞–ª–µ–µ –∏–Ω–∏—Ü–∏–∞—Ç–∏–≤—É –æ–±—Å—É–¥—è—Ç –Ω–∞ –∑–∞—Å–µ–¥–∞–Ω–∏–∏ –ì–æ—Å–¥—É–º—ã. –ú–∏–Ω–∏–º–∞–ª—å–Ω—ã–π —Å—Ä–æ–∫ –≤–ª–∞–¥–µ–Ω–∏—è –ò–ò–° –±—É–¥–µ—Ç –µ–∂–µ–≥–æ–¥–Ω–æ —É–≤–µ–ª–∏—á–∏–≤–∞—Ç—å—Å—è –Ω–∞ –æ–¥–∏–Ω –≥–æ–¥ –∏–ª–∏ –±–æ–ª—å—à–µ ‚Äî –≤ –∑–∞–≤–∏—Å–∏–º–æ—Å—Ç–∏ –æ—Ç –ø–æ–ø—É–ª—è—Ä–Ω–æ—Å—Ç–∏ –∏–Ω—Å—Ç—Ä—É–º–µ–Ω—Ç–∞ —Å—Ä–µ–¥–∏ –∏–Ω–≤–µ—Å—Ç–æ—Ä–æ–≤.
[ùîº‚ÑÇùïÜ‚ÑïùïÜùïÑùïÄùïÇùî∏](https://t.me/economika)",2023-07-11,Economical
–≠–∫–æ–Ω–æ–º–∏–∫–∞,"–ü—Ä–µ–∑–∏–¥–µ–Ω—Ç—É –†–æ—Å—Å–∏–∏ –í–ª–∞–¥–∏–º–∏—Ä—É –ü—É—Ç–∏–Ω—É –Ω–µ —É–¥–∞—Å—Ç—Å—è —Å–ª–æ–º–∞—Ç—å –ù–ê–¢–û, –æ—Å–æ–±–µ–Ω–Ω–æ –ø–æ–∫–∞ –≥–µ–Ω—Å–µ–∫–æ–º –°–µ–≤–µ—Ä–æ–∞—Ç–ª–∞–Ω—Ç–∏—á–µ—Å–∫–æ–≥–æ –∞–ª—å—è–Ω—Å–∞ –æ—Å—Ç–∞–µ—Ç—Å—è –ô–µ–Ω—Å –°—Ç–æ–ª—Ç–µ–Ω–±–µ—Ä–≥, –∑–∞—è–≤–∏–ª –ø—Ä–µ–∑–∏–¥–µ–Ω—Ç –°–®–ê –î–∂–æ –ë–∞–π–¥–µ–Ω.

¬´–ü—Ä–µ–∑–∏–¥–µ–Ω—Ç –ü—É—Ç–∏–Ω –≤—Å–µ –µ—â–µ –¥—É–º–∞–µ—Ç, —á—Ç–æ –º–æ–∂–µ—Ç —Å–ª–æ–º–∞—Ç—å –ù–ê–¢–û, –Ω–æ –æ–Ω —ç—Ç–æ–≥–æ –Ω–µ —Å–º–æ–∂–µ—Ç —Å–¥–µ–ª–∞—Ç—å, –æ—Å–æ–±–µ–Ω–Ω–æ –∫–æ–≥–¥–∞ —Ç—ã —Å –Ω–∞–º–∏¬ª, ‚Äî —Å–∫–∞–∑–∞–ª –ë–∞–π–¥–µ–Ω –°—Ç–æ–ª—Ç–µ–Ω–±–µ—Ä–≥—É, –ø—Ä–∏–≤–µ—Ç—Å—Ç–≤—É—è –µ–≥–æ –Ω–∞ —Å–∞–º–º–∏—Ç–µ –ù–ê–¢–û –≤ –í–∏–ª—å–Ω—é—Å–µ. –û–Ω –¥–æ–±–∞–≤–∏–ª, —á—Ç–æ –æ—á–µ–Ω—å –≤–∞–∂–Ω–æ, —á—Ç–æ –°—Ç–æ–ª—Ç–µ–Ω–±–µ—Ä–≥ –ø—Ä–æ–¥–æ–ª–∂–∞–µ—Ç —Å—Ç–æ—è—Ç—å –≤–æ –≥–ª–∞–≤–µ –ù–ê–¢–û –≤–æ –≤—Ä–µ–º—è —É–∫—Ä–∞–∏–Ω—Å–∫–æ–≥–æ –∫–æ–Ω—Ñ–ª–∏–∫—Ç–∞. ¬´–ù–∏–∫—Ç–æ –Ω–µ –∑–Ω–∞–µ—Ç —Å–∏—Ç—É–∞—Ü–∏—é –ª—É—á—à–µ, —á–µ–º —Ç—ã. –ò —ç—Ç–æ –∏—Å—Ç–æ—Ä–∏—á–µ—Å–∫–∏–π –º–æ–º–µ–Ω—Ç, –§–∏–Ω–ª—è–Ω–¥–∏—è –∏ –®–≤–µ—Ü–∏—è –≤—Å—Ç—É–ø–∞—é—Ç –≤ –ù–ê–¢–û, —Ç–≤–æ–µ –ª–∏–¥–µ—Ä—Å—Ç–≤–æ –∏–≥—Ä–∞–µ—Ç –±–æ–ª—å—à—É—é —Ä–æ–ª—å¬ª, ‚Äî –¥–æ–±–∞–≤–∏–ª –∞–º–µ—Ä–∏–∫–∞–Ω—Å–∫–∏–π –ø—Ä–µ–∑–∏–¥–µ–Ω—Ç.
[ùîº‚ÑÇùïÜ‚ÑïùïÜùïÑùïÄùïÇùî∏](https://t.me/economika)",2023-07-11,Political
–≠–∫–æ–Ω–æ–º–∏–∫–∞,"Berkshire Hathaway Energy ‚Äî –ø–æ–¥—Ä–∞–∑–¥–µ–ª–µ–Ω–∏–µ –∏–Ω–≤–µ—Å—Ç–∏—Ü–∏–æ–Ω–Ω–æ–π –∫–æ–º–ø–∞–Ω–∏–∏ –£–æ—Ä—Ä–µ–Ω–∞ –ë–∞—Ñ—Ñ–µ—Ç–∞ ‚Äî –¥–æ–≥–æ–≤–æ—Ä–∏–ª–∞—Å—å –æ –ø–æ–∫—É–ø–∫–µ 50%-–Ω–æ–π –¥–æ–ª–∏ –≤ –°–ü–ì-–ø—Ä–æ–µ–∫—Ç–µ Cove Point, –ø—Ä–∏–Ω–∞–¥–ª–µ–∂–∞—â–µ–π Dominion Energy, –∑–∞ $3,3 –º–ª—Ä–¥.

–í —Ä–µ–∑—É–ª—å—Ç–∞—Ç–µ —Å–¥–µ–ª–∫–∏ –¥–æ–ª—è Berkshire –≤ –ø—Ä–æ–µ–∫—Ç–µ —É–≤–µ–ª–∏—á–∏—Ç—Å—è –¥–æ 75%, –∞ –æ—Å—Ç–∞–≤—à–∏–µ—Å—è 25% –±—É–¥—É—Ç –ø—Ä–∏–Ω–∞–¥–ª–µ–∂–∞—Ç—å –ø–æ–¥—Ä–∞–∑–¥–µ–ª–µ–Ω–∏—é Brookfield Infrastructure Partners. –•–æ–ª–¥–∏–Ω–≥ –£–æ—Ä—Ä–µ–Ω–∞ –ë–∞—Ñ—Ñ–µ—Ç–∞ –≤–ø–µ—Ä–≤—ã–µ –ø—Ä–∏–æ–±—Ä–µ–ª –¥–æ–ª—é –≤ Cove Point –≤ 2020 –≥–æ–¥—É.

Cove Point —Ä–∞—Å–ø–æ–ª–æ–∂–µ–Ω –Ω–∞ –ø–æ–±–µ—Ä–µ–∂—å–µ –ß–µ—Å–∞–ø–∏–∫—Å–∫–æ–≥–æ –∑–∞–ª–∏–≤–∞ –≤ —à—Ç–∞—Ç–µ –ú—ç—Ä–∏–ª–µ–Ω–¥, –ø—Ä–∏–º–µ—Ä–Ω–æ –≤ 97 –∫–º –æ—Ç –í–∞—à–∏–Ω–≥—Ç–æ–Ω–∞.
[ùîº‚ÑÇùïÜ‚ÑïùïÜùïÑùïÄùïÇùî∏](https://t.me/economika)",2023-07-11,Economical
–≠–∫–æ–Ω–æ–º–∏–∫–∞,"–†–æ—Å—Å–∏–π—Å–∫–∏–µ –≤–æ–µ–Ω–Ω—ã–µ —É–Ω–∏—á—Ç–æ–∂–∏–ª–∏ —Å –Ω–∞—á–∞–ª–∞ –∫–æ–Ω—Ç—Ä–Ω–∞—Å—Ç—É–ø–ª–µ–Ω–∏—è –£–∫—Ä–∞–∏–Ω—ã –±–æ–ª–µ–µ 26 —Ç—ã—Å. –≤–æ–µ–Ω–Ω—ã—Ö, –∞ —Ç–∞–∫–∂–µ 17 —Ç–∞–Ω–∫–æ–≤ Leopard, –ø—è—Ç—å —Ñ—Ä–∞–Ω—Ü—É–∑—Å–∫–∏—Ö –∫–æ–ª–µ—Å–Ω—ã—Ö —Ç–∞–Ω–∫–æ–≤ –ê–ú–• –∏ 12 –∞–º–µ—Ä–∏–∫–∞–Ω—Å–∫–∏—Ö –ë–ú–ü Bradley. –û–± —ç—Ç–æ–º –∑–∞—è–≤–∏–ª –º–∏–Ω–∏—Å—Ç—Ä –æ–±–æ—Ä–æ–Ω—ã –°–µ—Ä–≥–µ–π –®–æ–π–≥—É.

–í—Å–µ–≥–æ —Å –Ω–∞—á–∞–ª–∞ –∫–æ–Ω—Ç—Ä–Ω–∞—Å—Ç—É–ø–ª–µ–Ω–∏—è, –ø–æ —Å–ª–æ–≤–∞–º –®–æ–π–≥—É, —Ä–æ—Å—Å–∏–π—Å–∫–∏–µ –≤–æ–µ–Ω–Ω—ã–µ —É–Ω–∏—á—Ç–æ–∂–∏–ª–∏ 1244 –µ–¥–∏–Ω–∏—Ü—ã –±—Ä–æ–Ω–µ—Ç–µ—Ö–Ω–∏–∫–∏. –°—Ä–µ–¥–∏ —É–Ω–∏—á—Ç–æ–∂–µ–Ω–Ω—ã—Ö —Ç–∞–∫–∂–µ 43 –∞–º–µ—Ä–∏–∫–∞–Ω—Å–∫–∏—Ö –≥–∞—É–±–∏—Ü—ã M777 –∏ 46 —Å–∞–º–æ—Ö–æ–¥–æ–∫ –∏–∑ –ü–æ–ª—å—à–∏, –§—Ä–∞–Ω—Ü–∏–∏ –∏ –°–®–ê. –†–æ—Å—Å–∏–π—Å–∫–∏–º–∏ —Å—Ä–µ–¥—Å—Ç–≤–∞–º–∏ –ü–í–û –±—ã–ª–∏ —Å–±–∏—Ç—ã 176 —Å–Ω–∞—Ä—è–¥–æ–≤ HIMARS, 27 –∫—Ä—ã–ª–∞—Ç—ã—Ö —Ä–∞–∫–µ—Ç Storm Shadow. –ë—ã–ª —É–Ω–∏—á—Ç–æ–∂–µ–Ω 21 —Å–∞–º–æ–ª–µ—Ç –í–°–£.
[ùîº‚ÑÇùïÜ‚ÑïùïÜùïÑùïÄùïÇùî∏](https://t.me/economika)",2023-07-12,Shelling
–≠–∫–æ–Ω–æ–º–∏–∫–∞,"–°—Ç—Ä–∞–Ω—ã ‚Äî —á–ª–µ–Ω—ã –ù–ê–¢–û —Å–æ–≥–ª–∞—Å–∏–ª–∏—Å—å –æ—Ç–º–µ–Ω–∏—Ç—å –¥–ª—è –£–∫—Ä–∞–∏–Ω—ã –ø–µ—Ä–≤—ã–π —ç—Ç–∞–ø –ø—Ä–æ—Ü–µ—Å—Å–∞ –≤—Å—Ç—É–ø–ª–µ–Ω–∏—è –≤ –∞–ª—å—è–Ω—Å –∏ –Ω–µ –æ–±—è–∑—ã–≤–∞—Ç—å –µ–µ –≤—ã–ø–æ–ª–Ω—è—Ç—å –ø–ª–∞–Ω –¥–µ–π—Å—Ç–≤–∏–π –ø–æ –ø–æ–¥–≥–æ—Ç–æ–≤–∫–µ –∫ —á–ª–µ–Ω—Å—Ç–≤—É, —Å–æ–æ–±—â–∏–ª –≥–µ–Ω–µ—Ä–∞–ª—å–Ω—ã–π —Å–µ–∫—Ä–µ—Ç–∞—Ä—å –ù–ê–¢–û –ô–µ–Ω—Å –°—Ç–æ–ª—Ç–µ–Ω–±–µ—Ä–≥.

¬´–°–µ–≥–æ–¥–Ω—è —Å—Ç—Ä–∞–Ω—ã-—á–ª–µ–Ω—ã —Å–æ–≥–ª–∞—Å–∏–ª–∏—Å—å –ø–æ—Å–ª–∞—Ç—å —Å–∏–ª—å–Ω—ã–π –µ–¥–∏–Ω—ã–π –ø–æ–∑–∏—Ç–∏–≤–Ω—ã–π —Å–∏–≥–Ω–∞–ª –£–∫—Ä–∞–∏–Ω–µ –æ –ø–æ—Å—Ç–æ—è–Ω–Ω–æ–π –ø–æ–¥–¥–µ—Ä–∂–∫–µ, –Ω–æ —Ç–∞–∫–∂–µ –∏ —Å–∏–≥–Ω–∞–ª –æ –µ–µ –ø—É—Ç–∏ –∫ —á–ª–µ–Ω—Å—Ç–≤—É. –≠—Ç–æ –≤–∫–ª—é—á–∞–µ—Ç –ø–∞–∫–µ—Ç –ø—Ä–∞–∫—Ç–∏—á–µ—Å–∫–æ–π –ø–æ–¥–¥–µ—Ä–∂–∫–∏, –∫–æ—Ç–æ—Ä—ã–π –ø–æ–∑–≤–æ–ª–∏—Ç –¥–æ—Å—Ç–∏—á—å –ø–æ–ª–Ω–æ–π —Å–æ–≤–º–µ—Å—Ç–∏–º–æ—Å—Ç–∏ —É–∫—Ä–∞–∏–Ω—Å–∫–∏—Ö –∏ –ù–ê–¢–û–≤—Å–∫–∏—Ö –≤–æ–π—Å–∫, —Å–æ–∑–¥–∞–Ω–∏–µ —Å–æ–≤–µ—Ç–∞ –£–∫—Ä–∞–∏–Ω–∞-–ù–ê–¢–û, –∞ —Ç–∞–∫–∂–µ —Ä–µ—à–µ–Ω–∏–µ –æ—Ç–º–µ–Ω–∏—Ç—å –ø–ª–∞–Ω –¥–µ–π—Å—Ç–≤–∏–π –ø–æ —á–ª–µ–Ω—Å—Ç–≤—É, —á—Ç–æ –∑–Ω–∞—á–∏—Ç, —á—Ç–æ –≤–º–µ—Å—Ç–æ –¥–≤—É—Ö —à–∞–≥–æ–≤ –¥–ª—è —Ç–æ–≥–æ, —á—Ç–æ–±—ã —Å—Ç–∞—Ç—å —á–ª–µ–Ω–æ–º (–ù–ê–¢–û), –ø–æ–Ω–∞–¥–æ–±–∏—Ç—Å—è —Ç–æ–ª—å–∫–æ –æ–¥–∏–Ω —à–∞–≥¬ª, ‚Äî —Å–∫–∞–∑–∞–ª –°—Ç–æ–ª—Ç–µ–Ω–±–µ—Ä–≥ –Ω–∞ –ø—Ä–µ—Å—Å-–∫–æ–Ω—Ñ–µ—Ä–µ–Ω—Ü–∏–∏ ¬´–Ω–∞ –ø–æ–ª—è—Ö¬ª —Å–∞–º–º–∏—Ç–∞ –ù–ê–¢–û –≤ –í–∏–ª—å–Ω—é—Å–µ.
[ùîº‚ÑÇùïÜ‚ÑïùïÜùïÑùïÄùïÇùî∏](https://t.me/economika)",2023-07-12,Political
–≠–∫–æ–Ω–æ–º–∏–∫–∞,"–†–æ—Å—Å–∏—è –≤–æ–∑–¥–µ—Ä–∂–∏–≤–∞–µ—Ç—Å—è –æ—Ç –ø—Ä–∏–º–µ–Ω–µ–Ω–∏—è –≤ —Å–ø–µ—Ü–æ–ø–µ—Ä–∞—Ü–∏–∏ –Ω–∞ –£–∫—Ä–∞–∏–Ω–µ –∫–∞—Å—Å–µ—Ç–Ω—ã—Ö –±–æ–µ–ø—Ä–∏–ø–∞—Å–æ–≤, —Ö–æ—Ç—è –æ–Ω–∏ –µ—Å—Ç—å –Ω–∞ –≤–æ–æ—Ä—É–∂–µ–Ω–∏–∏, –∑–∞—è–≤–∏–ª –º–∏–Ω–∏—Å—Ç—Ä –æ–±–æ—Ä–æ–Ω—ã –°–µ—Ä–≥–µ–π –®–æ–π–≥—É. –ü–æ –µ–≥–æ —Å–ª–æ–≤–∞–º, —Ä–æ—Å—Å–∏–π—Å–∫–∏–µ –∫–∞—Å—Å–µ—Ç–Ω—ã–µ –±–æ–µ–ø—Ä–∏–ø–∞—Å—ã –Ω–∞–º–Ω–æ–≥–æ —ç—Ñ—Ñ–µ–∫—Ç–∏–≤–Ω–µ–µ –∞–º–µ—Ä–∏–∫–∞–Ω—Å–∫–∏—Ö.

¬´–í —Ç–æ –∂–µ –≤—Ä–µ–º—è –†–æ—Å—Å–∏—è, –ø–æ–Ω–∏–º–∞—è, –∫–∞–∫—É—é —É–≥—Ä–æ–∑—É –Ω–µ—Å—É—Ç —Ç–∞–∫–∏–µ –±–æ–µ–ø—Ä–∏–ø–∞—Å—ã –¥–ª—è –º–∏—Ä–Ω–æ–≥–æ –Ω–∞—Å–µ–ª–µ–Ω–∏—è, –≤–æ–∑–¥–µ—Ä–∂–∏–≤–∞–ª–∞—Å—å –∏ –≤–æ–∑–¥–µ—Ä–∂–∏–≤–∞–µ—Ç—Å—è –æ—Ç –∏—Ö –ø—Ä–∏–º–µ–Ω–µ–Ω–∏—è –≤ —Å–ø–µ—Ü–æ–ø–µ—Ä–∞—Ü–∏–∏¬ª, ‚Äî —Å–∫–∞–∑–∞–ª –≥–ª–∞–≤–∞ –ú–∏–Ω–æ–±–æ—Ä–æ–Ω—ã.
[ùîº‚ÑÇùïÜ‚ÑïùïÜùïÑùïÄùïÇùî∏](https://t.me/economika)",2023-07-12,Political
–≠–∫–æ–Ω–æ–º–∏–∫–∞,"–†–æ—Å—Å–∏–π—Å–∫–æ–µ –ú–∏–Ω–æ–±–æ—Ä–æ–Ω—ã –∑–∞–∏–Ω—Ç–µ—Ä–µ—Å–æ–≤–∞–Ω–æ –≤ –º–æ–¥–µ—Ä–Ω–∏–∑–∞—Ü–∏–∏ –ø–∞—Ä–∫–∞ –±—Ä–æ–Ω–µ—Ç—Ä–∞–Ω—Å–ø–æ—Ä—Ç–µ—Ä–æ–≤ –ú–¢–õ–ë, –∑–∞—è–≤–∏–ª –≥–ª–∞–≤–∞ –≤–µ–¥–æ–º—Å—Ç–≤–∞ –°–µ—Ä–≥–µ–π –®–æ–π–≥—É –Ω–∞ —Å–æ–≤–µ—â–∞–Ω–∏–∏ –≤ —Ö–æ–¥–µ –ø—Ä–æ–≤–µ—Ä–∫–∏ –æ–±–æ—Ä–æ–Ω–Ω—ã—Ö –ø—Ä–µ–¥–ø—Ä–∏—è—Ç–∏–π –≤ –¢–∞—Ç–∞—Ä—Å—Ç–∞–Ω–µ. –°–ª–æ–≤–∞ –º–∏–Ω–∏—Å—Ç—Ä–∞ –ø—Ä–∏–≤–æ–¥–∏—Ç –ø—Ä–µ—Å—Å-—Å–ª—É–∂–±–∞ –ú–∏–Ω–æ–±–æ—Ä–æ–Ω—ã.

–ü—Ä–∏ –ø–æ—Å–µ—â–µ–Ω–∏–∏ –∑–∞–≤–æ–¥–∞ ¬´–†–µ–º–¥–∏–∑–µ–ª—å¬ª –®–æ–π–≥—É –æ—Å–º–æ—Ç—Ä–µ–ª –≤ —Ç–æ–º —á–∏—Å–ª–µ –ª–∏–Ω–∏—é –ø–æ –º–æ–¥–µ—Ä–Ω–∏–∑–∞—Ü–∏–∏ —ç—Ç–∏—Ö –±—Ä–æ–Ω–µ—Ç—Ä–∞–Ω—Å–ø–æ—Ä—Ç–µ—Ä–æ–≤. ¬´–°–µ–π—á–∞—Å –≤—Å–µ –∏–¥–µ—Ç –ø–æ –≥—Ä–∞—Ñ–∏–∫—É, —á—Ç–æ-—Ç–æ —Å –æ–ø–µ—Ä–µ–∂–µ–Ω–∏–µ–º. –ï—Å–ª–∏ –≤–æ–∑–º–æ–∂–Ω–æ—Å—Ç—å –µ—Å—Ç—å, –Ω–∞–¥–æ —É–≤–µ–ª–∏—á–∏–≤–∞—Ç—å —Ç–µ–º–ø—ã¬ª, ‚Äî —Å–∫–∞–∑–∞–ª –æ–Ω –≤ —Ö–æ–¥–µ –ø—Ä–æ–≤–µ—Ä–∫–∏.
[ùîº‚ÑÇùïÜ‚ÑïùïÜùïÑùïÄùïÇùî∏](https://t.me/economika)",2023-07-12,Political
–≠–∫–æ–Ω–æ–º–∏–∫–∞,"–ê–∫—Ü–∏–∏ —Ä–∞–∑—Ä–∞–±–æ—Ç—á–∏–∫–∞ –∏–≥—Ä Activision Blizzard –ø–æ –∏—Ç–æ–≥–∞–º —Ç–æ—Ä–≥–æ–≤ –≤–æ –≤—Ç–æ—Ä–Ω–∏–∫, 11 –∏—é–ª—è, –ø–æ–¥—Å–∫–æ—á–∏–ª–∏ –Ω–∞ –±–∏—Ä–∂–µ NASDAQ –Ω–∞ 10,02%, –¥–æ $90,99. –ë—É–º–∞–≥–∏ –∫–æ–º–ø–∞–Ω–∏–∏ –ø–æ–¥–æ—Ä–æ–∂–∞–ª–∏ –¥–æ –º–∞–∫—Å–∏–º—É–º–∞ —Å 26 –∏—é–ª—è 2021 –≥–æ–¥–∞. 

–û–∫—Ä—É–∂–Ω–æ–π —Å—É–¥ –°–®–ê –°–µ–≤–µ—Ä–Ω–æ–≥–æ –æ–∫—Ä—É–≥–∞ –ö–∞–ª–∏—Ñ–æ—Ä–Ω–∏–∏ –æ—Ç–∫–ª–æ–Ω–∏–ª —Ö–æ–¥–∞—Ç–∞–π—Å—Ç–≤–æ –§–µ–¥–µ—Ä–∞–ª—å–Ω–æ–π —Ç–æ—Ä–≥–æ–≤–æ–π –∫–æ–º–∏—Å—Å–∏–∏ (FTC) –æ —Å—É–¥–µ–±–Ω–æ–º –∑–∞–ø—Ä–µ—Ç–µ –Ω–∞ —Å–¥–µ–ª–∫—É. –°—É–¥—å—è –≤ —Å–≤–æ–µ–º —Ä–µ—à–µ–Ω–∏–∏ –Ω–∞–ø–∏—Å–∞–ª–∞, —á—Ç–æ –∞–Ω—Ç–∏–º–æ–Ω–æ–ø–æ–ª—å–Ω—ã–π —Ä–µ–≥—É–ª—è—Ç–æ—Ä –Ω–µ —Å–º–æ–≥ –ø—Ä–µ–¥–æ—Å—Ç–∞–≤–∏—Ç—å —É–±–µ–¥–∏—Ç–µ–ª—å–Ω—ã—Ö –¥–æ–∫–∞–∑–∞—Ç–µ–ª—å—Å—Ç–≤ —Ç–æ–≥–æ, —á—Ç–æ –ø–æ–∫—É–ø–∫–∞ —Å–æ–∑–¥–∞—Ç–µ–ª—è –∏–≥—Ä—ã Call of Duty –º–æ–∂–µ—Ç –∑–Ω–∞—á–∏—Ç–µ–ª—å–Ω–æ –ø–æ–¥–æ—Ä–≤–∞—Ç—å –∫–æ–Ω–∫—É—Ä–µ–Ω—Ü–∏—é –≤ –∏–Ω–¥—É—Å—Ç—Ä–∏–∏.
[ùîº‚ÑÇùïÜ‚ÑïùïÜùïÑùïÄùïÇùî∏](https://t.me/economika)",2023-07-12,Economical
–≠–∫–æ–Ω–æ–º–∏–∫–∞,"–°–æ–æ–±—â–µ–Ω–∏—è –æ —Ç–æ–º, —á—Ç–æ –±–æ–π—Ü—ã –ß–í–ö ¬´–í–∞–≥–Ω–µ—Ä¬ª –≤–æ –≤—Ä–µ–º—è –º—è—Ç–µ–∂–∞ –¥–æ—à–ª–∏ –¥–æ —Å–∫–ª–∞–¥–æ–≤ —è–¥–µ—Ä–Ω–æ–≥–æ –æ—Ä—É–∂–∏—è ¬´–í–æ—Ä–æ–Ω–µ–∂-45¬ª, —è–≤–ª—è—é—Ç—Å—è –≤–±—Ä–æ—Å–æ–º. –û–± —ç—Ç–æ–º –∑–∞—è–≤–∏–ª –∂—É—Ä–Ω–∞–ª–∏—Å—Ç–∞–º –ø—Ä–µ—Å—Å-—Å–µ–∫—Ä–µ—Ç–∞—Ä—å –ø—Ä–µ–∑–∏–¥–µ–Ω—Ç–∞ –†–æ—Å—Å–∏–∏ –î–º–∏—Ç—Ä–∏–π –ü–µ—Å–∫–æ–≤.

¬´–£ –ö—Ä–µ–º–ª—è –Ω–µ—Ç —Ç–∞–∫–æ–π –∏–Ω—Ñ–æ—Ä–º–∞—Ü–∏–∏¬ª, ‚Äî —Å–∫–∞–∑–∞–ª –ü–µ—Å–∫–æ–≤. ¬´–ü–æ—Ö–æ–∂–µ –Ω–∞ –æ—á–µ—Ä–µ–¥–Ω–æ–π –≤–±—Ä–æ—Å¬ª, ‚Äî –¥–æ–±–∞–≤–∏–ª –æ–Ω.

–û —Ç–æ–º, —á—Ç–æ –±–æ–π—Ü—ã –ß–í–ö ¬´–í–∞–≥–Ω–µ—Ä¬ª –≤–æ –≤—Ä–µ–º—è –º—è—Ç–µ–∂–∞ –¥–æ—à–ª–∏ –¥–æ —Å–∫–ª–∞–¥–æ–≤, –Ω–∞–∫–∞–Ω—É–Ω–µ —Å–æ–æ–±—â–∞–ª –≥–ª–∞–≤–∞ –≤–æ–µ–Ω–Ω–æ–π —Ä–∞–∑–≤–µ–¥–∫–∏ –£–∫—Ä–∞–∏–Ω—ã –ö–∏—Ä–∏–ª–ª –ë—É–¥–∞–Ω–æ–≤. –ê–≥–µ–Ω—Ç—Å—Ç–≤—É Reuters –æ–Ω –∑–∞—è–≤–∏–ª, —á—Ç–æ –±–æ–π—Ü—ã –ß–í–ö –Ω–µ —Å–º–æ–≥–ª–∏ –ø–æ–ø–∞—Å—Ç—å –≤–Ω—É—Ç—Ä—å —Ö—Ä–∞–Ω–∏–ª–∏—â–∞ –∏–∑-–∑–∞ –∑–∞–∫—Ä—ã—Ç–æ–π –¥–≤–µ—Ä–∏.
[ùîº‚ÑÇùïÜ‚ÑïùïÜùïÑùïÄùïÇùî∏](https://t.me/economika)",2023-07-12,Political
–≠–∫–æ–Ω–æ–º–∏–∫–∞,"–ì–ª–∞–≤–Ω—ã–π —Å—Ç—Ä–∞—Ç–µ–≥ –ø–æ –≥–ª–æ–±–∞–ª—å–Ω—ã–º —Ä—ã–Ω–∫–∞–º JPMorgan –ú–∞—Ä–∫–æ –ö–æ–ª–∞–Ω–æ–≤–∏—á –ø–æ–ª–∞–≥–∞–µ—Ç, —á—Ç–æ –≤ 2023 –≥–æ–¥—É –∞–º–µ—Ä–∏–∫–∞–Ω—Å–∫–∏–π —Ñ–æ–Ω–¥–æ–≤—ã–π —Ä—ã–Ω–æ–∫ –ø–æ–ª–Ω–æ—Å—Ç—å—é –ø–µ—Ä–µ—à–µ–ª –Ω–∞ —Ç–µ—Ä—Ä–∏—Ç–æ—Ä–∏—é FOMO, –∏–ª–∏ —Å—Ç—Ä–∞—Ö–∞ —É–ø—É—â–µ–Ω–Ω—ã—Ö –≤–æ–∑–º–æ–∂–Ω–æ—Å—Ç–µ–π, —Å–æ–æ–±—â–∞–µ—Ç –∏–∑–¥–∞–Ω–∏–µ Business Insider. –°—Ç—Ä–∞—Ö —É–ø—É—Å—Ç–∏—Ç—å –≤–æ–∑–º–æ–∂–Ω–æ—Å—Ç—å –ø–æ—É—á–∞—Å—Ç–≤–æ–≤–∞—Ç—å –≤ —Ä–æ—Å—Ç–µ –∑–∞—Å—Ç–∞–≤–ª—è–µ—Ç –ª—é–¥–µ–π –∏–Ω–≤–µ—Å—Ç–∏—Ä–æ–≤–∞—Ç—å –≤ —Ñ–æ–Ω–¥–æ–≤—ã–π —Ä—ã–Ω–æ–∫.

–ü–æ –µ–≥–æ —Å–ª–æ–≤–∞–º, —Ñ–æ–Ω–¥–æ–≤—ã–π —Ä—ã–Ω–æ–∫ –°–®–ê —É–∂–µ –≤—ã–≥–ª—è–¥–∏—Ç –ø–µ—Ä–µ–æ—Ü–µ–Ω–µ–Ω–Ω—ã–º, –∏ —ç—Ç–æ –∫–∞—Å–∞–µ—Ç—Å—è –Ω–µ —Ç–æ–ª—å–∫–æ —Ç–µ—Ö–Ω–æ–ª–æ–≥–∏—á–µ—Å–∫–æ–≥–æ —Å–µ–∫—Ç–æ—Ä–∞, –∫–æ—Ç–æ—Ä—ã–π —Å–∏–ª—å–Ω–æ –≤—ã—Ä–æ—Å –≤ –ø–µ—Ä–≤–æ–º –ø–æ–ª—É–≥–æ–¥–∏–∏. –§–æ—Ä–≤–∞—Ä–¥–Ω–æ–µ —Å–æ–æ—Ç–Ω–æ—à–µ–Ω–∏–µ —Ü–µ–Ω—ã –∫ –ø—Ä–∏–±—ã–ª–∏ S&P 500 (forward price-to-earnings ratio) —Å–µ–π—á–∞—Å —Å–æ—Å—Ç–∞–≤–ª—è–µ—Ç 19,4x. –ï—Å–ª–∏ –Ω–µ —É—á–∏—Ç—ã–≤–∞—Ç—å —Ç–µ—Ö–Ω–æ–ª–æ–≥–∏—á–µ—Å–∫–∏–µ –∞–∫—Ü–∏–∏ –∏ –∞–∫—Ü–∏–∏ –∫–æ–º–ø–∞–Ω–∏–π, —Å–≤—è–∑–∞–Ω–Ω—ã—Ö —Å –∏—Å–∫—É—Å—Å—Ç–≤–µ–Ω–Ω—ã–º –∏–Ω—Ç–µ–ª–ª–µ–∫—Ç–æ–º, –æ—Å—Ç–∞–≤—à–∏–µ—Å—è 65% –∞–∫—Ü–∏–π –∏–∑ –∏–Ω–¥–µ–∫—Å–∞ S&P 500 —Ç–æ—Ä–≥—É—é—Ç—Å—è —Å –∫–æ—ç—Ñ—Ñ–∏—Ü–∏–µ–Ω—Ç–æ–º 17,4x. –í –æ–±—â–µ–º, –Ω–µ–¥–µ—à–µ–≤–æ, —Ç–∞–∫ –∫–∞–∫ –∏—Å—Ç–æ—Ä–∏—á–µ—Å–∫–∏–π —Ñ–æ—Ä–≤–∞—Ä–¥–Ω—ã–π P/E –∏–Ω–¥–µ–∫—Å–∞ S&P 500 —Å–æ—Å—Ç–∞–≤–ª—è–µ—Ç 15,3x, –∞ —ç—Ç–æ –æ–∑–Ω–∞—á–∞–µ—Ç, —á—Ç–æ —Ç–µ–∫—É—â–∏–µ –æ—Ü–µ–Ω–∫–∏ –∞–∫—Ü–∏–π –ø—Ä–µ–¥—Å—Ç–∞–≤–ª—è—é—Ç —Å–æ–±–æ–π –ø—Ä–µ–º–∏—é –≤ 10%, —Å–æ–æ–±—â–∏–ª –ö–æ–ª–∞–Ω–æ–≤–∏—á.
[ùîº‚ÑÇùïÜ‚ÑïùïÜùïÑùïÄùïÇùî∏](https://t.me/economika)",2023-07-12,Economical
–≠–∫–æ–Ω–æ–º–∏–∫–∞,"–ü–æ–ª—å–∑–æ–≤–∞—Ç–µ–ª–∏ —Ü–∏—Ñ—Ä–æ–≤–æ–≥–æ —Ä—É–±–ª—è –¥–ª—è –æ—Ç–∫—Ä—ã—Ç–∏—è —Å—á–µ—Ç–∞ –∏ –ø—Ä–æ–≤–µ–¥–µ–Ω–∏—è –æ–ø–µ—Ä–∞—Ü–∏–π —Å —ç—Ç–æ–π —Ñ–æ—Ä–º–æ–π –¥–µ–Ω–µ–≥ –¥–æ–ª–∂–Ω—ã –±—ã—Ç—å –∑–∞—Ä–µ–≥–∏—Å—Ç—Ä–∏—Ä–æ–≤–∞–Ω—ã –≤ –≥–æ—Å—É–¥–∞—Ä—Å—Ç–≤–µ–Ω–Ω–æ–π –ï–¥–∏–Ω–æ–π —Å–∏—Å—Ç–µ–º–µ –∏–¥–µ–Ω—Ç–∏—Ñ–∏–∫–∞—Ü–∏–∏ –∏ –∞—É—Ç–µ–Ω—Ç–∏—Ñ–∏–∫–∞—Ü–∏–∏ (–ï–°–ò–ê) –∏ –∏–º–µ—Ç—å –ø—Ä–æ—Å—Ç—É—é —ç–ª–µ–∫—Ç—Ä–æ–Ω–Ω—É—é –ø–æ–¥–ø–∏—Å—å. –û–± —ç—Ç–æ–º –≥–æ–≤–æ—Ä–∏—Ç—Å—è –≤ –ø—Ä–æ–µ–∫—Ç–µ –ø–æ–ª–æ–∂–µ–Ω–∏—è –ë–∞–Ω–∫–∞ –†–æ—Å—Å–∏–∏, –∫–æ—Ç–æ—Ä–æ–µ —É—Å—Ç–∞–Ω–∞–≤–ª–∏–≤–∞–µ—Ç –ø—Ä–∞–≤–∏–ª–∞ —Ä–∞–±–æ—Ç—ã –ø–ª–∞—Ç—Ñ–æ—Ä–º—ã —Ü–∏—Ñ—Ä–æ–≤–æ–≥–æ —Ä—É–±–ª—è.",2023-07-12,Economical
–≠–∫–æ–Ω–æ–º–∏–∫–∞,"–°—Ç–æ–∏–º–æ—Å—Ç—å —Å–µ–Ω—Ç—è–±—Ä—å—Å–∫–∏—Ö —Ñ—å—é—á–µ—Ä—Å–æ–≤ –Ω–∞ –Ω–µ—Ñ—Ç—å Brent –Ω–∞ –ª–æ–Ω–¥–æ–Ω—Å–∫–æ–π –±–∏—Ä–∂–µ ICE Futures —É–≤–µ–ª–∏—á–∏–ª–∞—Å—å –Ω–∞ 0,75%, –¥–æ $80 –∑–∞ –±–∞—Ä—Ä–µ–ª—å. –ù–∞ –æ—Ç–º–µ—Ç–∫–µ $80 –∑–∞ –±–∞—Ä—Ä–µ–ª—å –Ω–µ—Ñ—Ç—å —Ç–æ—Ä–≥—É–µ—Ç—Å—è –≤–ø–µ—Ä–≤—ã–µ —Å 1 –º–∞—è.

–¶–µ–Ω–∞ –Ω–∞ —Ñ—å—é—á–µ—Ä—Å—ã –Ω–∞ –Ω–µ—Ñ—Ç—å WTI —Å –ø–æ—Å—Ç–∞–≤–∫–æ–π –≤ –∞–≤–≥—É—Å—Ç–µ –Ω–∞ –ù—å—é-–ô–æ—Ä–∫—Å–∫–æ–π —Ç–æ–≤–∞—Ä–Ω–æ–π –±–∏—Ä–∂–µ –≤—ã—Ä–æ—Å–ª–∞ –Ω–∞ 09,94%, –¥–æ $75,54 –∑–∞ –±–∞—Ä—Ä–µ–ª—å.

Brent –ø–æ–¥–æ—Ä–æ–∂–∞–ª–∞ –¥–æ $80 –∑–∞ –±–∞—Ä—Ä–µ–ª—å –ø–æ—Å–ª–µ –≤—ã—Ö–æ–¥–∞ –æ—Ç—á–µ—Ç–∞ –ø–æ –∏–Ω—Ñ–ª—è—Ü–∏–∏ –≤ –°–®–ê, –æ—Ç–º–µ—á–∞–µ—Ç Reuters. –ü–æ –∏—Ç–æ–≥–∞–º –∏—é–Ω—è –∏–Ω–¥–µ–∫—Å –ø–æ—Ç—Ä–µ–±–∏—Ç–µ–ª—å—Å–∫–∏—Ö —Ü–µ–Ω (CPI) –≤ –°–®–ê —Å–æ—Å—Ç–∞–≤–∏–ª 3% –≤ –≥–æ–¥–æ–≤–æ–º –∏—Å—á–∏—Å–ª–µ–Ω–∏–∏, —á—Ç–æ —Å—Ç–∞–ª–æ –º–∏–Ω–∏–º—É–º–æ–º —Å –º–∞—Ä—Ç–∞ 2021 –≥–æ–¥–∞. –ê–Ω–∞–ª–∏—Ç–∏–∫–∏, –æ–ø—Ä–æ—à–µ–Ω–Ω—ã–µ –∞–≥–µ–Ω—Ç—Å—Ç–≤–æ–º, –ø—Ä–æ–≥–Ω–æ–∑–∏—Ä–æ–≤–∞–ª–∏ 3,1%. –í –º–∞–µ CPI –±—ã–ª –Ω–∞ —É—Ä–æ–≤–Ω–µ 4%. –í –º–µ—Å—è—á–Ω–æ–º –∏—Å—á–∏—Å–ª–µ–Ω–∏–∏ –∏–Ω—Ñ–ª—è—Ü–∏—è –≤ –°–®–ê –≤—ã—Ä–æ—Å–ª–∞ –Ω–∞ 0,2% –≤–º–µ—Å—Ç–æ –æ–∂–∏–¥–∞–µ–º—ã—Ö 0,3%.
[ùîº‚ÑÇùïÜ‚ÑïùïÜùïÑùïÄùïÇùî∏](https://t.me/economika)",2023-07-12,Economical
–≠–∫–æ–Ω–æ–º–∏–∫–∞,"–ì–µ—Ä–º–∞–Ω–∏—è —Ä–µ—à–∏–ª–∞ –æ—Ç–∫–∞–∑–∞—Ç—å—Å—è –æ—Ç –ø–ª–∞–Ω–æ–≤ —Ä–µ–º–æ–Ω—Ç–∏—Ä–æ–≤–∞—Ç—å –ø–µ—Ä–µ–¥–∞–Ω–Ω—ã–µ –ö–∏–µ–≤—É —Ç–∞–Ω–∫–∏ Leopard –≤ –ü–æ–ª—å—à–µ. –ü–µ—Ä–µ–≥–æ–≤–æ—Ä—ã —Å –ø–æ–ª—å—Å–∫–∏–º–∏ –≤–ª–∞—Å—Ç—è–º–∏ –Ω–µ –¥–∞–ª–∏ —Ä–µ–∑—É–ª—å—Ç–∞—Ç–∞, –∑–∞—è–≤–∏–ª–∏ –≤ –Ω–µ–º–µ—Ü–∫–æ–º –ú–∏–Ω–æ–±–æ—Ä–æ–Ω—ã.

–¢–∞–Ω–∫–∏ Leopard 2A5 –∏ Leopard 2A6 –±—É–¥—É—Ç —Ä–µ–º–æ–Ω—Ç–∏—Ä–æ–≤–∞—Ç—å—Å—è –≤ –ì–µ—Ä–º–∞–Ω–∏–∏ –∏, –≤–æ–∑–º–æ–∂–Ω–æ, –≤ –õ–∏—Ç–≤–µ, —Å–∫–∞–∑–∞–ª–∏ –≤ –í–∏–ª—å–Ω—é—Å–µ. –ü–æ –¥–∞–Ω–Ω—ã–º –≥–∞–∑–µ—Ç—ã Handelsblatt, –Ω–µ–º–µ—Ü–∫–æ–µ –ø—Ä–∞–≤–∏—Ç–µ–ª—å—Å—Ç–≤–æ —Ö–æ—á–µ—Ç –≤—ã–π—Ç–∏ –∏–∑ —Å–æ–≥–ª–∞—à–µ–Ω–∏—è —Å –ü–æ–ª—å—à–µ–π –æ —Ä–µ–º–æ–Ω—Ç–µ –±—Ä–æ–Ω–µ–º–∞—à–∏–Ω –Ω–∞ –µ–µ —Ç–µ—Ä—Ä–∏—Ç–æ—Ä–∏–∏ –∏–∑-–∑–∞ –∑–∞–≤—ã—à–µ–Ω–Ω–æ–π —Ü–µ–Ω—ã, –∫–æ—Ç–æ—Ä—É—é —Ç—Ä–µ–±—É—é—Ç –ø–æ–ª—è–∫–∏.
[ùîº‚ÑÇùïÜ‚ÑïùïÜùïÑùïÄùïÇùî∏](https://t.me/economika)",2023-07-13,Political
–≠–∫–æ–Ω–æ–º–∏–∫–∞,"–•–æ–ª–¥–∏–Ω–≥ –£–æ—Ä—Ä–µ–Ω–∞ –ë–∞—Ñ—Ñ–µ—Ç–∞ –ø–æ–ª—É—á–∏—Ç $1 –º–ª—Ä–¥ –ø—Ä–∏–±—ã–ª–∏ –ø–æ—Å–ª–µ –ø–æ–±–µ–¥—ã –∫–æ–º–ø–∞–Ω–∏–∏ Microsoft –≤ —Å—É–¥–µ –ø—Ä–æ—Ç–∏–≤ –§–µ–¥–µ—Ä–∞–ª—å–Ω–æ–π —Ç–æ—Ä–≥–æ–≤–æ–π –∫–æ–º–∏—Å—Å–∏–∏ –°–®–ê (FTC). –í —Ä–µ–∑—É–ª—å—Ç–∞—Ç–µ –ø–æ–±–µ–¥—ã Microsoft –ø–æ–ª—É—á–∏—Ç –ø—Ä–∞–≤–æ –Ω–∞ –ø—Ä–∏–æ–±—Ä–µ—Ç–µ–Ω–∏–µ Activision Blizzard –∑–∞ $68,7 –º–ª—Ä–¥.

–ö–æ–º–ø–∞–Ω–∏—è –£–æ—Ä—Ä–µ–Ω–∞ –ë–∞—Ñ—Ñ–µ—Ç–∞ –ø–æ–ª—É—á–∏—Ç $1 –º–ª—Ä–¥, –µ—Å–ª–∏ Microsoft —Å–º–æ–∂–µ—Ç –∑–∞–∫—Ä—ã—Ç—å —Å–¥–µ–ª–∫—É –∏ –ø—Ä–µ–¥–ª–æ–∂–∏—Ç —Ö–æ–ª–¥–∏–Ω–≥—É –≤—ã–∫—É–ø–∏—Ç—å –µ–≥–æ –¥–æ–ª—é –≤ Activision –≤ —Ä–∞–∑–º–µ—Ä–µ $95 –∑–∞ –∞–∫—Ü–∏—é, –ø–æ–¥—Å—á–∏—Ç–∞–ª–∏ –≤ Insider. –û–¥–Ω–∞–∫–æ Berkshire Hathaway –¥–æ–ª–∂–Ω–∞ —Å–æ—Ö—Ä–∞–Ω–∏—Ç—å —Å–≤–æ—é –¥–æ–ª—é –≤ Activision Blizzard –Ω–∞ —É—Ä–æ–≤–Ω–µ, –∫–æ—Ç–æ—Ä—ã–π –æ–Ω–∞ –∏–º–µ–ª–∞ –Ω–∞ –∫–æ–Ω–µ—Ü –ø–µ—Ä–≤–æ–≥–æ –∫–≤–∞—Ä—Ç–∞–ª–∞ ‚Äî $4,2 –º–ª—Ä–¥.
[ùîº‚ÑÇùïÜ‚ÑïùïÜùïÑùïÄùïÇùî∏](https://t.me/economika)",2023-07-13,Economical
–≠–∫–æ–Ω–æ–º–∏–∫–∞,"–ì–æ—Å–¥—É–º–∞ –ø—Ä–∏–Ω—è–ª–∞ –≤ —Ç—Ä–µ—Ç—å–µ–º —á—Ç–µ–Ω–∏–∏ –∑–∞–∫–æ–Ω–æ–ø—Ä–æ–µ–∫—Ç, –ø–æ –∫–æ—Ç–æ—Ä–æ–º—É –∏–∑—ä—è—Ç–æ–µ —É –∫–æ—Ä—Ä—É–ø—Ü–∏–æ–Ω–µ—Ä–æ–≤ –¥–æ—Ä–æ–≥–æ–µ –∂–∏–ª—å–µ –±—É–¥—É—Ç –ø—Ä–∏–≤–∞—Ç–∏–∑–∏—Ä–æ–≤–∞—Ç—å –∏ —Ä–µ–∞–ª–∏–∑–æ–≤—ã–≤–∞—Ç—å –Ω–∞ —Ç–æ—Ä–≥–∞—Ö. –≠—Ç–æ —Å–ª–µ–¥—É–µ—Ç –∏–∑ –¥–∞–Ω–Ω—ã—Ö, —Ä–∞–∑–º–µ—â–µ–Ω–Ω—ã—Ö –Ω–∞ —Å–∞–π—Ç–µ –Ω–∏–∂–Ω–µ–π –ø–∞–ª–∞—Ç—ã –ø–∞—Ä–ª–∞–º–µ–Ω—Ç–∞ –≤ —Å—Ä–µ–¥—É, 12 –∏—é–ª—è.

–í –ø–æ—è—Å–Ω–∏—Ç–µ–ª—å–Ω–æ–π –∑–∞–ø–∏—Å–∫–µ –∫ –¥–æ–∫—É–º–µ–Ω—Ç—É –æ—Ç–º–µ—á–∞–µ—Ç—Å—è, —á—Ç–æ —Å–µ–π—á–∞—Å –≤ –†–æ—Å—Å–∏–∏ –æ—Ç—Å—É—Ç—Å—Ç–≤—É–µ—Ç –ø–æ—Ä—è–¥–æ–∫ –∏ –æ—Å–Ω–æ–≤–∞–Ω–∏—è –¥–ª—è –æ—Ç—á—É–∂–¥–µ–Ω–∏—è –∏–∑ —Ñ–µ–¥–µ—Ä–∞–ª—å–Ω–æ–π —Å–æ–±—Å—Ç–≤–µ–Ω–Ω–æ—Å—Ç–∏ –∂–∏–ª—ã—Ö –ø–æ–º–µ—â–µ–Ω–∏–π (–∫–≤–∞—Ä—Ç–∏—Ä), –ø–æ—Å—Ç—É–ø–∞—é—â–∏—Ö –≤ –≥–æ—Å—É–¥–∞—Ä—Å—Ç–≤–µ–Ω–Ω—ã–π –∂–∏–ª–∏—â–Ω—ã–π —Ñ–æ–Ω–¥, –ø—É—Ç–µ–º –∏—Ö –≤–æ–∑–º–µ–∑–¥–Ω–æ–π —Ä–µ–∞–ª–∏–∑–∞—Ü–∏–∏. –ü—Ä–∏ —ç—Ç–æ–º –≤ –≥–æ—Å–∫–∞–∑–Ω–µ —á–∏—Å–ª–∏—Ç—Å—è –±–æ–ª—å—à–æ–π –æ–±—ä–µ–º –∂–∏–ª—ã—Ö –ø–æ–º–µ—â–µ–Ω–∏–π, –∑–∞—á–∞—Å—Ç—É—é —ç—Ç–æ –∂–∏–ª—å–µ –±–æ–ª—å—à–æ–π –ø–ª–æ—â–∞–¥–∏ –∏ –ø–æ–≤—ã—à–µ–Ω–Ω–æ–π –∫–æ–º—Ñ–æ—Ä—Ç–Ω–æ—Å—Ç–∏. 
[ùîº‚ÑÇùïÜ‚ÑïùïÜùïÑùïÄùïÇùî∏](https://t.me/economika)",2023-07-13,Corruption
–≠–∫–æ–Ω–æ–º–∏–∫–∞,"–í –∏—é–Ω–µ –ø–æ—Ç—Ä–µ–±–∏—Ç–µ–ª—å—Å–∫–∏–µ —Ü–µ–Ω—ã –≤—ã—Ä–æ—Å–ª–∏ –Ω–∞ 0,37% –∫ –ø—Ä–µ–¥—ã–¥—É—â–µ–º—É –º–µ—Å—è—Ü—É (–ø—Ä–æ—Ç–∏–≤ 0,31% –≤ –º–∞–µ –∫ –∞–ø—Ä–µ–ª—é), –∞ –≤ –≥–æ–¥–æ–≤–æ–º –≤—ã—Ä–∞–∂–µ–Ω–∏–∏ –∏–Ω—Ñ–ª—è—Ü–∏—è —É—Å–∫–æ—Ä–∏–ª–∞—Å—å –¥–æ 3,25% (–ø—Ä–æ—Ç–∏–≤ 2,51% –≤ –º–∞–µ), —Å–æ–æ–±—â–∏–ª –†–æ—Å—Å—Ç–∞—Ç. –í –∏—é–Ω–µ —Ç–∞–∫–∂–µ —É—Å–∫–æ—Ä–∏–ª–æ—Å—å –æ—Å–ª–∞–±–ª–µ–Ω–∏–µ —Ä—É–±–ª—è.

–ò—é–Ω—å—Å–∫–æ–µ —É—Å–∫–æ—Ä–µ–Ω–∏–µ –∏–Ω—Ñ–ª—è—Ü–∏–∏ –±—ã–ª–æ –æ–±—É—Å–ª–æ–≤–ª–µ–Ω–æ —Ç–µ–º, —á—Ç–æ –Ω–∞—á–∞–ª–∏ —Ä–∞—Å—Ç–∏ —Ü–µ–Ω—ã –Ω–∞ —Ç–æ–≤–∞—Ä—ã (–ø–ª—é—Å 0,2% –∫ –º–∞—é ‚Äî –≤ –æ—Å–Ω–æ–≤–Ω–æ–º –∑–∞ —Å—á–µ—Ç —É–¥–æ—Ä–æ–∂–∞–Ω–∏—è –Ω–µ–ø—Ä–æ–¥–æ–≤–æ–ª—å—Å—Ç–≤–µ–Ω–Ω—ã—Ö —Ç–æ–≤–∞—Ä–æ–≤); –≤ –º–∞–µ –≤ —Ç–æ–≤–∞—Ä–∞—Ö –±—ã–ª–∞ –Ω—É–ª–µ–≤–∞—è –¥–∏–Ω–∞–º–∏–∫–∞. –¶–µ–Ω—ã –Ω–∞ —É—Å–ª—É–≥–∏ –≤ –∏—é–Ω–µ –≤—ã—Ä–æ—Å–ª–∏ –Ω–∞ 0,83%, –∑–∞–º–µ–¥–ª–∏–≤—à–∏—Å—å –ø–æ —Å—Ä–∞–≤–Ω–µ–Ω–∏—é —Å –º–∞–π—Å–∫–∏–º —Ä–æ—Å—Ç–æ–º (1,13% –ø–æ —Å—Ä–∞–≤–Ω–µ–Ω–∏—é —Å –∞–ø—Ä–µ–ª–µ–º).
[ùîº‚ÑÇùïÜ‚ÑïùïÜùïÑùïÄùïÇùî∏](https://t.me/economika)",2023-07-13,Economical
–≠–∫–æ–Ω–æ–º–∏–∫–∞,"–°–æ–≤–∫–æ–º–±–∞–Ω–∫ –≤–ø–µ—Ä–≤—ã–µ —Å –Ω–æ—è–±—Ä—è 2021 –≥–æ–¥–∞ –æ—Ç—á–∏—Ç–∞–ª—Å—è –ø–æ –ú–°–§–û. –ß–∏—Å—Ç–∞—è –ø—Ä–∏–±—ã–ª—å –°–æ–≤–∫–æ–º–±–∞–Ω–∫–∞ –∑–∞ –ø–µ—Ä–≤—ã–π –∫–≤–∞—Ä—Ç–∞–ª —Å–æ—Å—Ç–∞–≤–∏–ª–∞ 22,5 –º–ª—Ä–¥ —Ä—É–±–ª–µ–π. 
–ê–∫—Ç–∏–≤—ã –≤—ã—Ä–æ—Å–ª–∏ –¥–æ 2,3 —Ç—Ä–ª–Ω —Ä—É–±–ª–µ–π, –∫–∞–ø–∏—Ç–∞–ª - –Ω–∞ 12% –¥–æ 214 –º–ª—Ä–¥ —Ä—É–±–ª–µ–π. –†–æ–∑–Ω–∏—á–Ω—ã–π –∫—Ä–µ–¥–∏—Ç–Ω—ã–π –ø–æ—Ä—Ç—Ñ–µ–ª—å –±–∞–Ω–∫–∞ –∑–∞ 3 –º–µ—Å—è—Ü–∞ –≤—ã—Ä–æ—Å –Ω–∞ 5% –¥–æ 611 –º–ª—Ä–¥ —Ä—É–±., –ø–æ—Ä—Ç—Ñ–µ–ª—å –∫–æ—Ä–ø–æ—Ä–∞—Ç–∏–≤–Ω—ã—Ö –∫—Ä–µ–¥–∏—Ç–æ–≤ –∑–∞ l –∫–≤–∞—Ä—Ç–∞–ª - –Ω–∞ 4% –¥–æ 828 –º–ª—Ä–¥ —Ä—É–±.",2023-07-13,Economical
–≠–∫–æ–Ω–æ–º–∏–∫–∞,"–ö–æ–º–ø–∞–Ω–∏—è Google –æ–±–Ω–∞—Ä–æ–¥–æ–≤–∞–ª–∞ —Å–ø–∏—Å–æ–∫ –∏–∑–º–µ–Ω–µ–Ω–∏–π –≤–Ω—É—Ç—Ä–µ–Ω–Ω–µ–π –ø–æ–ª–∏—Ç–∏–∫–∏ –≤ –æ—Ç–Ω–æ—à–µ–Ω–∏–∏ –ø–ª–∞—Ç—Ñ–æ—Ä–º—ã Play Store. –ò—Ö —Ü–µ–ª—å—é —Å—Ç–∞–ª–∞ –ø–æ–¥–¥–µ—Ä–∂–∫–∞ –±–ª–æ–∫—á–µ–π–Ω-—Ä–µ—à–µ–Ω–∏–π –∏ —Ä—è–¥–∞ —Ü–∏—Ñ—Ä–æ–≤—ã—Ö –∞–∫—Ç–∏–≤–æ–≤.

–í –ø–µ—Ä–≤—É—é –æ—á–µ—Ä–µ–¥—å –Ω–æ–≤–æ–≤–≤–µ–¥–µ–Ω–∏—è –∫–æ—Å–Ω—É–ª–∏—Å—å –Ω–µ–≤–∑–∞–∏–º–æ–∑–∞–º–µ–Ω—è–µ–º—ã—Ö —Ç–æ–∫–µ–Ω–æ–≤ (NFT). –¢–µ–ø–µ—Ä—å –≤ –ø—Ä–∏–ª–æ–∂–µ–Ω–∏—è—Ö –∏ –∏–≥—Ä–∞—Ö, –ø—Ä–µ–¥—Å—Ç–∞–≤–ª–µ–Ω–Ω—ã—Ö –≤ Play Store, –º–æ–∂–Ω–æ –ø—Ä–æ–¥–∞–≤–∞—Ç—å, –ø–æ–∫—É–ø–∞—Ç—å –∏ –∑–∞—Ä–∞–±–∞—Ç—ã–≤–∞—Ç—å –∞–∫—Ç–∏–≤—ã. –ü—Ä–∏ —ç—Ç–æ–º —Ä–∞–∑—Ä–∞–±–æ—Ç—á–∏–∫–∏ –¥–æ–ª–∂–Ω—ã —Å–æ–±–ª—é–¥–∞—Ç—å –Ω–µ–∫–æ—Ç–æ—Ä—ã–µ –ø—Ä–∞–≤–∏–ª–∞.

¬´–ú—ã —Ç—Ä–µ–±—É–µ–º, —á—Ç–æ–±—ã –ø—Ä–∏–ª–æ–∂–µ–Ω–∏—è –Ω–∞ –æ—Å–Ω–æ–≤–µ —Ç–æ–∫–µ–Ω–∏–∑–∏—Ä–æ–≤–∞–Ω–Ω—ã—Ö —Ü–∏—Ñ—Ä–æ–≤—ã—Ö –∞–∫—Ç–∏–≤–æ–≤ –±—ã–ª–∏ –º–∞–∫—Å–∏–º–∞–ª—å–Ω–æ –ø—Ä–æ–∑—Ä–∞—á–Ω—ã–º–∏ –¥–ª—è –ø–æ–ª—å–∑–æ–≤–∞—Ç–µ–ª–µ–π¬ª, ‚Äî –ø–æ–¥—á–µ—Ä–∫–∏–≤–∞–µ—Ç—Å—è –≤ —Å–æ–æ–±—â–µ–Ω–∏–∏ –∫–æ–º–ø–∞–Ω–∏–∏.
[ùîº‚ÑÇùïÜ‚ÑïùïÜùïÑùïÄùïÇùî∏](https://t.me/economika)",2023-07-13,Other
–≠–∫–æ–Ω–æ–º–∏–∫–∞,"–ê–≤–∏–∞–±–∏–ª–µ—Ç—ã –Ω–∞ –≤–Ω—É—Ç—Ä–∏—Ä–æ—Å—Å–∏–π—Å–∫–∏–µ —Ä–µ–π—Å—ã –≤ 2023 –≥–æ–¥—É –≤—ã—Ä–∞—Å—Ç—É—Ç –Ω–∞ 15‚Äì20%, –∞ —Ä–æ—Å—Ç —Ü–µ–Ω –Ω–∞ –º–µ–∂–¥—É–Ω–∞—Ä–æ–¥–Ω—ã–µ –ø–æ–ª–µ—Ç—ã —Å–æ—Å—Ç–∞–≤–∏—Ç –¥–æ 40%. –û–± —ç—Ç–æ–º –∑–∞—è–≤–∏–ª —Å–æ–≤–ª–∞–¥–µ–ª–µ—Ü –í–Ω—É–∫–æ–≤–æ –∏ –∞–≤–∏–∞–∫–æ–º–ø–∞–Ω–∏–∏ ¬´–ê–∑–∏–º—É—Ç¬ª (–ø–æ –∏—Ç–æ–≥–∞–º –ø–µ—Ä–≤–æ–≥–æ –∫–≤–∞—Ä—Ç–∞–ª–∞ 2023 –≥–æ–¥–∞ –ø–µ—Ä–µ–≤–µ–∑–ª–∞ 0,5 –º–ª–Ω –ø–∞—Å—Å–∞–∂–∏—Ä–æ–≤ –∏ –≤–æ—à–ª–∞ –≤ —Ç–æ–ø-10 —Ä–æ—Å—Å–∏–π—Å–∫–∏—Ö –ø–µ—Ä–µ–≤–æ–∑—á–∏–∫–æ–≤) –í–∏—Ç–∞–ª–∏–π –í–∞–Ω—Ü–µ–≤.

¬´–ù–æ –Ω–µ –Ω—É–∂–Ω–æ –∫ —ç—Ç–æ–º—É –æ—Ç–Ω–æ—Å–∏—Ç—å—Å—è —Ç–∞–∫, —á—Ç–æ –∞–≤–∏–∞–∫–æ–º–ø–∞–Ω–∏–∏, –æ—Ö—Ä–µ–Ω–µ–≤—à–∏–µ, –ø–æ–ª—å–∑—É—é—Ç—Å—è —Å–∏—Ç—É–∞—Ü–∏–µ–π. –°–æ —Å—Ç–æ—Ä–æ–Ω—ã —ç—Ç–æ –º–æ–∂–µ—Ç —Ç–∞–∫ –≤—ã–≥–ª—è–¥–µ—Ç—å, –Ω–æ –≤—Å–µ –Ω–∞ —Å–∞–º–æ–º –¥–µ–ª–µ –∏–Ω–∞—á–µ¬ª, ‚Äî –ø—Ä–µ–¥—É–ø—Ä–µ–∂–¥–∞–µ—Ç –í–∞–Ω—Ü–µ–≤. 

–ü–æ –µ–≥–æ —Å–ª–æ–≤–∞–º, —É –ø–µ—Ä–µ–≤–æ–∑—á–∏–∫–æ–≤ ¬´–∑–Ω–∞—á–∏—Ç–µ–ª—å–Ω–æ¬ª –≤—ã—Ä–æ—Å–ª–∏ –∑–∞—Ç—Ä–∞—Ç—ã: –æ—Å–æ–±–µ–Ω–Ω–æ —Ä–∞—Å—Ç–µ—Ç —Å—Ç–æ–∏–º–æ—Å—Ç—å —Ç–µ—Ö–Ω–∏—á–µ—Å–∫–æ–≥–æ –æ–±—Å–ª—É–∂–∏–≤–∞–Ω–∏—è —Å–∞–º–æ–ª–µ—Ç–æ–≤ –∏–∑-–∑–∞ –∑–∞–ø–∞–¥–Ω—ã—Ö —Å–∞–Ω–∫—Ü–∏–π, –≤–≤–µ–¥–µ–Ω–Ω—ã—Ö –≤ 2022 –≥–æ–¥—É –ø–æ—Å–ª–µ –Ω–∞—á–∞–ª–∞ –≤–æ–µ–Ω–Ω–æ–π —Å–ø–µ—Ü–æ–ø–µ—Ä–∞—Ü–∏–∏ –Ω–∞ –£–∫—Ä–∞–∏–Ω–µ, –∫–æ—Ç–æ—Ä—ã–µ –∑–∞–ø—Ä–µ—â–∞—é—Ç –ø–æ—Å—Ç–∞–≤–∫—É –≤ –†–æ—Å—Å–∏—é —Å–∞–º–æ–ª–µ—Ç–æ–≤ –∏ –∫–æ–º–ø–ª–µ–∫—Ç—É—é—â–∏—Ö –∫ –Ω–∏–º.
[ùîº‚ÑÇùïÜ‚ÑïùïÜùïÑùïÄùïÇùî∏](https://t.me/economika)",2023-07-13,Economical
–≠–∫–æ–Ω–æ–º–∏–∫–∞,"–ù–∞–º–µ—Ä–µ–Ω–∏–µ –Ø–ø–æ–Ω–∏–∏ –∏ –Æ–∂–Ω–æ–π –ö–æ—Ä–µ–∏ —Ä–∞–∑–º–µ—Å—Ç–∏—Ç—å —è–¥–µ—Ä–Ω–æ–µ –æ—Ä—É–∂–∏–µ –°–®–ê –Ω–∞ —Å–≤–æ–∏—Ö —Ç–µ—Ä—Ä–∏—Ç–æ—Ä–∏—è—Ö —è–≤–ª—è–µ—Ç—Å—è –æ–ø–∞—Å–Ω—ã–º. –û–± —ç—Ç–æ–º –∑–∞—è–≤–∏–ª –º–∏–Ω–∏—Å—Ç—Ä –∏–Ω–æ—Å—Ç—Ä–∞–Ω–Ω—ã—Ö –¥–µ–ª –†–æ—Å—Å–∏–∏ –°–µ—Ä–≥–µ–π –õ–∞–≤—Ä–æ–≤ –Ω–∞ –≤—Å—Ç—Ä–µ—á–µ —Å –≥–ª–∞–≤–æ–π –∫–∏—Ç–∞–π—Å–∫–æ–π –¥–∏–ø–ª–æ–º–∞—Ç–∏–∏ –í–∞–Ω –ò.

¬´–Ø–ø–æ–Ω–∏—è –∏ –ö–æ—Ä–µ—è, –∫—Å—Ç–∞—Ç–∏ –≥–æ–≤–æ—Ä—è, —É–∂–µ –¥–∞—é—Ç —Å–∏–≥–Ω–∞–ª—ã –æ —Ç–æ–º, —á—Ç–æ –æ–Ω–∏ –Ω–µ –ø—Ä–æ—á—å —É —Å–µ–±—è —Ä–∞–∑–º–µ—Å—Ç–∏—Ç—å –∞–º–µ—Ä–∏–∫–∞–Ω—Å–∫–æ–µ —è–¥–µ—Ä–Ω–æ–µ –æ—Ä—É–∂–∏–µ –∏–ª–∏ –æ–±–∑–∞–≤–µ—Å—Ç–∏—Å—å —Å–≤–æ–∏–º —Å–æ–±—Å—Ç–≤–µ–Ω–Ω—ã–º. –≠—Ç–æ –æ—á–µ–Ω—å —Å–µ—Ä—å–µ–∑–Ω–∞—è –∏ –æ–ø–∞—Å–Ω–∞—è —Ç–µ–Ω–¥–µ–Ω—Ü–∏—è¬ª, ‚Äî —Å–∫–∞–∑–∞–ª —Ä–æ—Å—Å–∏–π—Å–∫–∏–π –º–∏–Ω–∏—Å—Ç—Ä.
[ùîº‚ÑÇùïÜ‚ÑïùïÜùïÑùïÄùïÇùî∏](https://t.me/economika)",2023-07-13,Political
–≠–∫–æ–Ω–æ–º–∏–∫–∞,"–ë—ã–≤—à–∏–π –≥–µ–Ω–µ—Ä–∞–ª—å–Ω—ã–π –¥–∏—Ä–µ–∫—Ç–æ—Ä –æ–±–∞–Ω–∫—Ä–æ—Ç–∏–≤—à–µ–≥–æ—Å—è –∫—Ä–∏–ø—Ç–æ–≤–∞–ª—é—Ç–Ω–æ–≥–æ –∫—Ä–µ–¥–∏—Ç–æ—Ä–∞ Celsius –ê–ª–µ–∫—Å –ú–∞—à–∏–Ω—Å–∫–∏–π –∞—Ä–µ—Å—Ç–æ–≤–∞–Ω –≤ —Ä–∞–º–∫–∞—Ö —Ä–∞—Å—Å–ª–µ–¥–æ–≤–∞–Ω–∏—è –¥–µ–ª–∞ –æ –∫—Ä–∞—Ö–µ –∫–æ–º–ø–∞–Ω–∏–∏, —Å–æ–æ–±—â–∏–ª Bloomberg —Å–æ —Å—Å—ã–ª–∫–æ–π –Ω–∞ —á–µ–ª–æ–≤–µ–∫–∞, –∑–Ω–∞–∫–æ–º–æ–≥–æ —Å —Ö–æ–¥–æ–º —Ä–∞—Å—Å–ª–µ–¥–æ–≤–∞–Ω–∏—è.

–û–¥–Ω–æ–≤—Ä–µ–º–µ–Ω–Ω–æ —Å —ç—Ç–∏–º, —Å–æ–≥–ª–∞—Å–Ω–æ —Å—É–¥–µ–±–Ω—ã–º –¥–æ–∫—É–º–µ–Ω—Ç–∞–º, –ö–æ–º–∏—Å—Å–∏—è –ø–æ —Ü–µ–Ω–Ω—ã–º –±—É–º–∞–≥–∞–º –∏ –±–∏—Ä–∂–∞–º –°–®–ê (SEC) —Ç–∞–∫–∂–µ –ø–æ–¥–∞–ª–∞ –∏—Å–∫ –∫ –ú–∞—à–∏–Ω—Å–∫–æ–º—É –∏ –∫–æ–º–ø–∞–Ω–∏–∏.
[ùîº‚ÑÇùïÜ‚ÑïùïÜùïÑùïÄùïÇùî∏](https://t.me/economika)",2023-07-13,Other
–≠–∫–æ–Ω–æ–º–∏–∫–∞,"–ì–æ—Å–¥—É–º–∞ –ø—Ä–∏–Ω—è–ª–∞ 13 –∏—é–ª—è –∑–∞–∫–æ–Ω, –∫–æ—Ç–æ—Ä—ã–π –≤–≤–æ–¥–∏—Ç –ø–æ–Ω—è—Ç–∏–µ —Ü–∏—Ñ—Ä–æ–≤–æ–≥–æ —Ä—É–±–ª—è –≤ –ì—Ä–∞–∂–¥–∞–Ω—Å–∫–∏–π –∫–æ–¥–µ–∫—Å –†–æ—Å—Å–∏–∏ –∏ –æ—Ç–Ω–æ—Å–∏—Ç –µ–≥–æ –∫ –æ–±—ä–µ–∫—Ç–∞–º –≥—Ä–∞–∂–¥–∞–Ω—Å–∫–∏—Ö –ø—Ä–∞–≤. –î–µ–Ω—å–≥–∏ –≤ —Ç–∞–∫–æ–π —Ñ–æ—Ä–º–µ –º–æ–∂–Ω–æ –±—É–¥–µ—Ç –∑–∞–≤–µ—â–∞—Ç—å –∏ –Ω–∞—Å–ª–µ–¥–æ–≤–∞—Ç—å.

–í –¥–æ–∫—É–º–µ–Ω—Ç–µ –∑–∞–∫—Ä–µ–ø–ª—è–µ—Ç—Å—è –≤–æ–∑–º–æ–∂–Ω–æ—Å—Ç—å —Ä–∞—Å—á–µ—Ç–æ–≤ —Ü–∏—Ñ—Ä–æ–≤—ã–º–∏ —Ä—É–±–ª—è–º–∏ –Ω–∞ —Ç–µ—Ä—Ä–∏—Ç–æ—Ä–∏–∏ —Å—Ç—Ä–∞–Ω—ã —á–µ—Ä–µ–∑ –ø–µ—Ä–µ–≤–æ–¥ –¶–µ–Ω—Ç—Ä–æ–±–∞–Ω–∫–æ–º –Ω–∞ —Å–ø–µ—Ü–∏–∞–ª—å–Ω–æ–π –ø–ª–∞—Ç—Ñ–æ—Ä–º–µ –≤ —Å–æ–æ—Ç–≤–µ—Ç—Å—Ç–≤–∏–∏ —Å –∑–∞–∫–æ–Ω–æ–¥–∞—Ç–µ–ª—å—Å—Ç–≤–æ–º –æ –Ω–∞—Ü–∏–æ–Ω–∞–ª—å–Ω–æ–π –ø–ª–∞—Ç–µ–∂–Ω–æ–π —Å–∏—Å—Ç–µ–º–µ.

–ü–æ–º–∏–º–æ —ç—Ç–æ–≥–æ —É—Å—Ç–∞–Ω–∞–≤–ª–∏–≤–∞–µ—Ç—Å—è –≤–æ–∑–º–æ–∂–Ω–æ—Å—Ç—å —Å—Ä–æ—á–Ω–æ–π –≤—ã–¥–∞—á–∏ –±–∞–Ω–∫–∞–º–∏ —Ü–∏—Ñ—Ä–æ–≤—ã—Ö —Ä—É–±–ª–µ–π, –∫–æ—Ç–æ—Ä—ã–º–∏ –≤–ª–∞–¥–µ–ª –Ω–∞—Å–ª–µ–¥–æ–¥–∞—Ç–µ–ª—å, –≤ —Ü–µ–ª—è—Ö —Ä–∞—Å—Ö–æ–¥–æ–≤ –Ω–∞ –µ–≥–æ –ø–æ—Ö–æ—Ä–æ–Ω—ã.
[ùîº‚ÑÇùïÜ‚ÑïùïÜùïÑùïÄùïÇùî∏](https://t.me/economika)",2023-07-13,Economical
–≠–∫–æ–Ω–æ–º–∏–∫–∞,"–ö—Ä—É–ø–Ω—ã–µ —Ö–µ–¥–∂-—Ñ–æ–Ω–¥—ã —Å–æ—Ö—Ä–∞–Ω—è—é—Ç –¥–æ–≤–µ—Ä–∏–µ –∫ —Å–µ–∫—Ç–æ—Ä—É —Ü–∏—Ñ—Ä–æ–≤—ã—Ö –∞–∫—Ç–∏–≤–æ–≤, —Ö–æ—Ç—è –≤ —ç—Ç–æ–º –≥–æ–¥—É –æ–Ω–∏ —Å—Ç–∞–ª–∏ –º–µ–Ω—å—à–µ –∏–Ω–≤–µ—Å—Ç–∏—Ä–æ–≤–∞—Ç—å –≤ –∫—Ä–∏–ø—Ç–æ–≤–∞–ª—é—Ç—ã. –¢–∞–∫–∏–µ –≤—ã–≤–æ–¥—ã —Å–¥–µ–ª–∞–ª–∏ —ç–∫—Å–ø–µ—Ä—Ç—ã PwC —Å–æ–≤–º–µ—Å—Ç–Ω–æ —Å Alternative Investment Management Association –∏ CoinShares.

–¢–µ–º –Ω–µ –º–µ–Ω–µ–µ –≤ 2023 –≥–æ–¥—É –¥–æ–ª—è —Ö–µ–¥–∂-—Ñ–æ–Ω–¥–æ–≤, –∏–Ω–≤–µ—Å—Ç–∏—Ä—É—é—â–∏—Ö –≤ –∫—Ä–∏–ø—Ç–æ–≤–∞–ª—é—Ç—ã, —Å–Ω–∏–∑–∏–ª–∞—Å—å —Å 37 –¥–æ 29%.

–û–∫–æ–ª–æ 93% —Ä–µ—Å–ø–æ–Ω–¥–µ–Ω—Ç–æ–≤ –ø—Ä–æ–≥–Ω–æ–∑–∏—Ä—É—é—Ç, —á—Ç–æ –∫–∞–ø–∏—Ç–∞–ª–∏–∑–∞—Ü–∏—è —Ä—ã–Ω–∫–∞ —Ü–∏—Ñ—Ä–æ–≤—ã—Ö –∞–∫—Ç–∏–≤–æ–≤ –≤—ã—Ä–∞—Å—Ç–µ—Ç –∫ –∫–æ–Ω—Ü—É –≥–æ–¥–∞. –ù–µ–º–Ω–æ–≥–∏–º –±–æ–ª–µ–µ –ø–æ–ª–æ–≤–∏–Ω—ã –æ–ø—Ä–æ—à–µ–Ω–Ω—ã—Ö –∑–∞—è–≤–∏–ª–∏ –æ –Ω–µ–≥–æ—Ç–æ–≤–Ω–æ—Å—Ç–∏ –∏–Ω–≤–µ—Å—Ç–∏—Ä–æ–≤–∞—Ç—å –≤ –∫—Ä–∏–ø—Ç–æ–≤–∞–ª—é—Ç—ã –≤ —Ç–µ—á–µ–Ω–∏–µ –ø—Ä–µ–¥—Å—Ç–æ—è—â–∏—Ö —Ç—Ä–µ—Ö –ª–µ—Ç.
[ùîº‚ÑÇùïÜ‚ÑïùïÜùïÑùïÄùïÇùî∏](https://t.me/economika)",2023-07-14,Economical
–≠–∫–æ–Ω–æ–º–∏–∫–∞,"–î–µ–ø—É—Ç–∞—Ç—ã –ì–æ—Å–¥—É–º—ã –ø—Ä–∏–Ω—è–ª–∏ –≤ –ø–µ—Ä–≤–æ–º —á—Ç–µ–Ω–∏–∏ –∑–∞–∫–æ–Ω–æ–ø—Ä–æ–µ–∫—Ç, —Ä–∞—Å—à–∏—Ä—è—é—â–∏–π –ø–µ—Ä–µ—á–µ–Ω—å –≤–æ–µ–Ω–Ω–æ—Å–ª—É–∂–∞—â–∏—Ö, –∫–æ—Ç–æ—Ä—ã–µ –º–æ–≥—É—Ç –ø–æ–ª—É—á–∏—Ç—å –∂–∏–ª—å–µ –æ—Ç –≥–æ—Å—É–¥–∞—Ä—Å—Ç–≤–∞. –ü–æ–ø—Ä–∞–≤–∫–∏ –≤ –∑–∞–∫–æ–Ω ¬´–û —Å—Ç–∞—Ç—É—Å–µ –≤–æ–µ–Ω–Ω–æ—Å–ª—É–∂–∞—â–∏—Ö¬ª –ø—Ä–µ–¥—É—Å–º–∞—Ç—Ä–∏–≤–∞—é—Ç —Ç–∞–∫—É—é –≤–æ–∑–º–æ–∂–Ω–æ—Å—Ç—å –¥–ª—è —Ä–æ—Å—Å–∏—è–Ω, –∫–æ—Ç–æ—Ä—ã–µ –≤ –∫–∞–∫–æ–π-—Ç–æ –ø–µ—Ä–∏–æ–¥ —Å–≤–æ–µ–π —Å–ª—É–∂–±—ã –±—ã–ª–∏ –≥—Ä–∞–∂–¥–∞–Ω–∞–º–∏ –¥—Ä—É–≥–æ–π —Å—Ç—Ä–∞–Ω—ã.

–ü–æ –¥–µ–π—Å—Ç–≤—É—é—â–µ–º—É –∑–∞–∫–æ–Ω–æ–¥–∞—Ç–µ–ª—å—Å—Ç–≤—É, –≥–æ—Å—É–¥–∞—Ä—Å—Ç–≤–æ –æ–±–µ—Å–ø–µ—á–∏–≤–∞–µ—Ç –∂–∏–ª—å–µ–º –∏–ª–∏ —Å—É–±—Å–∏–¥–∏–µ–π –¥–ª—è –µ–≥–æ –ø—Ä–∏–æ–±—Ä–µ—Ç–µ–Ω–∏—è —Ç–µ—Ö —Ä–æ—Å—Å–∏–π—Å–∫–∏—Ö –≤–æ–µ–Ω–Ω—ã—Ö, –∫–æ—Ç–æ—Ä—ã–µ —Å–ª—É–∂–∏–ª–∏ –ø–æ –∫–æ–Ω—Ç—Ä–∞–∫—Ç—É –±–æ–ª–µ–µ 20 –ª–µ—Ç –∏–ª–∏ —Å–ª—É–∂–∏–ª–∏ –ø–æ –∫–æ–Ω—Ç—Ä–∞–∫—Ç—É –±–æ–ª–µ–µ –¥–µ—Å—è—Ç–∏ –ª–µ—Ç –∏ –±—ã–ª–∏ —É–≤–æ–ª–µ–Ω—ã —Å –≤–æ–µ–Ω–Ω–æ–π —Å–ª—É–∂–±—ã –ø–æ —Å–æ—Å—Ç–æ—è–Ω–∏—é –∑–¥–æ—Ä–æ–≤—å—è –∏–ª–∏ –≤–æ–∑—Ä–∞—Å—Ç—É. –í –ø–æ—è—Å–Ω–∏—Ç–µ–ª—å–Ω–æ–π –∑–∞–ø–∏—Å–∫–µ –∫ –∑–∞–∫–æ–Ω–æ–ø—Ä–æ–µ–∫—Ç—É –µ–≥–æ –∞–≤—Ç–æ—Ä—ã –æ—Ç–º–µ—á–∞—é—Ç, —á—Ç–æ –Ω–∞ –æ–±–µ—Å–ø–µ—á–µ–Ω–∏–µ –∂–∏–ª—å–µ–º –≤ –Ω–∞—Å—Ç–æ—è—â–µ–µ –≤—Ä–µ–º—è –Ω–µ –º–æ–≥—É—Ç —Ä–∞—Å—Å—á–∏—Ç—ã–≤–∞—Ç—å —Ä–æ—Å—Å–∏—è–Ω–µ, –∫–æ—Ç–æ—Ä—ã–µ –≤ –∫–∞–∫–æ–π-—Ç–æ –ø–µ—Ä–∏–æ–¥ —Å–ª—É–∂–±—ã –ø–æ –∫–æ–Ω—Ç—Ä–∞–∫—Ç—É –≤ –í–æ–æ—Ä—É–∂–µ–Ω–Ω—ã—Ö —Å–∏–ª–∞—Ö –†–æ—Å—Å–∏–∏ —è–≤–ª—è–ª–∏—Å—å –≥—Ä–∞–∂–¥–∞–Ω–∞–º–∏ –¥—Ä—É–≥–∏—Ö –≥–æ—Å—É–¥–∞—Ä—Å—Ç–≤.
[ùîº‚ÑÇùïÜ‚ÑïùïÜùïÑùïÄùïÇùî∏](https://t.me/economika)",2023-07-14,Political
–≠–∫–æ–Ω–æ–º–∏–∫–∞,"–ò–Ω–¥–µ–∫—Å –¥–æ–ª–ª–∞—Ä–∞ (DXY) —É–ø–∞–ª –Ω–∞ 0,56% –∏ –¥–æ—Å—Ç–∏–≥ –æ—Ç–º–µ—Ç–∫–∏ 99,95 –ø—É–Ω–∫—Ç–∞ –Ω–∞ —Ç–æ—Ä–≥–∞—Ö –≤ —á–µ—Ç–≤–µ—Ä–≥, 13 –∏—é–ª—è. –ò–Ω–¥–∏–∫–∞—Ç–æ—Ä —É–ø–∞–ª –¥–æ —Å–∞–º–æ–≥–æ –Ω–∏–∑–∫–æ–≥–æ —É—Ä–æ–≤–Ω—è —Å 21 –∞–ø—Ä–µ–ª—è 2022 –≥–æ–¥–∞. –í–µ—á–µ—Ä–æ–º –∏–Ω–¥–µ–∫—Å —Å–Ω–∏–∂–∞–ª—Å—è –Ω–∞ 0,55%, –¥–æ 99,97 –ø—É–Ω–∫—Ç–∞.

–û—Å–ª–∞–±–ª–µ–Ω–∏–µ –¥–æ–ª–ª–∞—Ä–∞ –Ω–∞–±–ª—é–¥–∞–µ—Ç—Å—è –Ω–∞ —Ñ–æ–Ω–µ —Å–Ω–∏–∂–µ–Ω–∏—è –∏–Ω—Ñ–ª—è—Ü–∏–æ–Ω–Ω—ã—Ö –æ–∂–∏–¥–∞–Ω–∏–π –≤ –°–®–ê –∏ –≤ –æ–∂–∏–¥–∞–Ω–∏–∏ —Ç–æ–≥–æ, —á—Ç–æ –§–†–° –∑–∞–º–µ–¥–ª–∏—Ç —Ç–µ–º–ø—ã —É–∂–µ—Å—Ç–æ—á–µ–Ω–∏—è –¥–µ–Ω–µ–∂–Ω–æ-–∫—Ä–µ–¥–∏—Ç–Ω–æ–π –ø–æ–ª–∏—Ç–∏–∫–∏. –§—å—é—á–µ—Ä—Å—ã –Ω–∞ –ø—Ä–æ—Ü–µ–Ω—Ç–Ω—ã–µ —Å—Ç–∞–≤–∫–∏ –ø–æ–∫–∞–∑—ã–≤–∞—é—Ç, —á—Ç–æ —Ä—ã–Ω–∫–∏ –æ–∂–∏–¥–∞—é—Ç –ø–æ–≤—ã—à–µ–Ω–∏—è —Å—Ç–∞–≤–∫–∏ –Ω–∞ –æ—á–µ—Ä–µ–¥–Ω–æ–º –∑–∞—Å–µ–¥–∞–Ω–∏–∏ –§–†–° –≤ –∫–æ–Ω—Ü–µ —ç—Ç–æ–≥–æ –º–µ—Å—è—Ü–∞, –Ω–æ –æ–∂–∏–¥–∞–Ω–∏—è –¥–∞–ª—å–Ω–µ–π—à–µ–≥–æ –ø–æ–≤—ã—à–µ–Ω–∏—è —Ç–µ–ø–µ—Ä—å —Å—Ç–∞–ª–∏ –º–∏–Ω–∏–º–∞–ª—å–Ω—ã–º–∏.
[ùîº‚ÑÇùïÜ‚ÑïùïÜùïÑùïÄùïÇùî∏](https://t.me/economika)",2023-07-14,Economical
–≠–∫–æ–Ω–æ–º–∏–∫–∞,"–í–Ω–µ—à–Ω–∏–π –¥–æ–ª–≥ –†–æ—Å—Å–∏–∏ —Å –Ω–∞—á–∞–ª–∞ –≥–æ–¥–∞ —Å–Ω–∏–∑–∏–ª—Å—è –Ω–∞ $33 –º–ª—Ä–¥ –∏–ª–∏ –Ω–∞ 8,7%, —Å–æ–æ–±—â–∞–µ—Ç –¶–µ–Ω—Ç—Ä–æ–±–∞–Ω–∫. –ù–∞ 1 –∏—é–ª—è –æ–Ω —Å–æ—Å—Ç–∞–≤–ª—è–µ—Ç $347,7 –º–ª—Ä–¥

¬´–í –∑–Ω–∞—á–∏—Ç–µ–ª—å–Ω–æ–π —Å—Ç–µ–ø–µ–Ω–∏ –¥–∏–Ω–∞–º–∏–∫–∞ –ø–æ–∫–∞–∑–∞—Ç–µ–ª—è –æ–ø—Ä–µ–¥–µ–ª—è–ª–∞—Å—å —Å–æ–∫—Ä–∞—â–µ–Ω–∏–µ–º –æ–±—è–∑–∞—Ç–µ–ª—å—Å—Ç–≤ –ø—Ä–æ—á–∏—Ö —Å–µ–∫—Ç–æ—Ä–æ–≤ –ø–æ –¥–æ–ª–≥–æ–≤—ã–º –∏–Ω—Å—Ç—Ä—É–º–µ–Ω—Ç–∞–º, –≤ —Ç–æ–º —á–∏—Å–ª–µ –≤ —Ä–∞–º–∫–∞—Ö –æ—Ç–Ω–æ—à–µ–Ω–∏–π –ø—Ä—è–º–æ–≥–æ –∏–Ω–≤–µ—Å—Ç–∏—Ä–æ–≤–∞–Ω–∏—è, —á—Ç–æ –±—ã–ª–æ –æ—Ç—á–∞—Å—Ç–∏ —Å–≤—è–∑–∞–Ω–æ —Å —Ä–µ–∞–ª–∏–∑–∞—Ü–∏–µ–π –º–µ—Ö–∞–Ω–∏–∑–º–∞ –≤—ã–ø—É—Å–∫–∞ –∑–∞–º–µ—â–∞—é—â–∏—Ö –æ–±–ª–∏–≥–∞—Ü–∏–π. –í–∞–∂–Ω—É—é —Ä–æ–ª—å —Å—ã–≥—Ä–∞–ª–æ —É–º–µ–Ω—å—à–µ–Ω–∏–µ –∑–∞–¥–æ–ª–∂–µ–Ω–Ω–æ—Å—Ç–∏ –æ—Ä–≥–∞–Ω–æ–≤ –≥–æ—Å—É–¥–∞—Ä—Å—Ç–≤–µ–Ω–Ω–æ–≥–æ —É–ø—Ä–∞–≤–ª–µ–Ω–∏—è, –æ–±—É—Å–ª–æ–≤–ª–µ–Ω–Ω–æ–µ —Ä–µ–∞–ª–∏–∑–∞—Ü–∏–µ–π –Ω–µ—Ä–µ–∑–∏–¥–µ–Ω—Ç–∞–º–∏ —Å—É–≤–µ—Ä–µ–Ω–Ω—ã—Ö —Ü–µ–Ω–Ω—ã—Ö –±—É–º–∞–≥¬ª, ‚Äî –æ–±—ä—è—Å–Ω–∏–ª–∏ –≤ –¶–ë.
[ùîº‚ÑÇùïÜ‚ÑïùïÜùïÑùïÄùïÇùî∏](https://t.me/economika)",2023-07-14,Economical
–≠–∫–æ–Ω–æ–º–∏–∫–∞,"–î–æ—Ö–æ–¥—ã –†–æ—Å—Å–∏–∏ –æ—Ç —ç–∫—Å–ø–æ—Ä—Ç–∞ –Ω–µ—Ñ—Ç–∏ –∏ –Ω–µ—Ñ—Ç–µ–ø—Ä–æ–¥—É–∫—Ç–æ–≤ –≤ –∏—é–Ω–µ 2023 –≥–æ–¥–∞ —É–ø–∞–ª–∏ –ø–æ —Å—Ä–∞–≤–Ω–µ–Ω–∏—é —Å –º–∞–µ–º –Ω–∞ $1,5 –º–ª—Ä–¥, –∏–ª–∏ –Ω–∞ 11,2%, –¥–æ $11,8 –º–ª—Ä–¥, —Å–ª–µ–¥—É–µ—Ç –∏–∑ –æ–±–∑–æ—Ä–∞ –Ω–µ—Ñ—Ç—è–Ω–æ–≥–æ —Ä—ã–Ω–∫–∞ –ú–µ–∂–¥—É–Ω–∞—Ä–æ–¥–Ω–æ–≥–æ —ç–Ω–µ—Ä–≥–µ—Ç–∏—á–µ—Å–∫–æ–≥–æ –∞–≥–µ–Ω—Ç—Å—Ç–≤–∞ (–ú–≠–ê), –æ–ø—É–±–ª–∏–∫–æ–≤–∞–Ω–Ω–æ–≥–æ 13 –∏—é–ª—è. –≠—Ç–æ —Å–∞–º—ã–π –Ω–∏–∑–∫–∏–π –ø–æ–∫–∞–∑–∞—Ç–µ–ª—å –∑–∞ –ø–æ—Å–ª–µ–¥–Ω–∏–µ –º–µ—Å—è—Ü—ã –∏ –ø–æ—á—Ç–∏ –≤–¥–≤–æ–µ –º–µ–Ω—å—à–µ –ø–æ —Å—Ä–∞–≤–Ω–µ–Ω–∏—é —Å –∏—é–Ω–µ–º 2022 –≥–æ–¥–∞ ($20,4 –º–ª—Ä–¥).

–ò—Å—Ö–æ–¥—è –∏–∑ –¥–∞–Ω–Ω—ã—Ö –ú–≠–ê, –∑–∞ –ø–µ—Ä–≤–æ–µ –ø–æ–ª—É–≥–æ–¥–∏–µ 2023 –≥–æ–¥–∞ –Ω–µ—Ñ—Ç—è–Ω–æ–π —ç–∫—Å–ø–æ—Ä—Ç —Å–Ω–∏–∑–∏–ª—Å—è –±–æ–ª–µ–µ —á–µ–º –≤ –ø–æ–ª—Ç–æ—Ä–∞ —Ä–∞–∑–∞, –ø–æ —Å—Ä–∞–≤–Ω–µ–Ω–∏—é —Å –ø–µ—Ä–≤—ã–º –ø–æ–ª—É–≥–æ–¥–∏–µ–º 2022-–≥–æ ‚Äî —Å $120,4 –º–ª—Ä–¥ –¥–æ $77,4 –º–ª—Ä–¥.
[ùîº‚ÑÇùïÜ‚ÑïùïÜùïÑùïÄùïÇùî∏](https://t.me/economika)",2023-07-14,Economical
–≠–∫–æ–Ω–æ–º–∏–∫–∞,"–ò–Ω–æ—Å—Ç—Ä–∞–Ω–Ω—ã–µ –º—É–∑—ã–∫–∞–Ω—Ç—ã –∏ —Ä–æ—Å—Å–∏–π—Å–∫–∏–µ –∏—Å–ø–æ–ª–Ω–∏—Ç–µ–ª–∏ —Å–æ —Å—Ç–∞—Ç—É—Å–æ–º –∏–Ω–æ–∞–≥–µ–Ω—Ç–∞ —Å—Ç–æ–ª–∫–Ω—É–ª–∏—Å—å —Å —Ç—Ä—É–¥–Ω–æ—Å—Ç—è–º–∏ –ø—Ä–∏ –ø–æ–ª—É—á–µ–Ω–∏–∏ –∞–≤—Ç–æ—Ä—Å–∫–æ–≥–æ –≤–æ–∑–Ω–∞–≥—Ä–∞–∂–¥–µ–Ω–∏—è –∑–∞ –ø—É–±–ª–∏—á–Ω–æ–µ –≤–æ—Å–ø—Ä–æ–∏–∑–≤–µ–¥–µ–Ω–∏–µ —Å–≤–æ–∏—Ö –∫–æ–º–ø–æ–∑–∏—Ü–∏–π. –û–± —ç—Ç–æ–º —Å–æ–æ–±—â–∏–ª–∏ –¥–≤–∞ –∏—Å—Ç–æ—á–Ω–∏–∫–∞ –Ω–∞ –∫–æ–Ω—Ü–µ—Ä—Ç–Ω–æ–º —Ä—ã–Ω–∫–µ –∏ –ø—Ä–µ–¥—Å—Ç–∞–≤–∏—Ç–µ–ª–∏ –Ω–µ—Å–∫–æ–ª—å–∫–∏—Ö –∞—Ä—Ç–∏—Å—Ç–æ–≤, –∏–Ω—Ñ–æ—Ä–º–∞—Ü–∏—é –æ–± –æ—Å–æ–±–æ–º –ø–æ—Ä—è–¥–∫–µ —Ä–∞—Å—á–µ—Ç–∞ —Å —Ç–∞–∫–∏–º–∏ –ø—Ä–∞–≤–æ–æ–±–ª–∞–¥–∞—Ç–µ–ª—è–º–∏ –ø–æ–¥—Ç–≤–µ—Ä–¥–∏–ª–∏ –∏ –≤ –†–æ—Å—Å–∏–π—Å–∫–æ–º –∞–≤—Ç–æ—Ä—Å–∫–æ–º –æ–±—â–µ—Å—Ç–≤–µ.

–°–µ–π—á–∞—Å, —Å–æ–≥–ª–∞—Å–Ω–æ —É–∫–∞–∑—É –ø—Ä–µ–∑–∏–¥–µ–Ω—Ç–∞ ‚Ññ 322 –æ—Ç 27 –º–∞—è 2022 –≥–æ–¥–∞, –≤–æ–∑–Ω–∞–≥—Ä–∞–∂–¥–µ–Ω–∏—è –ø—Ä–∞–≤–æ–æ–±–ª–∞–¥–∞—Ç–µ–ª—è–º –∏–∑ –Ω–µ–¥—Ä—É–∂–µ—Å—Ç–≤–µ–Ω–Ω—ã—Ö —Å—Ç—Ä–∞–Ω –ø—Ä–æ–∏–∑–≤–æ–¥—è—Ç—Å—è —Ç–æ–ª—å–∫–æ —á–µ—Ä–µ–∑ —Å–ø–µ—Ü–∏–∞–ª—å–Ω—ã–π —Ä—É–±–ª–µ–≤—ã–π —Å—á–µ—Ç ¬´–û¬ª, –æ–±—ä—è—Å–Ω–∏–ª–∏ –≤ –ø—Ä–µ—Å—Å-—Å–ª—É–∂–±–µ –†–ê–û. –ü—Ä–∏—á–µ–º —Ç–∞–∫–æ–π —Å—á–µ—Ç –∑–∞–≤–æ–¥–∏—Ç—Å—è –ø–æ –∑–∞—è–≤–ª–µ–Ω–∏—é –ø–æ–ª—å–∑–æ–≤–∞—Ç–µ–ª—è-¬´–¥–æ–ª–∂–Ω–∏–∫–∞¬ª, –∞ –Ω–µ –ø—Ä–∞–≤–æ–æ–±–ª–∞–¥–∞—Ç–µ–ª—è. –í—ã–≤–µ—Å—Ç–∏ –¥–µ–Ω—å–≥–∏ —Å–æ —Å—á–µ—Ç–∞ –ø—Ä–∞–≤–æ–æ–±–ª–∞–¥–∞—Ç–µ–ª—å –º–æ–∂–µ—Ç —Ç–æ–ª—å–∫–æ —Å —Ä–∞–∑—Ä–µ—à–µ–Ω–∏—è –ø—Ä–∞–≤–∏—Ç–µ–ª—å—Å—Ç–≤–µ–Ω–Ω–æ–π –∫–æ–º–∏—Å—Å–∏–∏, –ø–æ—è—Å–Ω–∏–ª–∏ –≤ –†–ê–û.
[ùîº‚ÑÇùïÜ‚ÑïùïÜùïÑùïÄùïÇùî∏](https://t.me/economika)",2023-07-14,Political
–≠–∫–æ–Ω–æ–º–∏–∫–∞,"**¬´–ò–ö–° –•–æ–ª–¥–∏–Ω–≥¬ª –ø–æ–ª—É—á–∏–ª —Ä–µ–π—Ç–∏–Ω–≥ –∫—Ä–µ–¥–∏—Ç–æ—Å–ø–æ—Å–æ–±–Ω–æ—Å—Ç–∏ ruA-.

**[–ü—Ä–æ–≥–Ω–æ–∑](https://www.raexpert.ru/releases/2023/jul13d) –ø–æ —Ä–µ–π—Ç–∏–Ω–≥—É ‚Äì —Å—Ç–∞–±–∏–ª—å–Ω—ã–π. –ü–æ —à–∫–∞–ª–µ —Ä–µ–π—Ç–∏–Ω–≥–æ–≤–æ–≥–æ –∞–≥–µ–Ω—Ç—Å—Ç–≤–∞ ¬´–≠–∫—Å–ø–µ—Ä—Ç –†–ê¬ª —ç—Ç–æ —É–º–µ—Ä–µ–Ω–Ω–æ –≤—ã—Å–æ–∫–∏–π —Ä–µ–π—Ç–∏–Ω–≥, —á—Ç–æ** –æ—á–µ–Ω—å —Ö–æ—Ä–æ—à–∏–π –ø–æ–∫–∞–∑–∞—Ç–µ–ª—å **–¥–ª—è —Ä–æ—Å—Å–∏–π—Å–∫–æ–≥–æ –ø—Ä–æ–∏–∑–≤–æ–¥–∏—Ç–µ–ª—è –æ–±–æ—Ä—É–¥–æ–≤–∞–Ω–∏—è. –ù–∞–ø–æ–º–Ω–∏–º, —á—Ç–æ –≤ ¬´–ò–ö–° –•–æ–ª–¥–∏–Ω–≥¬ª –≤—Ö–æ–¥—è—Ç —Ç–∞–∫–∏–µ –∫–æ–º–ø–∞–Ω–∏–∏, –∫–∞–∫ YADRO, ¬´–¶–∏—Ç–∞–¥–µ–ª—å¬ª, ¬´–ì–∞—Ä–¥–∞¬ª, ¬´–ö—Ä–∏–ø—Ç–æ–Ω–∏—Ç¬ª –∏ ¬´–ë—é—Ä–æ 1440¬ª, –∫–æ—Ç–æ—Ä—ã–µ –∑–∞–Ω–∏–º–∞—é—Ç—Å—è —Ä–∞–∑—Ä–∞–±–æ—Ç–∫–æ–π —Ç–µ–ª–µ–∫–æ–º–º—É–Ω–∏–∫–∞—Ü–∏–æ–Ω–Ω–æ–≥–æ –æ–±–æ—Ä—É–¥–æ–≤–∞–Ω–∏—è, –∏–Ω—Ñ–æ—Ä–º–∞—Ü–∏–æ–Ω–Ω–æ–π –∏ –∫–∏–±–µ—Ä–±–µ–∑–æ–ø–∞—Å–Ω–æ—Å—Ç—å—é, –∞ —Ç–∞–∫–∂–µ —Å–ø—É—Ç–Ω–∏–∫–æ–≤–æ–π —Å–≤—è–∑—å—é.

–ê–≥–µ–Ω—Ç—Å—Ç–≤–æ –æ—Ü–µ–Ω–∏–≤–∞–µ—Ç —Ä–∏—Å–∫-–ø—Ä–æ—Ñ–∏–ª—å –æ—Ç—Ä–∞—Å–ª–∏** —É–º–µ—Ä–µ–Ω–Ω–æ –ø–æ–∑–∏—Ç–∏–≤–Ω–æ**. –†—ã–Ω–∫–∏ —Å–∏—Å—Ç–µ–º —Ö—Ä–∞–Ω–µ–Ω–∏—è –¥–∞–Ω–Ω—ã—Ö –∏ –∏–Ω—Ñ–æ—Ä–º–∞—Ü–∏–æ–Ω–Ω–æ–π –±–µ–∑–æ–ø–∞—Å–Ω–æ—Å—Ç–∏ –≤ –†–æ—Å—Å–∏–∏ —Ö–∞—Ä–∞–∫—Ç–µ—Ä–∏–∑—É—é—Ç—Å—è —Ä–∞—Å—Ç—É—â–∏–º —Å–ø—Ä–æ—Å–æ–º, –≤ –ø–µ—Ä–≤—É—é –æ—á–µ—Ä–µ–¥—å, –±–ª–∞–≥–æ–¥–∞—Ä—è –∞–∫—Ç–∏–≤–Ω–æ–π —Ü–∏—Ñ—Ä–æ–≤–∏–∑–∞—Ü–∏–∏ –∏ –≤–æ–∑—Ä–æ—Å—à–∏–º–∏ –∏–Ω–≤–µ—Å—Ç–∏—Ü–∏—è–º –≤ —Å—Ñ–µ—Ä—É –∫–∏–±–µ—Ä–±–µ–∑–æ–ø–∞—Å–Ω–æ—Å—Ç–∏. –ü–æ—Ä—Ç—Ñ–µ–ª—å –∫–æ–º–ø–∞–Ω–∏–∏ ‚Äì** –≤—ã—Å–æ–∫–æ –¥–∏–≤–µ—Ä—Å–∏—Ñ–∏—Ü–∏—Ä–æ–≤–∞–Ω–Ω—ã–π**, –∞ –ø–æ–¥—Ö–æ–¥ ¬´–ò–ö–° –•–æ–ª–¥–∏–Ω–≥–∞¬ª –∫ —Ö—Ä–∞–Ω–µ–Ω–∏—é –¥–∞–Ω–Ω—ã—Ö –æ—Ç–º–µ—á–µ–Ω –∫–∞–∫ **–≤—ã—Å–æ–∫–æ–Ω–∞–¥–µ–∂–Ω—ã–π**.",2023-07-14,Economical
–≠–∫–æ–Ω–æ–º–∏–∫–∞,"–°–µ—Ä–±–∏—è –Ω–µ –≤–≤–æ–¥–∏—Ç —Å–∞–Ω–∫—Ü–∏–∏ –ø—Ä–æ—Ç–∏–≤ –ú–æ—Å–∫–≤—ã –∏–∑ —Å–æ–æ–±—Ä–∞–∂–µ–Ω–∏–π –º–æ—Ä–∞–ª–∏, –∑–∞—è–≤–∏–ª –ø—Ä–µ–∑–∏–¥–µ–Ω—Ç —Å—Ç—Ä–∞–Ω—ã –ê–ª–µ–∫—Å–∞–Ω–¥—Ä –í—É—á–∏—á.

¬´–ú–æ—Ä–∞–ª—å–Ω–∞—è –ø–æ–∑–∏—Ü–∏—è –°–µ—Ä–±–∏–∏ –≤–∞–∂–Ω–µ–µ –≤—Å–µ–≥–æ. –ó–∞—Ä–∞–±–∞—Ç—ã–≤–∞–µ–º –º—ã –¥–µ–Ω—å–≥–∏ –Ω–∞ —ç—Ç–æ–º –∏–ª–∏ –Ω–µ—Ç? –ù–µ—Ç. –ò–º–µ–µ–º –ª–∏ –º—ã –∏–∑-–∑–∞ —ç—Ç–æ–≥–æ –º–Ω–æ–≥–æ –ø—Ä–æ–±–ª–µ–º? –î–∞, –∏–º–µ–µ–º. –£–≤–µ—Ä–µ–Ω –ª–∏ —è, —á—Ç–æ –º—ã –ø—Ä–æ–¥–µ—Ä–∂–∏–º—Å—è –∏ –¥–∞–ª—å—à–µ? –ù–µ—Ç, –Ω–µ —É–≤–µ—Ä–µ–Ω¬ª, ‚Äî —Å–∫–∞–∑–∞–ª –æ–Ω.

–í—É—á–∏—á –Ω–µ —Ä–∞–∑ –∑–∞—è–≤–ª—è–ª, —á—Ç–æ –Ω–∞ –°–µ—Ä–±–∏—é –æ–∫–∞–∑—ã–≤–∞—é—Ç –¥–∞–≤–ª–µ–Ω–∏–µ –∏–∑-–∑–∞ –æ—Ç–∫–∞–∑–∞ –≤–≤–æ–¥–∏—Ç—å —Å–∞–Ω–∫—Ü–∏–∏ –ø—Ä–æ—Ç–∏–≤ –†–æ—Å—Å–∏–∏. –û–Ω –≥–æ–≤–æ—Ä–∏–ª, —á—Ç–æ –Ω–µ –∑–Ω–∞–µ—Ç, –∫–∞–∫ –¥–æ–ª–≥–æ –°–µ—Ä–±–∏—è —Å–º–æ–∂–µ—Ç —Å–æ–ø—Ä–æ—Ç–∏–≤–ª—è—Ç—å—Å—è, –∏ –¥–æ–ø—É—Å–∫–∞–ª, —á—Ç–æ –≤ –∫–∞–∫–æ–π-—Ç–æ –º–æ–º–µ–Ω—Ç –µ–π –ø—Ä–∏–¥–µ—Ç—Å—è –ø—Ä–∏—Å–æ–µ–¥–∏–Ω–∏—Ç—å—Å—è –∫ –æ–≥—Ä–∞–Ω–∏—á–µ–Ω–∏—è–º.
[ùîº‚ÑÇùïÜ‚ÑïùïÜùïÑùïÄùïÇùî∏](https://t.me/economika)",2023-07-14,Economical
–≠–∫–æ–Ω–æ–º–∏–∫–∞,"–ê–≤—Ç–æ–í–ê–ó –≤—ã–π–¥–µ—Ç –∏–∑ –∫–∞–ø–∏—Ç–∞–ª–∞ –≥—Ä—É–ø–ø—ã ¬´–û–±—ä–µ–¥–∏–Ω–µ–Ω–Ω—ã–µ –∞–≤—Ç–æ–º–æ–±–∏–ª—å–Ω—ã–µ —Ç–µ—Ö–Ω–æ–ª–æ–≥–∏–∏¬ª (–û–ê–¢), –∫—Ä—É–ø–Ω–µ–π—à–µ–≥–æ –≤ –†–æ—Å—Å–∏–∏ –ø—Ä–æ–∏–∑–≤–æ–¥–∏—Ç–µ–ª—è –æ—Ä–∏–≥–∏–Ω–∞–ª—å–Ω—ã—Ö –∑–∞–ø—á–∞—Å—Ç–µ–π –∏ –∫–æ–º–ø–æ–Ω–µ–Ω—Ç–æ–≤ –¥–ª—è –∞–≤—Ç–æ–º–æ–±–∏–ª—å–Ω–æ–π –ø—Ä–æ–º—ã—à–ª–µ–Ω–Ω–æ—Å—Ç–∏. –û–± —ç—Ç–æ–º –∑–∞—è–≤–∏–ª –∏—Å—Ç–æ—á–Ω–∏–∫, –±–ª–∏–∑–∫–∏–π –∫ –û–ê–¢, –∏ –ø–æ–¥—Ç–≤–µ—Ä–¥–∏–ª –≤–∏—Ü–µ-–ø—Ä–µ–∑–∏–¥–µ–Ω—Ç –ê–≤—Ç–æ–í–ê–ó–∞ –ø–æ –∑–∞–∫—É–ø–∫–∞–º –ú–∏—Ö–∞–∏–ª –°–æ—Å–Ω–∏–Ω.

–ê–≤—Ç–æ–í–ê–ó —Å—Ç–∞–ª –≤–ª–∞–¥–µ–ª—å—Ü–µ–º 40% –û–ê–¢ –≤ –∫–æ–Ω—Ü–µ 2021 –≥–æ–¥–∞, –ø–æ—Å–ª–µ —Ç–æ–≥–æ –∫–∞–∫ —Å–¥–µ–ª–∫—É –æ–¥–æ–±—Ä–∏–ª–∞ –§–µ–¥–µ—Ä–∞–ª—å–Ω–∞—è –∞–Ω—Ç–∏–º–æ–Ω–æ–ø–æ–ª—å–Ω–∞—è —Å–ª—É–∂–±–∞. 

–ê–≤—Ç–æ–í–ê–ó –ø–µ—Ä–µ–¥–∞—Å—Ç 40% –ø—Ä–æ–∏–∑–≤–æ–¥–∏—Ç–µ–ª—è –∞–≤—Ç–æ–∫–æ–º–ø–æ–Ω–µ–Ω—Ç–æ–≤ –ö–ê–ú–ê–ó—É, –∫–æ—Ç–æ—Ä—ã–π –±—É–¥–µ—Ç –µ–¥–∏–Ω–æ–ª–∏—á–Ω–æ –∫–æ–Ω—Ç—Ä–æ–ª–∏—Ä–æ–≤–∞—Ç—å –≥—Ä—É–ø–ø—É.
[ùîº‚ÑÇùïÜ‚ÑïùïÜùïÑùïÄùïÇùî∏](https://t.me/economika)",2023-07-14,Economical
–≠–∫–æ–Ω–æ–º–∏–∫–∞,"–ü–æ –∏—Ç–æ–≥–∞–º 2023 –≥–æ–¥–∞ –≤ —Ä–µ–≥–∏–æ–Ω–∞—Ö –†–æ—Å—Å–∏–∏ —Å–ª–æ–∂–∏—Ç—Å—è –ø–æ–ª–æ–∂–∏—Ç–µ–ª—å–Ω—ã–π –±—é–¥–∂–µ—Ç–Ω—ã–π –∏–º–ø—É–ª—å—Å –Ω–∞ —É—Ä–æ–≤–Ω–µ 2 —Ç—Ä–ª–Ω —Ä—É–±., —Å–æ–ø–æ—Å—Ç–∞–≤–∏–º—ã–π —Å –ø–æ–∫–∞–∑–∞—Ç–µ–ª–µ–º –ø–∞–Ω–¥–µ–º–∏–π–Ω–æ–≥–æ 2020-–≥–æ. –≠—Ç–æ —Å–ª–µ–¥—É–µ—Ç –∏–∑ –∏—é–ª—å—Å–∫–æ–≥–æ –¥–æ–∫–ª–∞–¥–∞ –ë–∞–Ω–∫–∞ –†–æ—Å—Å–∏–∏ ¬´–†–µ–≥–∏–æ–Ω–∞–ª—å–Ω–∞—è —ç–∫–æ–Ω–æ–º–∏–∫–∞¬ª.

–ü–æ–¥ –±—é–¥–∂–µ—Ç–Ω—ã–º –∏–º–ø—É–ª—å—Å–æ–º –¶–ë –ø–æ–¥—Ä–∞–∑—É–º–µ–≤–∞–µ—Ç –∏–∑–º–µ–Ω–µ–Ω–∏–µ –∑–∞ –≥–æ–¥ –∞–≤—Ç–æ–Ω–æ–º–Ω–æ–≥–æ —Å–∞–ª—å–¥–æ –∫–æ–Ω—Å–æ–ª–∏–¥–∏—Ä–æ–≤–∞–Ω–Ω—ã—Ö –±—é–¥–∂–µ—Ç–æ–≤ —Ä–µ–≥–∏–æ–Ω–æ–≤ (—Å–æ–±—Å—Ç–≤–µ–Ω–Ω—ã–µ –¥–æ—Ö–æ–¥—ã –±—é–¥–∂–µ—Ç–∞, —Ç–æ –µ—Å—Ç—å –±–µ–∑ —É—á–µ—Ç–∞ –±–µ–∑–≤–æ–∑–º–µ–∑–¥–Ω—ã—Ö –ø–æ—Å—Ç—É–ø–ª–µ–Ω–∏–π –∏–∑ —Ü–µ–Ω—Ç—Ä–∞, –º–∏–Ω—É—Å –æ–±—â–∏–µ —Ä–∞—Å—Ö–æ–¥—ã), –≤–∑—è—Ç–æ–µ —Å–æ –∑–Ω–∞–∫–æ–º –º–∏–Ω—É—Å. –†–∞—Å—à–∏—Ä–µ–Ω–∏–µ —Ç–∞–∫–æ–≥–æ –∞–≤—Ç–æ–Ω–æ–º–Ω–æ–≥–æ –¥–µ—Ñ–∏—Ü–∏—Ç–∞ –æ–∑–Ω–∞—á–∞–µ—Ç —É–≤–µ–ª–∏—á–µ–Ω–∏–µ –±—é–¥–∂–µ—Ç–Ω–æ–≥–æ –∏–º–ø—É–ª—å—Å–∞. –í —ç—Ç–æ–º —Å–ª—É—á–∞–µ —Ä–µ–≥–∏–æ–Ω–∞–ª—å–Ω–∞—è –±—é–¥–∂–µ—Ç–Ω–∞—è –ø–æ–ª–∏—Ç–∏–∫–∞ –≤–Ω–æ—Å–∏—Ç –ø–æ–ª–æ–∂–∏—Ç–µ–ª—å–Ω—ã–π –≤–∫–ª–∞–¥ –≤ —Ä–∞—Å—à–∏—Ä–µ–Ω–∏–µ —ç–∫–æ–Ω–æ–º–∏—á–µ—Å–∫–æ–π –∞–∫—Ç–∏–≤–Ω–æ—Å—Ç–∏ –∏ —Å–ø—Ä–æ—Å–∞ –≤ —Ä–µ–≥–∏–æ–Ω–µ, –ø–æ—è—Å–Ω–∏–ª–∏ –≤ –ø—Ä–µ—Å—Å-—Å–ª—É–∂–±–µ –ë–∞–Ω–∫–∞ –†–æ—Å—Å–∏–∏.
[ùîº‚ÑÇùïÜ‚ÑïùïÜùïÑùïÄùïÇùî∏](https://t.me/economika)",2023-07-14,Economical
–≠–∫–æ–Ω–æ–º–∏–∫–∞,"–ï—Ä–∫–æ–∂–∞ –ê–∫—ã–ª–±–µ–∫ –ø–æ–∫–∏–Ω—É–ª –ø–æ—Å—Ç –≥–µ–Ω–µ—Ä–∞–ª—å–Ω–æ–≥–æ –¥–∏—Ä–µ–∫—Ç–æ—Ä–∞ USM, –∞ —Ç–∞–∫–∂–µ –≤—Å–µ –æ—Ä–≥–∞–Ω—ã —É–ø—Ä–∞–≤–ª–µ–Ω–∏—è –∫–æ–º–ø–∞–Ω–∏–π –≥—Ä—É–ø–ø—ã. 

–ê–∫—ã–ª–±–µ–∫ –ø–æ—á—Ç–∏ 20 –ª–µ—Ç –±—ã–ª –ø–∞—Ä—Ç–Ω–µ—Ä–æ–º KPMG –≤ –†–æ—Å—Å–∏–∏ –∏ –°–ù–ì, –∞ —Å 2020 –≥–æ–¥–∞ —Ä–∞–±–æ—Ç–∞–ª –≤ —Å—Ç—Ä—É–∫—Ç—É—Ä–∞—Ö USM. –í–æ–∑–≥–ª–∞–≤–ª—è–ª —Ö–æ–ª–¥–∏–Ω–≥ —Å –∞–ø—Ä–µ–ª—è 2022 –≥–æ–¥–∞. –£—Ö–æ–¥ –∏–∑ –∫–æ–º–ø–∞–Ω–∏–∏ –±—ã–ª —Ä–µ—à–µ–Ω–∏–º –ê–∫—ã–ª–±–µ–∫–∞, —Å–æ–æ–±—â–∞–µ—Ç –†–ë–ö.
[ùîº‚ÑÇùïÜ‚ÑïùïÜùïÑùïÄùïÇùî∏](https://t.me/economika)",2023-07-14,Political
–≠–∫–æ–Ω–æ–º–∏–∫–∞,"–ú–µ–∂–¥—É –ï–≤—Ä–æ–∫–æ–º–∏—Å—Å–∏–µ–π –∏ –ï–≤—Ä–æ–ø–µ–π—Å–∫–∏–º –¶–µ–Ω—Ç—Ä–∞–ª—å–Ω—ã–º –±–∞–Ω–∫–æ–º, –∞ —Ç–∞–∫–∂–µ –≤–Ω—É—Ç—Ä–∏ –ï–° –≤–æ–∑–Ω–∏–∫–ª–∏ —Ä–∞–∑–Ω–æ–≥–ª–∞—Å–∏—è –≤ –≤–æ–ø—Ä–æ—Å–µ –≤–≤–µ–¥–µ–Ω–∏—è –Ω–∞–ª–æ–≥–∞ –Ω–∞ –ø—Ä–∏–±—ã–ª—å –æ—Ç –∏—Å–ø–æ–ª—å–∑–æ–≤–∞–Ω–∏—è —Ä–æ—Å—Å–∏–π—Å–∫–∏—Ö –∑–∞–º–æ—Ä–æ–∂–µ–Ω–Ω—ã—Ö –∞–∫—Ç–∏–≤–æ–≤, –∏–∑-–∑–∞ —á–µ–≥–æ —Å—Ä–æ–∫–∏ –ø—Ä–∏–Ω—è—Ç–∏—è —Ä–µ—à–µ–Ω–∏—è –æ–± –∏—Å–ø–æ–ª—å–∑–æ–≤–∞–Ω–∏–∏ –∑–∞–º–æ—Ä–æ–∂–µ–Ω–Ω—ã—Ö –∞–∫—Ç–∏–≤–æ–≤ –¶–ë –†–§ –≤ –ï–° –º–æ–≥—É—Ç —Å–¥–≤–∏–Ω—É—Ç—å—Å—è, –ø–µ—Ä–µ–¥–∞–µ—Ç –∞–≥–µ–Ω—Ç—Å—Ç–≤–æ –ë–ª—É–º–±–µ—Ä–≥ —Å–æ —Å—Å—ã–ª–∫–æ–π –Ω–∞ –∏–Ω—Ñ–æ—Ä–º–∏—Ä–æ–≤–∞–Ω–Ω—ã–µ –∏—Å—Ç–æ—á–Ω–∏–∫–∏.

–†–∞–Ω–µ–µ –≥–ª–∞–≤–∞ –ï–≤—Ä–æ–∫–æ–º–∏—Å—Å–∏–∏ –£—Ä—Å—É–ª–∞ —Ñ–æ–Ω –¥–µ—Ä –õ—è–π–µ–Ω —Å–æ–æ–±—â–∞–ª–∞, —á—Ç–æ –ï–ö –¥–æ –∞–≤–≥—É—Å—Ç–∞ –≤—ã—Å—Ç—É–ø–∏—Ç —Å –∫–æ–Ω–∫—Ä–µ—Ç–Ω—ã–º –ø—Ä–µ–¥–ª–æ–∂–µ–Ω–∏–µ–º –∫ —Å—Ç—Ä–∞–Ω–∞–º —Å–æ—é–∑–∞ –ø–æ –∏—Å–ø–æ–ª—å–∑–æ–≤–∞–Ω–∏—é –∑–∞–º–æ—Ä–æ–∂–µ–Ω–Ω—ã—Ö –≤ –ï–° –∞–∫—Ç–∏–≤–æ–≤ –¶–µ–Ω—Ç—Ä–æ–±–∞–Ω–∫–∞ –†–æ—Å—Å–∏–∏ –¥–ª—è —Ñ–∏–Ω–∞–Ω—Å–∏—Ä–æ–≤–∞–Ω–∏—è –≤–æ—Å—Å—Ç–∞–Ω–æ–≤–ª–µ–Ω–∏—è –£–∫—Ä–∞–∏–Ω—ã. –ü—Ä–µ–º—å–µ—Ä-–º–∏–Ω–∏—Å—Ç—Ä –ë–µ–ª—å–≥–∏–∏ –ê–ª–µ–∫—Å–∞–Ω–¥—Ä –¥–µ –ö—Ä–æ–æ –∑–∞—è–≤–∏–ª, —á—Ç–æ –ï–≤—Ä–æ—Å–æ—é–∑ –Ω–∞–º–µ—Ä–µ–Ω –∏—Å–ø–æ–ª—å–∑–æ–≤–∞—Ç—å —Å–≤–µ—Ä—Ö–ø—Ä–∏–±—ã–ª—å –æ—Ç –≤–ª–æ–∂–µ–Ω–∏—è –∑–∞–º–æ—Ä–æ–∂–µ–Ω–Ω—ã—Ö –≤ –ï–° –∞–∫—Ç–∏–≤–æ–≤ –†–æ—Å—Å–∏–∏ –¥–ª—è –ø–æ–º–æ—â–∏ –£–∫—Ä–∞–∏–Ω–µ –∏ —Ä–∞—Å—Å—á–∏—Ç—ã–≤–∞–µ—Ç –ø–æ–ª—É—á–∞—Ç—å –Ω–µ –º–µ–Ω–µ–µ —Ç—Ä–µ—Ö –º–∏–ª–ª–∏–∞—Ä–¥–æ–≤ –µ–≤—Ä–æ –≤ –≥–æ–¥.
[ùîº‚ÑÇùïÜ‚ÑïùïÜùïÑùïÄùïÇùî∏](https://t.me/economika)",2023-07-15,Economical
–≠–∫–æ–Ω–æ–º–∏–∫–∞,"–ó–∞–ø–∞—Å—ã –∑–µ—Ä–Ω–æ–≤—ã—Ö –∏ –∑–µ—Ä–Ω–æ–±–æ–±–æ–≤—ã—Ö –∫—É–ª—å—Ç—É—Ä –≤ —Å–µ–ª—å—Ö–æ–∑–æ—Ä–≥–∞–Ω–∏–∑–∞—Ü–∏—è—Ö –†–§ (–±–µ–∑ —É—á–µ—Ç–∞ —Å—É–±—ä–µ–∫—Ç–æ–≤ –º–∞–ª–æ–≥–æ –ø—Ä–µ–¥–ø—Ä–∏–Ω–∏–º–∞—Ç–µ–ª—å—Å—Ç–≤–∞) –Ω–∞ –∫–æ–Ω–µ—Ü –∏—é–Ω—è 2023 –≥–æ–¥–∞ –≤—ã—Ä–æ—Å–ª–∏ –≤ –≥–æ–¥–æ–≤–æ–º –≤—ã—Ä–∞–∂–µ–Ω–∏–∏ –Ω–∞ 58,4%, –¥–æ 13,197 –º–∏–ª–ª–∏–æ–Ω–∞ —Ç–æ–Ω–Ω, —Å–ª–µ–¥—É–µ—Ç –∏–∑ –º–∞—Ç–µ—Ä–∏–∞–ª–æ–≤ –†–æ—Å—Å—Ç–∞—Ç–∞.

–í —Ç–æ–º —á–∏—Å–ª–µ –∑–∞–ø–∞—Å—ã –ø—à–µ–Ω–∏—Ü—ã –ø–æ –∏—Ç–æ–≥–∞–º –∏—é–Ω—è –≤—ã—Ä–æ—Å–ª–∏ –≤ –≥–æ–¥–æ–≤–æ–º –≤—ã—Ä–∞–∂–µ–Ω–∏–∏ –Ω–∞ 74,2%, –¥–æ 7,456 –º–∏–ª–ª–∏–æ–Ω–∞ —Ç–æ–Ω–Ω, –∫—É–∫—É—Ä—É–∑—ã –Ω–∞ –∑–µ—Ä–Ω–æ –≤ –ø–æ–ª–Ω–æ–π —Å–ø–µ–ª–æ—Å—Ç–∏ ‚Äî –Ω–∞ 8,1%, –¥–æ 1,168 –º–∏–ª–ª–∏–æ–Ω–∞ —Ç–æ–Ω–Ω.

–ó–∞–ø–∞—Å—ã —Å–µ–º—è–Ω –∏ –ø–ª–æ–¥–æ–≤ –º–∞—Å–ª–∏—á–Ω—ã—Ö –∫—É–ª—å—Ç—É—Ä –≤ –∏—é–Ω–µ —Ç–µ–∫—É—â–µ–≥–æ –≥–æ–¥–∞ –ø—Ä–∏–±–∞–≤–∏–ª–∏ –∫ –∏—é–Ω—é –ø—Ä–æ—à–ª–æ–≥–æ –≥–æ–¥–∞ 51,4% –∏ —Å–æ—Å—Ç–∞–≤–∏–ª–∏ 1,703 –º–∏–ª–ª–∏–æ–Ω–∞ —Ç–æ–Ω–Ω, –≤ —Ç–æ–º —á–∏—Å–ª–µ –∑–∞–ø–∞—Å—ã —Å–µ–º—è–Ω –ø–æ–¥—Å–æ–ª–Ω–µ—á–Ω–∏–∫–∞ —É–≤–µ–ª–∏—á–∏–ª–∏—Å—å –Ω–∞ 74,4%, –¥–æ 0,904 –º–∏–ª–ª–∏–æ–Ω–∞ —Ç–æ–Ω–Ω.
[ùîº‚ÑÇùïÜ‚ÑïùïÜùïÑùïÄùïÇùî∏](https://t.me/economika)",2023-07-15,Economical
–≠–∫–æ–Ω–æ–º–∏–∫–∞,"–ö–æ–º–∏—Ç–µ—Ç –ì–æ—Å–¥—É–º—ã –ø–æ –±—é–¥–∂–µ—Ç—É –∏ –Ω–∞–ª–æ–≥–∞–º –ø–æ–¥–¥–µ—Ä–∂–∞–ª –ø—Ä–µ–¥–ª–æ–∂–µ–Ω–∏–µ –ú–∏–Ω—Ñ–∏–Ω–∞ –ø–æ –∫–æ—Ä—Ä–µ–∫—Ç–∏—Ä–æ–≤–∫–µ —Ç–æ–ø–ª–∏–≤–Ω–æ–≥–æ –¥–µ–º–ø—Ñ–µ—Ä–∞, –Ω–∞–ø—Ä–∞–≤–ª–µ–Ω–Ω–æ–µ –Ω–∞ —Å–Ω–∏–∂–µ–Ω–∏–µ –≤—ã–ø–ª–∞—Ç –Ω–µ—Ñ—Ç—è–Ω–∏–∫–∞–º –Ω–∞ 50% —Å 1 —Å–µ–Ω—Ç—è–±—Ä—è —Ç–µ–∫—É—â–µ–≥–æ –≥–æ–¥–∞ –¥–æ 31 –¥–µ–∫–∞–±—Ä—è 2026 –≥–æ–¥–∞.

–î–µ–º–ø—Ñ–∏—Ä—É—é—â–∏–π –º–µ—Ö–∞–Ω–∏–∑–º –±—ã–ª —Å–æ–∑–¥–∞–Ω –¥–ª—è —Å–¥–µ—Ä–∂–∏–≤–∞–Ω–∏—è —Ü–µ–Ω –Ω–∞ —Ç–æ–ø–ª–∏–≤–æ –Ω–∞ –≤–Ω—É—Ç—Ä–µ–Ω–Ω–µ–º —Ä—ã–Ω–∫–µ –≤ –†–æ—Å—Å–∏–∏. –í –æ–±—â–∏—Ö —á–µ—Ä—Ç–∞—Ö, –µ—Å–ª–∏ —ç–∫—Å–ø–æ—Ä—Ç–Ω–∞—è —Ü–µ–Ω–∞ –±–µ–Ω–∑–∏–Ω–∞ –∏ –¥–∏–∑–µ–ª—å–Ω–æ–≥–æ —Ç–æ–ø–ª–∏–≤–∞ –≤—ã—à–µ —É—Å–ª–æ–≤–Ω–æ–π –≤–Ω—É—Ç—Ä–∏—Ä–æ—Å—Å–∏–π—Å–∫–æ–π, —Ç–æ –≥–æ—Å—É–¥–∞—Ä—Å—Ç–≤–æ –∫–æ–º–ø–µ–Ω—Å–∏—Ä—É–µ—Ç –Ω–µ—Ñ—Ç–µ–∫–æ–º–ø–∞–Ω–∏—è–º —á–∞—Å—Ç—å —ç—Ç–æ–π —Ä–∞–∑–Ω–∏—Ü—ã, —á—Ç–æ–±—ã –æ–Ω–∏ –Ω–µ –ø–æ–≤—ã—à–∞–ª–∏ —Ü–µ–Ω—ã –≤ –†–§. –ê –µ—Å–ª–∏ —Ä–æ—Å—Å–∏–π—Å–∫–∏–µ —Ü–µ–Ω—ã –≤—ã—à–µ —ç–∫—Å–ø–æ—Ä—Ç–Ω—ã—Ö, —Ç–æ –Ω–µ—Ñ—Ç—è–Ω–∏–∫–∏ –¥–µ–ª—è—Ç—Å—è —Å –≥–æ—Å—É–¥–∞—Ä—Å—Ç–≤–æ–º —á–∞—Å—Ç—å—é —Å–≤–æ–µ–π –ø—Ä–∏–±—ã–ª–∏ –æ—Ç –≤–Ω—É—Ç—Ä–µ–Ω–Ω–∏—Ö –ø—Ä–æ–¥–∞–∂ —Ç–æ–ø–ª–∏–≤–∞.
[ùîº‚ÑÇùïÜ‚ÑïùïÜùïÑùïÄùïÇùî∏](https://t.me/economika)",2023-07-15,Economical
–≠–∫–æ–Ω–æ–º–∏–∫–∞,"–õ–µ–Ω–∏–Ω—Å–∫–∏–π —Ä–∞–π–æ–Ω–Ω—ã–π —Å—É–¥ –Ø—Ä–æ—Å–ª–∞–≤–ª—è –≤–∑—ã—Å–∫–∞–ª –≤ –¥–æ—Ö–æ–¥ –†–æ—Å—Å–∏–∏ –∫–æ–Ω—Ç—Ä–æ–ª—å–Ω—ã–π –ø–∞–∫–µ—Ç –∞–∫—Ü–∏–π –ü–ê–û ¬´–¢–ì–ö-2¬ª. –¢–∞–∫–∏–º –æ–±—Ä–∞–∑–æ–º –∏—Å–∫ –ì–µ–Ω–ø—Ä–æ–∫—É—Ä–∞—Ç—É—Ä—ã –±—ã–ª —É–¥–æ–≤–ª–µ—Ç–≤–æ—Ä–µ–Ω.

–†–µ—à–µ–Ω–∏–µ –º–æ–∂–µ—Ç –±—ã—Ç—å –æ–±–∂–∞–ª–æ–≤–∞–Ω–æ –≤ —Ç–µ—á–µ–Ω–∏–µ –º–µ—Å—è—Ü–∞, —Å–æ–æ–±—â–∏–ª —Å—É–¥—å—è.

–í –∏—Å–∫–µ –ì–µ–Ω–ø—Ä–æ–∫—É—Ä–∞—Ç—É—Ä—ã –∏–¥–µ—Ç —Ä–µ—á—å –æ–± –æ–±—Ä–∞—â–µ–Ω–∏–∏ –≤ –¥–æ—Ö–æ–¥ –†–æ—Å—Å–∏–∏ –∞–∫—Ü–∏–π Kostroma Kogeneratsiya Limited, Janan Holdings Limited, Raltaka Enterprises Ltd, Litim Trading Limited, ¬´–ö–æ—Ä–µ—Å –∏–Ω–≤–µ—Å—Ç–∞¬ª, –õ–µ–æ–Ω–∏–¥–∞ –õ–µ–±–µ–¥–µ–≤–∞ –∏ ¬´–î–æ–ª–≥–æ–≤–æ–≥–æ –∞–≥–µ–Ω—Ç—Å—Ç–≤–∞¬ª.

–ê–∫—Ü–∏–∏ –¢–ì–ö-2 —Å–æ —Å—Ç–æ—Ä–æ–Ω—ã –≤—Å–µ—Ö –æ—Ç–≤–µ—Ç—á–∏–∫–æ–≤, –∫—Ä–æ–º–µ Kostroma Kogeneratsiya Limited, –Ω–∞—Ö–æ–¥—è—Ç—Å—è –≤ –¥–æ–≤–µ—Ä–∏—Ç–µ–ª—å–Ω–æ–º —É–ø—Ä–∞–≤–ª–µ–Ω–∏–∏ ¬´–°–æ–≤–ª–∏–Ω–∫–∞¬ª. –ö–æ–º–ø–∞–Ω–∏—è –≤–ª–∞–¥–µ–µ—Ç 57,8% —É—Å—Ç–∞–≤–Ω–æ–≥–æ –∫–∞–ø–∏—Ç–∞–ª–∞ –¢–ì–ö-2, Kostroma Kogeneratsiya Limited ‚Äî –µ—â–µ 23,86%. –í —Å–ø–∏—Å–∫–µ –∞—Ñ—Ñ–∏–ª–∏—Ä–æ–≤–∞–Ω–Ω—ã—Ö –ª–∏—Ü –õ–µ–±–µ–¥–µ–≤ –Ω–µ –∑–Ω–∞—á–∏—Ç—Å—è.
[ùîº‚ÑÇùïÜ‚ÑïùïÜùïÑùïÄùïÇùî∏](https://t.me/economika)",2023-07-15,Economical
–≠–∫–æ–Ω–æ–º–∏–∫–∞,"–í–ª–∞—Å—Ç–∏ –†–æ—Å—Å–∏–∏ –ø–æ—Ä—É—á–∏–ª–∏ –Ω–µ—Ñ—Ç—è–Ω—ã–º –∫–æ–º–ø–∞–Ω–∏—è–º —Å–æ–∫—Ä–∞—Ç–∏—Ç—å —ç–∫—Å–ø–æ—Ä—Ç –Ω–µ—Ñ—Ç–∏ –≤ –∞–≤–≥—É—Å—Ç–µ, —Å–æ–æ–±—â–∞–µ—Ç Reuters —Å–æ —Å—Å—ã–ª–∫–æ–π –Ω–∞ —Ç—Ä–∏ –∏—Å—Ç–æ—á–Ω–∏–∫–∞. –ü–æ –¥–∞–Ω–Ω—ã–º –∞–≥–µ–Ω—Ç—Å—Ç–≤–∞, –Ω–∞ —ç—Ç–æ–π –Ω–µ–¥–µ–ª–µ —Å–æ—Å—Ç–æ—è–ª–∞—Å—å –≤—Å—Ç—Ä–µ—á–∞ —Å —Ç–æ–ø-–º–µ–Ω–µ–¥–∂–µ—Ä–∞–º–∏ –∫–æ–º–ø–∞–Ω–∏–π, –∫–æ—Ç–æ—Ä—ã—Ö –ø–æ–ø—Ä–æ—Å–∏–ª–∏ ¬´–ø—Ä–∏–ª–æ–∂–∏—Ç—å –±–æ–ª—å—à–µ —É—Å–∏–ª–∏–π, —á—Ç–æ–±—ã –≥–∞—Ä–∞–Ω—Ç–∏—Ä–æ–≤–∞—Ç—å —Å–Ω–∏–∂–µ–Ω–∏–µ —ç–∫—Å–ø–æ—Ä—Ç–∞¬ª –≤ —Å–ª–µ–¥—É—é—â–µ–º –º–µ—Å—è—Ü–µ.

–ù–∞–∫–∞–Ω—É–Ω–µ –≤–∏—Ü–µ-–ø—Ä–µ–º—å–µ—Ä –ê–ª–µ–∫—Å–∞–Ω–¥—Ä –ù–æ–≤–∞–∫ –∑–∞—è–≤–∏–ª, —á—Ç–æ –∫–æ–º–ø–∞–Ω–∏–∏ —Å–∞–º–æ—Å—Ç–æ—è—Ç–µ–ª—å–Ω–æ –±—É–¥—É—Ç —Ä–µ—à–∞—Ç—å: –ª–∏–±–æ —Å–Ω–∏–∑–∏—Ç—å —ç–∫—Å–ø–æ—Ä—Ç, –ª–∏–±–æ –¥–æ–±—ã—á—É. ¬´–ù–æ –≤ —Ü–µ–ª–æ–º —É –Ω–∞—Å –∑–∞–¥–∞—á ‚Äî —É–º–µ–Ω—å—à–∏—Ç—å –ø–æ—Å—Ç–∞–≤–∫–∏ –Ω–∞ –º–∏—Ä–æ–≤—ã–µ —Ä—ã–Ω–∫–∏¬ª, ‚Äî —Å–∫–∞–∑–∞–ª –ù–æ–≤–∞–∫.

–î–≤–∞ –∏—Å—Ç–æ—á–Ω–∏–∫–∞ –∞–≥–µ–Ω—Ç—Å—Ç–≤–∞ —Å–æ–æ–±—â–∏–ª–∏, —á—Ç–æ —ç–∫—Å–ø–æ—Ä—Ç —Ä–æ—Å—Å–∏–π—Å–∫–æ–π –Ω–µ—Ñ—Ç–∏ –∏–∑ –∑–∞–ø–∞–¥–Ω—ã—Ö –ø–æ—Ä—Ç–æ–≤ –≤ –∞–≤–≥—É—Å—Ç–µ —Å–æ–∫—Ä–∞—Ç–∏—Ç—Å—è –ø—Ä–∏–º–µ—Ä–Ω–æ –Ω–∞ 100 —Ç—ã—Å. ‚Äî 200 —Ç—ã—Å. –±–∞—Ä—Ä–µ–ª–µ–π –≤ –¥–µ–Ω—å –ø–æ —Å—Ä–∞–≤–Ω–µ–Ω–∏—é —Å –∏—é–ª–µ–º.
[ùîº‚ÑÇùïÜ‚ÑïùïÜùïÑùïÄùïÇùî∏](https://t.me/economika)",2023-07-15,Economical
–≠–∫–æ–Ω–æ–º–∏–∫–∞,"–ö—Ä—É–ø–Ω–µ–π—à–∞—è –Ω–µ—Ñ—Ç–µ—Å–µ—Ä–≤–∏—Å–Ω–∞—è –∫–æ–º–ø–∞–Ω–∏—è SLB (—Ä–∞–Ω–µ–µ Schlumberger) –æ–±—ä—è–≤–∏–ª–∞ –æ –ø—Ä–µ–∫—Ä–∞—â–µ–Ω–∏–∏ –ø–æ—Å—Ç–∞–≤–æ–∫ –ø—Ä–æ–¥—É–∫—Ü–∏–∏ –∏ —Ç–µ—Ö–Ω–æ–ª–æ–≥–∏–π –≤ –†–æ—Å—Å–∏—é —Å–æ –≤—Å–µ—Ö —Å–≤–æ–∏—Ö –ø—Ä–µ–¥–ø—Ä–∏—è—Ç–∏–π –ø–æ –≤—Å–µ–º—É –º–∏—Ä—É –≤ —Å–≤—è–∑–∏ —Å —É–∂–µ—Å—Ç–æ—á–µ–Ω–∏–µ–º –º–µ–∂–¥—É–Ω–∞—Ä–æ–¥–Ω—ã—Ö —Å–∞–Ω–∫—Ü–∏–π, —Å–æ–æ–±—â–∞–µ—Ç—Å—è –Ω–∞ —Å–∞–π—Ç–µ SLB. –î–æ —ç—Ç–æ–≥–æ –∫–æ–º–ø–∞–Ω–∏—è –æ–≥—Ä–∞–Ω–∏—á–∏–ª–∞ –ø–æ—Å—Ç–∞–≤–∫–∏ –∏–∑ –°–®–ê, –í–µ–ª–∏–∫–æ–±—Ä–∏—Ç–∞–Ω–∏–∏, –ï–° –∏ –ö–∞–Ω–∞–¥—ã.

¬´SLB –≤—Å–µ—Ä—å–µ–∑ –æ—Ç–Ω–æ—Å–∏—Ç—Å—è –∫ —Å–æ–±–ª—é–¥–µ–Ω–∏—é –∑–∞–∫–æ–Ω–æ–≤ –æ–± —ç–∫—Å–ø–æ—Ä—Ç–Ω–æ–º –∫–æ–Ω—Ç—Ä–æ–ª–µ –∏ —ç–∫–æ–Ω–æ–º–∏—á–µ—Å–∫–∏—Ö —Å–∞–Ω–∫—Ü–∏—è—Ö –∏ –ø–æ-–ø—Ä–µ–∂–Ω–µ–º—É –ø–æ–¥–¥–µ—Ä–∂–∏–≤–∞–µ—Ç –º–µ–∂–¥—É–Ω–∞—Ä–æ–¥–Ω–æ–µ —Å–æ–æ–±—â–µ—Å—Ç–≤–æ¬ª, ‚Äî –≥–æ–≤–æ—Ä–∏—Ç—Å—è –≤ —Å–æ–æ–±—â–µ–Ω–∏–∏. –í SLB –¥–æ–±–∞–≤–∏–ª–∏, —á—Ç–æ –ø—Ä–∏–∑—ã–≤–∞—é—Ç –∫ –ø—Ä–µ–∫—Ä–∞—â–µ–Ω–∏—é –±–æ–µ–≤—ã—Ö –¥–µ–π—Å—Ç–≤–∏–π –Ω–∞ –£–∫—Ä–∞–∏–Ω–µ.

–° –º–∞—Ä—Ç–∞ 2022 –≥–æ–¥–∞ –∫–æ–º–ø–∞–Ω–∏—è –ø—Ä–µ–¥–ø—Ä–∏–Ω–∏–º–∞–µ—Ç —à–∞–≥–∏ –ø–æ —Å–æ–∫—Ä–∞—â–µ–Ω–∏—é —Å–≤–æ–µ–π –¥–µ—è—Ç–µ–ª—å–Ω–æ—Å—Ç–∏ –≤ –†–æ—Å—Å–∏–∏ –∏ –æ–≥—Ä–∞–Ω–∏—á–µ–Ω–∏—é –∏–Ω–≤–µ—Å—Ç–∏—Ü–∏–π –∏ –Ω–æ–≤—ã—Ö —Ç–µ—Ö–Ω–æ–ª–æ–≥–∏–π, –æ—Ç–º–µ—Ç–∏–ª–∏ —Ç–∞–º.
[ùîº‚ÑÇùïÜ‚ÑïùïÜùïÑùïÄùïÇùî∏](https://t.me/economika)",2023-07-15,Economical
–≠–∫–æ–Ω–æ–º–∏–∫–∞,"–ì–ª–∞–≤–Ω–æ–∫–æ–º–∞–Ω–¥—É—é—â–∏–π –í–æ–æ—Ä—É–∂–µ–Ω–Ω—ã–º–∏ —Å–∏–ª–∞–º–∏ –£–∫—Ä–∞–∏–Ω—ã –≥–µ–Ω–µ—Ä–∞–ª –í–∞–ª–µ—Ä–∏–π –ó–∞–ª—É–∂–Ω—ã–π –∑–∞—è–≤–∏–ª, —á—Ç–æ –ø—Ä–∏–º–µ–Ω—è–µ—Ç –æ—Ä—É–∂–∏–µ —É–∫—Ä–∞–∏–Ω—Å–∫–æ–≥–æ –ø—Ä–æ–∏–∑–≤–æ–¥—Å—Ç–≤–∞ –¥–ª—è —É–¥–∞—Ä–æ–≤ ¬´—á–µ—Ä–µ–∑ –≥—Ä–∞–Ω–∏—Ü—É¬ª –∏ –Ω–µ –±—É–¥–µ—Ç –Ω–∏ —É –∫–æ–≥–æ —Å–ø—Ä–∞—à–∏–≤–∞—Ç—å —Ä–∞–∑—Ä–µ—à–µ–Ω–∏—è. –•–æ—Ç—è —Å—Ç—Ä–∞–Ω—ã, –ø–æ—Å—Ç–∞–≤–ª—è—é—â–∏–µ —Å–≤–æ–∏ –≤–æ–æ—Ä—É–∂–µ–Ω–∏—è, –ø–æ—Å—Ç–∞–≤–∏–ª–∏ —É—Å–ª–æ–≤–∏–µ: –Ω–µ –∏—Å–ø–æ–ª—å–∑–æ–≤–∞—Ç—å –∏—Ö –¥–ª—è –Ω–∞–Ω–µ—Å–µ–Ω–∏—è —É–¥–∞—Ä–æ–≤ –ø–æ —Ç–µ—Ä—Ä–∏—Ç–æ—Ä–∏–∏ –†–æ—Å—Å–∏–∏.

¬´–ß—Ç–æ–±—ã —Å–ø–∞—Å—Ç–∏ —Å–≤–æ–π –Ω–∞—Ä–æ–¥, –ø–æ—á–µ–º—É —è –¥–æ–ª–∂–µ–Ω —Å–ø—Ä–∞—à–∏–≤–∞—Ç—å —É –∫–æ–≥–æ-—Ç–æ —Ä–∞–∑—Ä–µ—à–µ–Ω–∏—è, —á—Ç–æ –¥–µ–ª–∞—Ç—å –Ω–∞ –≤—Ä–∞–∂–µ—Å–∫–æ–π —Ç–µ—Ä—Ä–∏—Ç–æ—Ä–∏–∏?¬ª ‚Äî —Å–∫–∞–∑–∞–ª –ó–∞–ª—É–∂–Ω—ã–π. ¬´–≠—Ç–æ –Ω–∞—à–∞ –ø—Ä–æ–±–ª–µ–º–∞ –∏ —ç—Ç–æ –Ω–∞–º —Ä–µ—à–∞—Ç—å, –∫–∞–∫ —É–±–∏—Ç—å —ç—Ç–æ–≥–æ –≤—Ä–∞–≥–∞¬ª, ‚Äî –¥–æ–±–∞–≤–∏–ª –æ–Ω.

–ï—Å–ª–∏ –ø–∞—Ä—Ç–Ω–µ—Ä—ã –±–æ—è—Ç—Å—è –ø—Ä–∏–º–µ–Ω—è—Ç—å —Å–≤–æ–µ –æ—Ä—É–∂–∏–µ, –£–∫—Ä–∞–∏–Ω–∞ ¬´–±—É–¥–µ—Ç —É–±–∏–≤–∞—Ç—å —Å–≤–æ–∏–º, –Ω–æ —Ä–æ–≤–Ω–æ —Å—Ç–æ–ª—å–∫–æ, —Å–∫–æ–ª—å–∫–æ –Ω–µ–æ–±—Ö–æ–¥–∏–º–æ¬ª, –ø–æ–¥—á–µ—Ä–∫–Ω—É–ª –≥–µ–Ω–µ—Ä–∞–ª.
[ùîº‚ÑÇùïÜ‚ÑïùïÜùïÑùïÄùïÇùî∏](https://t.me/economika)",2023-07-15,Political
–≠–∫–æ–Ω–æ–º–∏–∫–∞,"–†–µ—à–µ–Ω–∏–µ –ø—Ä–µ–∑–∏–¥–µ–Ω—Ç–∞ –°–®–ê –î–∂–æ –ë–∞–π–¥–µ–Ω–∞ –æ–± –æ—Ç–ø—Ä–∞–≤–∫–µ –¥–æ–ø–æ–ª–Ω–∏—Ç–µ–ª—å–Ω—ã—Ö –∞—Ä–º–µ–π—Å–∫–∏—Ö —Ä–µ–∑–µ—Ä–≤–∏—Å—Ç–æ–≤ –≤ –ï–≤—Ä–æ–ø—É ‚Äî –ø–æ–¥–≥–æ—Ç–æ–≤–∫–∞ –∫ –≤–æ–π–Ω–µ —Å –†–æ—Å—Å–∏–µ–π, –∑–∞—è–≤–∏–ª –∫–∞–Ω–¥–∏–¥–∞—Ç –≤ –ø—Ä–µ–∑–∏–¥–µ–Ω—Ç—ã –°–®–ê –†–æ–±–µ—Ä—Ç –ö–µ–Ω–Ω–µ–¥–∏-–º–ª–∞–¥—à–∏–π.

¬´–ë–∞–π–¥–µ–Ω —Ç–æ–ª—å–∫–æ —á—Ç–æ –ø—Ä–∏–∑–≤–∞–ª —Ç—Ä–∏ —Ç—ã—Å—è—á–∏ —Ä–µ–∑–µ—Ä–≤–∏—Å—Ç–æ–≤, —á—Ç–æ–±—ã —Ä–∞—Å—à–∏—Ä–∏—Ç—å —Å–∏–ª—ã –°–®–ê –≤ –ï–≤—Ä–æ–ø–µ –≤ –∫–∞—á–µ—Å—Ç–≤–µ —á–∞—Å—Ç–∏ –æ–ø–µ—Ä–∞—Ü–∏–∏ ¬´–ê—Ç–ª–∞–Ω—Ç–∏—á–µ—Å–∫–∞—è —Ä–µ—à–∏–º–æ—Å—Ç—å¬ª. –Ø —Ö–æ—á—É, —á—Ç–æ–±—ã –ª—é–¥–∏ –ø–æ–Ω–∏–º–∞–ª–∏, —á—Ç–æ —ç—Ç–æ –∑–∞ –º–æ–±–∏–ª–∏–∑–∞—Ü–∏—è. –≠—Ç–æ –ø–æ–¥–≥–æ—Ç–æ–≤–∫–∞ –∫ –Ω–∞–∑–µ–º–Ω–æ–π –≤–æ–π–Ω–µ —Å –†–æ—Å—Å–∏–µ–π¬ª, ‚Äî –Ω–∞–ø–∏—Å–∞–ª –æ–Ω.

–†–µ—à–µ–Ω–∏–µ –ë–∞–π–¥–µ–Ω–∞ —Ç–∞–∫–∂–µ —Ä–∞—Å–∫—Ä–∏—Ç–∏–∫–æ–≤–∞–ª –¥—Ä—É–≥–æ–π –∫–∞–Ω–¥–∏–¥–∞—Ç –Ω–∞ –≤—ã–±–æ—Ä–∞—Ö –∏ —ç–∫—Å-–ø—Ä–µ–∑–∏–¥–µ–Ω—Ç –°–®–ê –î–æ–Ω–∞–ª—å–¥ –¢—Ä–∞–º–ø –≤ —Å–æ—Ü—Å–µ—Ç–∏ Truth Social. ¬´–ü–æ—Å–ª–µ–¥–Ω–µ–µ, —á—Ç–æ –¥–æ–ª–∂–Ω–∞ –¥–µ–ª–∞—Ç—å –µ–≥–æ –Ω–µ–∫–æ–º–ø–µ—Ç–µ–Ω—Ç–Ω–∞—è –∞–¥–º–∏–Ω–∏—Å—Ç—Ä–∞—Ü–∏—è ‚Äî —ç—Ç–æ –ø–æ–¥—Ç–∞–ª–∫–∏–≤–∞—Ç—å –Ω–∞—Å –∫ —Ç—Ä–µ—Ç—å–µ–π –º–∏—Ä–æ–≤–æ–π –≤–æ–π–Ω–µ¬ª, ‚Äî –Ω–∞–ø–∏—Å–∞–ª –¢—Ä–∞–º–ø.
[ùîº‚ÑÇùïÜ‚ÑïùïÜùïÑùïÄùïÇùî∏](https://t.me/economika)",2023-07-15,Political
–≠–∫–æ–Ω–æ–º–∏–∫–∞,"–ü–æ—Å–æ–ª—å—Å—Ç–≤–æ –†–æ—Å—Å–∏–∏ –≤ –°–®–ê —Å–ª–µ–¥–∏—Ç –∑–∞ —Å–∏—Ç—É–∞—Ü–∏–µ–π —Å —ç–∫—Å—Ç—Ä–∞–¥–∏—Ä–æ–≤–∞–Ω–Ω—ã–º –≤ –°–®–ê –∏–∑ –≠—Å—Ç–æ–Ω–∏–∏ —Ä–æ—Å—Å–∏—è–Ω–∏–Ω–æ–º –í–∞–¥–∏–º–æ–º –ö–æ–Ω–æ—â–µ–Ω–∫–æ–º, —Å–æ–æ–±—â–∞–µ—Ç—Å—è —Å–æ —Å—Å—ã–ª–∫–æ–π –Ω–∞ –∑–∞–≤–µ–¥—É—é—â—É—é –∫–æ–Ω—Å—É–ª—å—Å–∫–∏–º –æ—Ç–¥–µ–ª–æ–º –ø–æ—Å–æ–ª—å—Å—Ç–≤–∞ –ù–∞–¥–µ–∂–¥—É –®—É–º–æ–≤—É.

13 –∏—é–ª—è –≥—Ä–∞–∂–¥–∞–Ω–∏–Ω–∞ –†–æ—Å—Å–∏–∏ –í–∞–¥–∏–º–∞ –ö–æ–Ω–æ—â–µ–Ω–æ–∫–∞, –∑–∞–¥–µ—Ä–∂–∞–Ω–Ω–æ–≥–æ –≤ –≠—Å—Ç–æ–Ω–∏–∏, —ç–∫—Å—Ç—Ä–∞–¥–∏—Ä–æ–≤–∞–ª–∏ –≤ –°–®–ê –Ω–∞ –æ—Å–Ω–æ–≤–∞–Ω–∏–∏ –æ—Ä–¥–µ—Ä–∞, –≤—ã–¥–∞–Ω–Ω–æ–≥–æ –≤ –í–æ—Å—Ç–æ—á–Ω–æ–º –æ–∫—Ä—É–≥–µ –ù—å—é-–ô–æ—Ä–∫–∞.

–í –ú–∏–Ω—é—Å—Ç–µ –°–®–ê –æ—Ç–º–µ—Ç–∏–ª–∏, —á—Ç–æ —Ä–æ—Å—Å–∏—è–Ω–∏–Ω ¬´–±—ã–ª –≤–∞–∂–Ω—ã–º —É—á–∞—Å—Ç–Ω–∏–∫–æ–º —Å—Ö–µ–º—ã –ø–æ –ø—Ä–µ–¥–æ—Å—Ç–∞–≤–ª–µ–Ω–∏—é —Å–µ–∫—Ä–µ—Ç–Ω–æ–π —ç–ª–µ–∫—Ç—Ä–æ–Ω–∏–∫–∏ –∏ –±–æ–µ–ø—Ä–∏–ø–∞—Å–æ–≤ –∞–º–µ—Ä–∏–∫–∞–Ω—Å–∫–æ–≥–æ –ø—Ä–æ–∏–∑–≤–æ–¥—Å—Ç–≤–∞ –≤ –ø–æ–¥–¥–µ—Ä–∂–∫—É –≤–æ–µ–Ω–Ω—ã—Ö —É—Å–∏–ª–∏–π –†–æ—Å—Å–∏–∏¬ª. –¢–∞–º —É–∫–∞–∑–∞–ª–∏, —á—Ç–æ –ö–æ–Ω–æ—â–µ–Ω–æ–∫ –Ω–∞—Ä—É—à–∏–ª —ç–∫—Å–ø–æ—Ä—Ç–Ω—ã–π –∫–æ–Ω—Ç—Ä–æ–ª—å –°–®–ê, —ç–∫–æ–Ω–æ–º–∏—á–µ—Å–∫–∏–µ —Å–∞–Ω–∫—Ü–∏–∏ –∏ –¥—Ä—É–≥–∏–µ –∞–º–µ—Ä–∏–∫–∞–Ω—Å–∫–∏–µ —É–≥–æ–ª–æ–≤–Ω—ã–µ –∑–∞–∫–æ–Ω—ã. –í —Å–ª—É—á–∞–µ –ø—Ä–∏–∑–Ω–∞–Ω–∏—è –≤–∏–Ω—ã –µ–º—É –≥—Ä–æ–∑–∏—Ç –¥–æ 30 –ª–µ—Ç —Ç—é—Ä—å–º—ã.
[ùîº‚ÑÇùïÜ‚ÑïùïÜùïÑùïÄùïÇùî∏](https://t.me/economika)",2023-07-15,Political
–≠–∫–æ–Ω–æ–º–∏–∫–∞,"–ë–µ–¥–Ω–µ–π—à–∏–µ —Å—Ç—Ä–∞–Ω—ã –∏ —Å—Ç—Ä–∞–Ω—ã —Å –¥–æ—Ö–æ–¥–æ–º –Ω–∏–∂–µ —Å—Ä–µ–¥–Ω–µ–≥–æ –ø–æ–ª—É—á–∏–ª–∏ –ª–∏—à—å 10 –ø—Ä–æ—Ü–µ–Ω—Ç–æ–≤ –∫—É–∫—É—Ä—É–∑—ã –∏ 40 –ø—Ä–æ—Ü–µ–Ω—Ç–æ–≤ –ø—à–µ–Ω–∏—Ü—ã, –æ—Ç–ø—Ä–∞–≤–ª–µ–Ω–Ω—ã—Ö –≤ —Ä–∞–º–∫–∞—Ö –∑–µ—Ä–Ω–æ–≤–æ–π —Å–¥–µ–ª–∫–∏, –∑–∞—è–≤–∏–ª. –ö–æ–æ—Ä–¥–∏–Ω–∞—Ü–∏–æ–Ω–Ω—ã–π —Ü–µ–Ω—Ç—Ä –û–û–ù –≤ –°—Ç–∞–º–±—É–ª–µ. 

–í —Å—É–±–±–æ—Ç—É –ø—Ä–µ–∑–∏–¥–µ–Ω—Ç –†–æ—Å—Å–∏–∏ –í–ª–∞–¥–∏–º–∏—Ä –ü—É—Ç–∏–Ω –∑–∞—è–≤–∏–ª –ø—Ä–µ–∑–∏–¥–µ–Ω—Ç—É –Æ–ê–† –°–∏—Ä–∏–ª—É –†–∞–º–∞—Ñ–æ—Å–µ, —á—Ç–æ –æ–±—è–∑–∞—Ç–µ–ª—å—Å—Ç–≤–∞ –æ–± —É—Å—Ç—Ä–∞–Ω–µ–Ω–∏–∏ –ø—Ä–µ–ø—è—Ç—Å—Ç–≤–∏–π –¥–ª—è —ç–∫—Å–ø–æ—Ä—Ç–∞ —Ä–æ—Å—Å–∏–π—Å–∫–æ–≥–æ –ø—Ä–æ–¥–æ–≤–æ–ª—å—Å—Ç–≤–∏—è –∏ —É–¥–æ–±—Ä–µ–Ω–∏–π –Ω–µ –≤—ã–ø–æ–ª–Ω–µ–Ω—ã. –ü—É—Ç–∏–Ω –≤ —Ö–æ–¥–µ —Ä–∞–∑–≥–æ–≤–æ—Ä–∞ —Ç–∞–∫–∂–µ –ø–æ–¥—á–µ—Ä–∫–Ω—É–ª, —á—Ç–æ –≥–ª–∞–≤–Ω–∞—è —Ü–µ–ª—å —Å–¥–µ–ª–∫–∏, –∞ –∏–º–µ–Ω–Ω–æ –ø–æ—Å—Ç–∞–≤–∫–∏ –∑–µ—Ä–Ω–∞ –Ω—É–∂–¥–∞—é—â–∏–º—Å—è —Å—Ç—Ä–∞–Ω–∞–º, –≤ —Ç–æ–º —á–∏—Å–ª–µ –Ω–∞ –∞—Ñ—Ä–∏–∫–∞–Ω—Å–∫–æ–º –∫–æ–Ω—Ç–∏–Ω–µ–Ω—Ç–µ, —Ç–∞–∫ –∏ –Ω–µ –±—ã–ª–∞ —Ä–µ–∞–ª–∏–∑–æ–≤–∞–Ω–∞.
[ùîº‚ÑÇùïÜ‚ÑïùïÜùïÑùïÄùïÇùî∏](https://t.me/economika)",2023-07-16,Economical
–≠–∫–æ–Ω–æ–º–∏–∫–∞,"–ò–Ω–¥–∏—è –∏ –û–ê–≠ –≤—ã—Ä–∞–∑–∏–ª–∏ –∑–∞–∏–Ω—Ç–µ—Ä–µ—Å–æ–≤–∞–Ω–Ω–æ—Å—Ç—å –≤ –∏–Ω—Ç–µ–≥—Ä–∞—Ü–∏–∏ –ø–ª–∞—Ç–µ–∂–Ω—ã—Ö —Å–∏—Å—Ç–µ–º –æ–±–µ–∏—Ö —Å—Ç—Ä–∞–Ω, —Å–∫–∞–∑–∞–Ω–æ –≤ —Å–æ–≤–º–µ—Å—Ç–Ω–æ–º –∑–∞—è–≤–ª–µ–Ω–∏–∏ –ø–æ –∏—Ç–æ–≥–∞–º –ø–µ—Ä–µ–≥–æ–≤–æ—Ä–æ–≤ –ø—Ä–µ–º—å–µ—Ä-–º–∏–Ω–∏—Å—Ç—Ä–∞ –ò–Ω–¥–∏–∏ –ù–∞—Ä–µ–Ω–¥—Ä—ã –ú–æ–¥–∏ –∏ –ø—Ä–µ–∑–∏–¥–µ–Ω—Ç–∞ –û–ê–≠ –ú—É—Ö–∞–º–º–µ–¥–∞ –±–µ–Ω –ó–∞–∏–¥–∞ –ê–ª—å –ù–∞—Ö–∞–π—è–Ω–∞ –≤ –ê–±—É-–î–∞–±–∏.

""–õ–∏–¥–µ—Ä—ã –æ–±—Å—É–¥–∏–ª–∏, —á—Ç–æ —Ä–∞–∑–≤–∏—Ç–∏–µ —Å–∏—Å—Ç–µ–º—ã —Ä–∞—Å—á–µ—Ç–æ–≤ –≤ –º–µ—Å—Ç–Ω–æ–π –≤–∞–ª—é—Ç–µ –º–µ–∂–¥—É –¥–≤—É–º—è —Å—Ç—Ä–∞–Ω–∞–º–∏ –¥–ª—è —É—Ä–µ–≥—É–ª–∏—Ä–æ–≤–∞–Ω–∏—è –¥–≤—É—Å—Ç–æ—Ä–æ–Ω–Ω–µ–π —Ç–æ—Ä–≥–æ–≤–ª–∏ —è–≤–ª—è–µ—Ç—Å—è –æ—Ç—Ä–∞–∂–µ–Ω–∏–µ–º –≤–∑–∞–∏–º–Ω–æ–≥–æ –¥–æ–≤–µ—Ä–∏—è. –ë–æ–ª–µ–µ —Ç–æ–≥–æ, —ç—Ç–æ –ø–æ–¥—á–µ—Ä–∫–∏–≤–∞–µ—Ç —É—Å—Ç–æ–π—á–∏–≤–æ—Å—Ç—å —ç–∫–æ–Ω–æ–º–∏–∫ –æ–±–µ–∏—Ö —Å—Ç—Ä–∞–Ω –∏ —É–∫—Ä–µ–ø–ª—è–µ—Ç —ç–∫–æ–Ω–æ–º–∏—á–µ—Å–∫–æ–µ –≤–∑–∞–∏–º–æ–¥–µ–π—Å—Ç–≤–∏–µ –º–µ–∂–¥—É –û–ê–≠ –∏ –ò–Ω–¥–∏–µ–π. –õ–∏–¥–µ—Ä—ã –≤—ã—Ä–∞–∑–∏–ª–∏ –∑–∞–∏–Ω—Ç–µ—Ä–µ—Å–æ–≤–∞–Ω–Ω–æ—Å—Ç—å –≤ —É–∫—Ä–µ–ø–ª–µ–Ω–∏–∏ —Å–æ—Ç—Ä—É–¥–Ω–∏—á–µ—Å—Ç–≤–∞ –≤ –æ–±–ª–∞—Å—Ç–∏ –ø–ª–∞—Ç–µ–∂–Ω—ã—Ö —Å–∏—Å—Ç–µ–º –ø—É—Ç–µ–º –æ–±–µ—Å–ø–µ—á–µ–Ω–∏—è –∏–Ω—Ç–µ–≥—Ä–∞—Ü–∏–∏ –º–µ–∂–¥—É –∏—Ö —Å–∏—Å—Ç–µ–º–∞–º–∏ –º–≥–Ω–æ–≤–µ–Ω–Ω—ã—Ö –ø–ª–∞—Ç–µ–∂–µ–π –¥–ª—è –±–æ–ª–µ–µ —ç—Ñ—Ñ–µ–∫—Ç–∏–≤–Ω–æ–π –æ–±—Ä–∞–±–æ—Ç–∫–∏ —Ç—Ä–∞–Ω—Å–≥—Ä–∞–Ω–∏—á–Ω—ã—Ö —Ç—Ä–∞–Ω–∑–∞–∫—Ü–∏–π –º–µ–∂–¥—É –û–ê–≠ –∏ –ò–Ω–¥–∏–µ–π"", ‚Äî –≥–æ–≤–æ—Ä–∏—Ç—Å—è –≤ –∑–∞—è–≤–ª–µ–Ω–∏–∏, —Ä–∞–∑–º–µ—â–µ–Ω–Ω–æ–º –Ω–∞ —Å–∞–π—Ç–µ –ú–ò–î –ò–Ω–¥–∏–∏.
[ùîº‚ÑÇùïÜ‚ÑïùïÜùïÑùïÄùïÇùî∏](https://t.me/economika)",2023-07-16,Economical
–≠–∫–æ–Ω–æ–º–∏–∫–∞,"–ó–∞ –≤—Ä–µ–º—è –¥–µ–π—Å—Ç–≤–∏—è —á–µ—Ä–Ω–æ–º–æ—Ä—Å–∫–æ–π –∏–Ω–∏—Ü–∏–∞—Ç–∏–≤—ã, –æ–¥–Ω–∞ –∏–∑ —á–∞—Å—Ç–µ–π –∫–æ—Ç–æ—Ä–æ–≥–æ –ø–æ–¥—Ä–∞–∑—É–º–µ–≤–∞–µ—Ç —Å–æ–¥–µ–π—Å—Ç–≤–∏–µ –≤ —ç–∫—Å–ø–æ—Ä—Ç–µ —Ä–æ—Å—Å–∏–π—Å–∫–∏—Ö —É–¥–æ–±—Ä–µ–Ω–∏–π, –Ω–µ –±—ã–ª–æ –æ—Ç–ø—Ä–∞–≤–ª–µ–Ω–æ –Ω–∏ –æ–¥–Ω–æ–≥–æ —Å—É–¥–Ω–∞ —Å —ç—Ç–∏–º –≥—Ä—É–∑–æ–º –∏–∑ –†–æ—Å—Å–∏–∏, –∑–∞—è–≤–∏–ª–∏ –≤ —Å–æ–∑–¥–∞–Ω–Ω–æ–º –≤ —Ä–∞–º–∫–∞—Ö —Å–¥–µ–ª–∫–∏ –ö–æ–æ—Ä–¥–∏–Ω–∞—Ü–∏–æ–Ω–Ω–æ–º —Ü–µ–Ω—Ç—Ä–µ –û–û–ù.

–í —Ü–µ–Ω—Ç—Ä–µ –¥–æ —ç—Ç–æ–≥–æ –æ—Ç–º–µ—á–∞–ª–∏, —á—Ç–æ —ç–∫—Å–ø–æ—Ä—Ç —Ä–æ—Å—Å–∏–π—Å–∫–æ–≥–æ –∞–º–º–∏–∞–∫–∞ –≤ —Ä–∞–º–∫–∞—Ö –∏–Ω–∏—Ü–∏–∞—Ç–∏–≤—ã –±—É–¥–µ—Ç –∑–∞–≤–∏—Å–µ—Ç—å –æ—Ç –≤–æ–∑–æ–±–Ω–æ–≤–ª–µ–Ω–∏—è —Ä–∞–±–æ—Ç—ã –∞–º–º–∏–∞–∫–æ–ø—Ä–æ–≤–æ–¥–∞ –¢–æ–ª—å—è—Ç—Ç–∏ ‚Äî –û–¥–µ—Å—Å–∞, –ø–æ –∫–æ—Ç–æ—Ä–æ–º—É –ø—Ä–æ–¥—É–∫—Ü–∏—è –ø–æ—Å—Ç—É–ø–∞–ª–∞ –≤ —É–∫—Ä–∞–∏–Ω—Å–∫–∏–π –ø–æ—Ä—Ç –Æ–∂–Ω—ã–π. –≠—Ç–æ—Ç –ø–æ—Ä—Ç —è–≤–ª—è–µ—Ç—Å—è –æ–¥–Ω–æ–π –∏–∑ –≥–∞–≤–∞–Ω–µ–π, –æ—Ç–∫—É–¥–∞ –≤ —Ä–∞–º–∫–∞—Ö —Å–¥–µ–ª–∫–∏ –æ—Ç–ø—Ä–∞–≤–ª—è—é—Ç—Å—è —Å—É–¥–∞ —Å –∑–µ—Ä–Ω–æ–º. –ê–º–º–∏–∞–∫–æ–ø—Ä–æ–≤–æ–¥ –±—ã–ª –ø–æ–≤—Ä–µ–∂–¥–µ–Ω –≤ –Ω–∞—á–∞–ª–µ –∏—é–Ω—è, ¬´–µ–≥–æ —Ç–µ–∫—É—â–µ–µ —Å–æ—Å—Ç–æ—è–Ω–∏–µ –Ω–µ–∏–∑–≤–µ—Å—Ç–Ω–æ¬ª, –¥–æ–±–∞–≤–∏–ª–∏ –≤ –û–û–ù.
[ùîº‚ÑÇùïÜ‚ÑïùïÜùïÑùïÄùïÇùî∏](https://t.me/economika)",2023-07-16,Economical
–≠–∫–æ–Ω–æ–º–∏–∫–∞,"–Æ–∂–Ω–∞—è –ö–æ—Ä–µ—è –Ω–∞—á–∞–ª–∞ –ø–µ—Ä–µ–¥–∞–≤–∞—Ç—å –£–∫—Ä–∞–∏–Ω–µ —Ç—Ä–∞–Ω—Å–ø–æ—Ä—Ç –∏ —Ç–µ—Ö–Ω–∏–∫—É —Å–ø–µ—Ü–Ω–∞–∑–Ω–∞—á–µ–Ω–∏—è. –û–± —ç—Ç–æ–º —Å–æ–æ–±—â–∏–ª –ø—Ä–µ–∑–∏–¥–µ–Ω—Ç –£–∫—Ä–∞–∏–Ω—ã –í–ª–∞–¥–∏–º–∏—Ä –ó–µ–ª–µ–Ω—Å–∫–∏–π –Ω–∞ —Å–æ–≤–º–µ—Å—Ç–Ω–æ–π –ø—Ä–µ—Å—Å-–∫–æ–Ω—Ñ–µ—Ä–µ–Ω—Ü–∏–∏ —Å –ª–∏–¥–µ—Ä–æ–º –Æ–∂–Ω–æ–π –ö–æ—Ä–µ–∏ –Æ–Ω –°–æ–∫ –Å–ª–µ–º.

¬´–° —Ä–∞–¥–æ—Å—Ç—å—é –º–æ–≥—É –∫–æ–Ω—Å—Ç–∞—Ç–∏—Ä–æ–≤–∞—Ç—å, —á—Ç–æ —É–∂–µ –≤—ã–ø–æ–ª–Ω—è–µ—Ç—Å—è –¥–æ–≥–æ–≤–æ—Ä–µ–Ω–Ω–æ—Å—Ç—å –æ –ø–µ—Ä–µ–¥–∞—á–µ —Ç—Ä–∞–Ω—Å–ø–æ—Ä—Ç–∞ –∏ —Ç–µ—Ö–Ω–∏–∫–∏ —Å–ø–µ—Ü–∏–∞–ª—å–Ω–æ–≥–æ –Ω–∞–∑–Ω–∞—á–µ–Ω–∏—è, –≤ —á–∞—Å—Ç–Ω–æ—Å—Ç–∏ –º–∞—à–∏–Ω –¥–ª—è —Ä–∞–∑–º–∏–Ω–∏—Ä–æ–≤–∞–Ω–∏—è. –≠—Ç–æ –ø–æ–º–æ–≥–∞–µ—Ç –Ω–∞–º —Å–ø–∞—Å–∞—Ç—å –∂–∏–∑–Ω—å –ª—é–¥–µ–π¬ª, ‚Äî —Å–∫–∞–∑–∞–ª –ó–µ–ª–µ–Ω—Å–∫–∏–π.

–Æ–Ω –°–æ–∫ –Å–ª—å –∏ –ø–µ—Ä–≤–∞—è –ª–µ–¥–∏ –Æ–∂–Ω–æ–π –ö–æ—Ä–µ–∏ –ö–∏–º –ö–æ–Ω –•–∏ –ø—Ä–∏–±—ã–ª–∏ –Ω–∞ –£–∫—Ä–∞–∏–Ω—É –¥–Ω–µ–º 15 –∏—é–ª—è, –∑–∞—Ä–∞–Ω–µ–µ –æ –≤–∏–∑–∏—Ç–µ –Ω–µ —Å–æ–æ–±—â–∞–ª–æ—Å—å. –ü—Ä–µ–∑–∏–¥–µ–Ω—Ç —Ä–µ—Å–ø—É–±–ª–∏–∫–∏ –ø–æ—Å–ª–µ –≤—Å—Ç—Ä–µ—á–∏ —Å –ó–µ–ª–µ–Ω—Å–∫–∏–º –æ–±—ä—è–≤–∏–ª, —á—Ç–æ –°–µ—É–ª –≤—ã–¥–µ–ª–∏—Ç –Ω–∞ –ø–æ–¥–¥–µ—Ä–∂–∫—É –ö–∏–µ–≤—É $150 –º–ª–Ω.
[ùîº‚ÑÇùïÜ‚ÑïùïÜùïÑùïÄùïÇùî∏](https://t.me/economika)",2023-07-16,Political
–≠–∫–æ–Ω–æ–º–∏–∫–∞,"–ü–æ–ª—å—Å–∫–∏–µ –≥–æ—Å—É–¥–∞—Ä—Å—Ç–≤–µ–Ω–Ω—ã–µ —ç–Ω–µ—Ä–≥–µ—Ç–∏—á–µ—Å–∫–∏–µ –∫–æ–º–ø–∞–Ω–∏–∏ Enea, PGE, Tauron –∏ Energa –ø–æ–ª—É—á–∏–ª–∏ –æ—Ç –≥–æ—Å—É–¥–∞—Ä—Å—Ç–≤–µ–Ω–Ω–æ–≥–æ –∫–∞–∑–Ω–∞—á–µ–π—Å—Ç–≤–∞ –ø—Ä–µ–¥–ª–æ–∂–µ–Ω–∏—è –æ –ø—Ä–∏–æ–±—Ä–µ—Ç–µ–Ω–∏–∏ —É–≥–æ–ª—å–Ω—ã—Ö –∞–∫—Ç–∏–≤–æ–≤ –¥–ª—è —Å–æ–∑–¥–∞–Ω–∏—è NABE ‚Äî National Energy Security Agency, –ê–≥–µ–Ω—Ç—Å—Ç–≤–∞ –Ω–∞—Ü–∏–æ–Ω–∞–ª—å–Ω–æ–π —ç–Ω–µ—Ä–≥–µ—Ç–∏—á–µ—Å–∫–æ–π –±–µ–∑–æ–ø–∞—Å–Ω–æ—Å—Ç–∏.

–°–æ–≥–ª–∞—Å–Ω–æ –¥–æ–∫—É–º–µ–Ω—Ç—É, PGE –ø—Ä–µ–¥–ª–æ–∂–∏–ª–∏ –ø—Ä–æ–¥–∞—Ç—å –∞–∫—Ü–∏–∏ –∑–∞ 849 –º–ª–Ω –∑–ª–æ—Ç—ã—Ö ($214 –º–ª–Ω), –∏—Å—Ö–æ–¥—è –∏–∑ —Å—Ç–æ–∏–º–æ—Å—Ç–∏ –ø—Ä–µ–¥–ø—Ä–∏—è—Ç–∏—è, –æ–ø—Ä–µ–¥–µ–ª–µ–Ω–Ω–æ–π –ø–æ —Å–æ—Å—Ç–æ—è–Ω–∏—é –Ω–∞ 30 —Å–µ–Ω—Ç—è–±—Ä—è 2022 –≥–æ–¥–∞. Enea –ø—Ä–µ–¥–ª–æ–∂–∏–ª–∏ –ø—Ä–æ–¥–∞—Ç—å –∞–∫—Ü–∏–∏ –∫–æ–º–ø–∞–Ω–∏–∏ Enea Wytwarzanie –∑–∞ 2,48 –º–ª—Ä–¥ –∑–ª–æ—Ç—ã—Ö ($625 –º–ª–Ω) –∏ –ø–æ–¥—Ä–∞–∑–¥–µ–ª–µ–Ω–∏—è Enea Elektrownia Po≈Çaniec ‚Äî –∑–∞ 632 –º–ª–Ω –∑–ª–æ—Ç—ã—Ö ($159,3 –º–ª–Ω), —Ç–∞–∫–∂–µ –∏—Å—Ö–æ–¥—è –∏–∑ —Å—Ç–æ–∏–º–æ—Å—Ç–∏ –∫–æ–º–ø–∞–Ω–∏–π –Ω–∞ 30 —Å–µ–Ω—Ç—è–±—Ä—è –ø—Ä–æ—à–ª–æ–≥–æ –≥–æ–¥–∞. –¶–µ–Ω–∞ –ø—Ä–æ–¥–∞–∂–∏ –∞–∫—Ü–∏–π Energa Elektrownie Ostro≈Çƒôka —Å–æ—Å—Ç–∞–≤–∏–ª–∞ 153 –º–ª–Ω –∑–ª–æ—Ç—ã—Ö ($38,5 –º–ª–Ω). 
[ùîº‚ÑÇùïÜ‚ÑïùïÜùïÑùïÄùïÇùî∏](https://t.me/economika)",2023-07-16,Economical
–≠–∫–æ–Ω–æ–º–∏–∫–∞,"Twitter –ø–æ-–ø—Ä–µ–∂–Ω–µ–º—É —è–≤–ª—è–µ—Ç—Å—è —É–±—ã—Ç–æ—á–Ω–æ–π –∫–æ–º–ø–∞–Ω–∏–µ–π –∏–∑-–∑–∞ –ø–∞–¥–µ–Ω–∏—è –¥–æ—Ö–æ–¥–æ–≤ –æ—Ç —Ä–µ–∫–ª–∞–º—ã –∏ –±–æ–ª—å—à–æ–π –¥–æ–ª–≥–æ–≤–æ–π –Ω–∞–≥—Ä—É–∑–∫–∏. –û–± —ç—Ç–æ–º –∑–∞—è–≤–∏–ª –≤–ª–∞–¥–µ–ª–µ—Ü —Å–æ—Ü—Å–µ—Ç–∏ –ò–ª–æ–Ω –ú–∞—Å–∫.

¬´–£ –Ω–∞—Å –ø–æ-–ø—Ä–µ–∂–Ω–µ–º—É –æ—Ç—Ä–∏—Ü–∞—Ç–µ–ª—å–Ω—ã–π –¥–µ–Ω–µ–∂–Ω—ã–π –ø–æ—Ç–æ–∫ –∏–∑-–∑–∞ –ø–∞–¥–µ–Ω–∏—è –¥–æ—Ö–æ–¥–æ–≤ –æ—Ç —Ä–µ–∫–ª–∞–º—ã –ø—Ä–∏–º–µ—Ä–Ω–æ –Ω–∞ 50% –∏ –±–æ–ª—å—à–æ–π –¥–æ–ª–≥–æ–≤–æ–π –Ω–∞–≥—Ä—É–∑–∫–∏. –ù—É–∂–Ω–æ –¥–æ—Å—Ç–∏—á—å –ø–æ–ª–æ–∂–∏—Ç–µ–ª—å–Ω–æ–≥–æ –¥–µ–Ω–µ–∂–Ω–æ–≥–æ –ø–æ—Ç–æ–∫–∞, –ø—Ä–µ–∂–¥–µ —á–µ–º –º—ã —Å–º–æ–∂–µ–º –ø–æ–∑–≤–æ–ª–∏—Ç—å —Å–µ–±–µ –∫–∞–∫—É—é-–ª–∏–±–æ —Ä–æ—Å–∫–æ—à—å¬ª, ‚Äî –Ω–∞–ø–∏—Å–∞–ª –≤ Twitter –ú–∞—Å–∫ –≤ –æ—Ç–≤–µ—Ç –Ω–∞ –ø—Ä–µ–¥–ª–æ–∂–µ–Ω–∏–µ –ø–æ–ª—å–∑–æ–≤–∞—Ç–µ–ª—è —Å–æ–∑–¥–∞—Ç—å –±–æ–ª–µ–µ –≤—ã–≥–æ–¥–Ω—ã–µ —É—Å–ª–æ–≤–∏—è –¥–ª—è —Å–æ–¥–µ—Ä–∂–∞–Ω–∏—è —Å–æ—Ü—Å–µ—Ç–∏.
[ùîº‚ÑÇùïÜ‚ÑïùïÜùïÑùïÄùïÇùî∏](https://t.me/economika)",2023-07-16,Other
–≠–∫–æ–Ω–æ–º–∏–∫–∞,"–ü–æ–≥–ª–æ—â–µ–Ω–∏–µ —Ñ–∞—Ä–º–∞–∫–æ–ª–æ–≥–∏—á–µ—Å–∫–æ–π –∫–æ–º–ø–∞–Ω–∏–µ–π Pfizer Inc. –±–∏–æ—Ç–µ—Ö–Ω–æ–ª–æ–≥–∏—á–µ—Å–∫–æ–π –æ—Ä–≥–∞–Ω–∏–∑–∞—Ü–∏–∏ Seagen Inc. –∑–∞ $43 –º–ª—Ä–¥ –±—É–¥–µ—Ç —Ä–∞—Å—Å–ª–µ–¥–æ–≤–∞–Ω–æ —Å–æ —Å—Ç–æ—Ä–æ–Ω—ã –æ—Ä–≥–∞–Ω–æ–≤ –ï–≤—Ä–æ—Å–æ—é–∑–∞ –ø–æ —Å–ª–∏—è–Ω–∏—è–º.

Seagen —Å–æ–æ–±—â–∏–ª–∞ –≤ –Ω–æ—Ä–º–∞—Ç–∏–≤–Ω–æ–π –¥–æ–∫—É–º–µ–Ω—Ç–∞—Ü–∏–∏, —á—Ç–æ –æ–±–µ —Ñ–∏—Ä–º—ã —É–≤–µ–¥–æ–º—è—Ç –æ —Å–¥–µ–ª–∫–µ –ï–≤—Ä–æ–ø–µ–π—Å–∫—É—é –∫–æ–º–∏—Å—Å–∏—é, –∞ –∏—Å–ø–æ–ª–Ω–∏—Ç–µ–ª—å–Ω—ã–π –æ—Ä–≥–∞–Ω –ï–° —Ä–∞—Å—Å–ª–µ–¥—É–µ—Ç –ø—Ä–µ–¥–ª–∞–≥–∞–µ–º–æ–µ —Å–ª–∏—è–Ω–∏–µ. –í –¥–æ–∫—É–º–µ–Ω—Ç–∞—Ö —É—Ç–≤–µ—Ä–∂–¥–∞–µ—Ç—Å—è, —á—Ç–æ –æ–¥–æ–±—Ä–µ–Ω–∏–µ –ï–≤—Ä–æ—Å–æ—é–∑–∞ —è–≤–ª—è–µ—Ç—Å—è —É—Å–ª–æ–≤–∏–µ–º –¥–ª—è –∑–∞–∫—Ä—ã—Ç–∏—è —Å–¥–µ–ª–∫–∏. –ü—Ä–∏ —ç—Ç–æ–º, –∫–∞–∫ —É—Ç–æ—á–Ω—è–µ—Ç Bloomberg, —à—Ç–∞–±—ã –æ–±–µ–∏—Ö –æ—Ä–≥–∞–Ω–∏–∑–∞—Ü–∏–π –Ω–∞—Ö–æ–¥—è—Ç—Å—è –≤ –°–®–ê, –≤ —Å–≤—è–∑–∏ —Å —á–µ–º –æ–Ω–∏ –∏–º–µ—é—Ç –ø—Ä–∞–≤–æ –≤ —Ä–∞–º–∫–∞—Ö –º–µ—Ö–∞–Ω–∏–∑–º–∞ –µ–¥–∏–Ω–æ–≥–æ –æ–∫–Ω–∞ –ø–æ—Ç—Ä–µ–±–æ–≤–∞—Ç—å, —á—Ç–æ–±—ã —Å–ª–∏—è–Ω–∏–µ –±—ã–ª–æ —Ä–∞—Å—Å–º–æ—Ç—Ä–µ–Ω–æ –ï–≤—Ä–æ–ø–µ–π—Å–∫–æ–π –∫–æ–º–∏—Å—Å–∏–µ–π, –∞ –Ω–µ –æ—Ç–¥–µ–ª—å–Ω—ã–º–∏ —Å—Ç—Ä–∞–Ω–∞–º–∏ –ï–°, –¥–ª—è –∫–æ—Ç–æ—Ä—ã—Ö –ø–æ–¥–æ–±–Ω—ã–µ —Å–¥–µ–ª–∫–∏ –∏–º–µ—é—Ç –∑–Ω–∞—á–µ–Ω–∏–µ. –£–≤–µ–¥–æ–º–ª–µ–Ω–∏–µ –æ —Ä–∞—Å—Å–ª–µ–¥–æ–≤–∞–Ω–∏–∏ –ø–æ—Å—Ç—É–ø–∏–ª–æ –≤ —Å–≤—è–∑–∏ —Å —Ç–µ–º, —á—Ç–æ –ï–° –ø—Ä–æ–¥–æ–ª–∂–∞–µ—Ç –≤–Ω–∏–º–∞—Ç–µ–ª—å–Ω–æ —Å–ª–µ–¥–∏—Ç—å –∑–∞ –∫—Ä—É–ø–Ω—ã–º–∏ —Å–¥–µ–ª–∫–∞–º–∏ –≤ –æ–±–ª–∞—Å—Ç–∏ –±–∏–æ—Ç–µ—Ö–Ω–æ–ª–æ–≥–∏–π.
[ùîº‚ÑÇùïÜ‚ÑïùïÜùïÑùïÄùïÇùî∏](https://t.me/economika)",2023-07-16,Economical
–≠–∫–æ–Ω–æ–º–∏–∫–∞,"–ö—É—Ä–∞—Ç–æ—Ä –∫–∏—Ç–∞–π—Å–∫–æ–π –¥–∏–ø–ª–æ–º–∞—Ç–∏–∏ –≤ –¶–ö –ö–æ–º–ø–∞—Ä—Ç–∏–∏ –í–∞–Ω –ò –ø—Ä–∏–∑–≤–∞–ª –ï–≤—Ä–æ—Å–æ—é–∑ —á–µ—Ç–∫–æ –æ–ø—Ä–µ–¥–µ–ª–∏—Ç—å—Å—è –ø–æ –ø–æ–≤–æ–¥—É –ø–∞—Ä—Ç–Ω–µ—Ä—Å—Ç–≤–∞ —Å –ö–∏—Ç–∞–µ–º. –û–± —ç—Ç–æ–º –æ–Ω –∑–∞—è–≤–∏–ª –≤–æ –≤—Ä–µ–º—è –≤—Å—Ç—Ä–µ—á–∏ —Å –≥–ª–∞–≤–æ–π –µ–≤—Ä–æ–ø–µ–π—Å–∫–æ–π –¥–∏–ø–ª–æ–º–∞—Ç–∏–∏ –ñ–æ–∑–µ–ø–æ–º –ë–æ—Ä—Ä–µ–ª–µ–º.

¬´–í –æ–±—â–∏—Ö –∏–Ω—Ç–µ—Ä–µ—Å–∞—Ö –æ–±–µ–∏—Ö —Å—Ç–æ—Ä–æ–Ω —É–∫—Ä–µ–ø–ª—è—Ç—å —Å–≤—è–∑–∏ –∏ –¥–æ–≤–µ—Ä–∏–µ, —É–≥–ª—É–±–ª—è—Ç—å —Å–æ—Ç—Ä—É–¥–Ω–∏—á–µ—Å—Ç–≤–æ –º–µ–∂–¥—É –ö–∏—Ç–∞–µ–º –∏ –ï–°. –ï–≤—Ä–æ—Å–æ—é–∑ –¥–æ–ª–∂–µ–Ω –¥–æ–ø–æ–ª–Ω–∏—Ç–µ–ª—å–Ω–æ –ø—Ä–æ—è—Å–Ω–∏—Ç—å –ø–æ–∑–∏—Ü–∏—é –æ—Ç–Ω–æ—Å–∏—Ç–µ–ª—å–Ω–æ —Å—Ç—Ä–∞—Ç–µ–≥–∏—á–µ—Å–∫–æ–≥–æ –ø–∞—Ä—Ç–Ω–µ—Ä—Å—Ç–≤–∞ –º–µ–∂–¥—É –¥–≤—É–º—è —Å—Ç–æ—Ä–æ–Ω–∞–º–∏ –∏ —Å–ø–æ—Å–æ–±—Å—Ç–≤–æ–≤–∞—Ç—å —Ä–∞–∑–≤–∏—Ç–∏—é –æ—Ç–Ω–æ—à–µ–Ω–∏–π –º–µ–∂–¥—É –ö–∏—Ç–∞–µ–º –∏ –ï–° –Ω–∞ —Å—É—â–µ—Å—Ç–≤—É—é—â–µ–π –æ—Å–Ω–æ–≤–µ¬ª, ‚Äî –≥–æ–≤–æ—Ä–∏—Ç—Å—è –Ω–∞ —Å–∞–π—Ç–µ –∫–∏—Ç–∞–π—Å–∫–æ–≥–æ –ú–ò–î–∞.
[ùîº‚ÑÇùïÜ‚ÑïùïÜùïÑùïÄùïÇùî∏](https://t.me/economika)",2023-07-16,Political
–≠–∫–æ–Ω–æ–º–∏–∫–∞,"–ü—Ä–µ–∑–∏–¥–µ–Ω—Ç –°–®–ê –î–∂–æ –ë–∞–π–¥–µ–Ω, –¥–æ–±–∏–≤–∞—é—â–∏–π—Å—è –ø–µ—Ä–µ–∏–∑–±—Ä–∞–Ω–∏—è, —Å–æ–±—Ä–∞–ª –≤–æ –≤—Ç–æ—Ä–æ–º –∫–≤–∞—Ä—Ç–∞–ª–µ –æ–∫–æ–ª–æ $72 –º–ª–Ω –ø–æ–∂–µ—Ä—Ç–≤–æ–≤–∞–Ω–∏–π –Ω–∞ –ø—Ä–æ–≤–µ–¥–µ–Ω–∏–µ –ø—Ä–µ–¥–≤—ã–±–æ—Ä–Ω–æ–π –∫–∞–º–ø–∞–Ω–∏–∏, —Å–æ–æ–±—â–∞–µ—Ç—Å—è —Å–æ —Å—Å—ã–ª–∫–æ–π –Ω–∞ –∑–∞—è–≤–ª–µ–Ω–∏–µ —à—Ç–∞–±–æ–≤ –∫–∞–Ω–¥–∏–¥–∞—Ç–æ–≤ –≤ –ø—Ä–µ–∑–∏–¥–µ–Ω—Ç—ã.

–¢–∞–∫, –ø–æ –æ–±—ä–µ–º—É —Å–æ–±—Ä–∞–Ω–Ω—ã—Ö —Å—Ä–µ–¥—Å—Ç–≤ –æ—Ç –¥–æ–Ω–æ—Ä–æ–≤ –ë–∞–π–¥–µ–Ω –æ–ø–µ—Ä–µ–¥–∏–ª –≤—Å–µ—Ö —Å–≤–æ–∏—Ö –∫–æ–Ω–∫—É—Ä–µ–Ω—Ç–æ–≤, –≤–∫–ª—é—á–∞—è —ç–∫—Å-–ø—Ä–µ–∑–∏–¥–µ–Ω—Ç–∞ –°–®–ê –î–æ–Ω–∞–ª—å–¥–∞ –¢—Ä–∞–º–ø–∞. –î–µ–π—Å—Ç–≤—É—é—â–µ–º—É –ø—Ä–µ–∑–∏–¥–µ–Ω—Ç—É –ø–æ–∂–µ—Ä—Ç–≤–æ–≤–∞–ª–∏ —Å—Ä–µ–¥—Å—Ç–≤–∞ –ø–æ—Ä—è–¥–∫–∞ 400 —Ç—ã—Å. –¥–æ–Ω–æ—Ä–æ–≤, –∫–æ—Ç–æ—Ä—ã–µ –ø—Ä–æ–≤–µ–ª–∏ 670 —Ç—ã—Å. –∑–∞—á–∏—Å–ª–µ–Ω–∏–π –≤ —Å—á–µ—Ç –µ–≥–æ –∫–∞–º–ø–∞–Ω–∏–∏.

–¢—Ä–∞–º–ø—É, –ø–æ –¥–∞–Ω–Ω—ã–º, —É–¥–∞–ª–æ—Å—å —Å–æ–±—Ä–∞—Ç—å –∑–∞ –≤—Ç–æ—Ä–æ–π –∫–≤–∞—Ä—Ç–∞–ª –æ–∫–æ–ª–æ $35 –º–ª–Ω, —á—Ç–æ –¥–µ–ª–∞–µ—Ç –µ–≥–æ –ª–∏–¥–µ—Ä–æ–º –≤ —Å—Ä–∞–≤–Ω–µ–Ω–∏–∏ —Å –æ—Å—Ç–∞–ª—å–Ω—ã–º —Ä–µ—Å–ø—É–±–ª–∏–∫–∞–Ω—Å–∫–∏–º–∏ –∫–∞–Ω–¥–∏–¥–∞—Ç–∞–º–∏.
[ùîº‚ÑÇùïÜ‚ÑïùïÜùïÑùïÄùïÇùî∏](https://t.me/economika)",2023-07-16,Political
